2026-07-30 00:00:20.903 | INFO | FUTU_US | [FUTU_US] 行情接口连接成功（含多周期K线+TICKER）
2026-07-30 00:00:20.914 | INFO | FUTU_US | [FUTU_US] 交易接口解锁提示: 请使用OpenD页面右上角解锁按钮解锁交易，GUI版本OpenD已屏蔽解锁接口
2026-07-30 00:00:20.918 | INFO | FUTU_US | [FUTU_US] 账户列表 (共 2 个):
2026-07-30 00:00:20.918 | INFO | FUTU_US |   acc_id=281756478840044880 env=REAL type=MARGIN sim_type=N/A status=ACTIVE
2026-07-30 00:00:20.918 | INFO | FUTU_US |   acc_id=20074546 env=SIMULATE type=MARGIN sim_type=STOCK_AND_OPTION status=ACTIVE
2026-07-30 00:00:20.919 | INFO | FUTU_US | [FUTU_US] ✅ 选中: 美股模拟(股票+期权) acc_id=20074546
2026-07-30 00:00:20.919 | INFO | FUTU_US | [FUTU_US] 交易接口连接成功 (最终 acc_id=20074546)
2026-07-30 00:00:20.919 | INFO | FUTU_US | [FUTU_US] 警告：main_engine 为 None，无法自注册
2026-07-30 00:00:20.950 | INFO | FUTU_US | [FUTU_US] ✅ Tick 落盘监听器已注册 (EVENT_TICK)
2026-07-30 00:00:20.955 | INFO | FUTU_HK | [FUTU_HK] 行情接口连接成功（含多周期K线+TICKER）
2026-07-30 00:00:20.965 | INFO | FUTU_HK | [FUTU_HK] 交易接口解锁提示: 请使用OpenD页面右上角解锁按钮解锁交易，GUI版本OpenD已屏蔽解锁接口
2026-07-30 00:00:20.970 | INFO | FUTU_HK | [FUTU_HK] 账户列表 (共 3 个):
2026-07-30 00:00:20.970 | INFO | FUTU_HK |   acc_id=281756478840044880 env=REAL type=MARGIN sim_type=N/A status=ACTIVE
2026-07-30 00:00:20.970 | INFO | FUTU_HK |   acc_id=19110066 env=SIMULATE type=CASH sim_type=STOCK status=ACTIVE
2026-07-30 00:00:20.970 | INFO | FUTU_HK |   acc_id=19110071 env=SIMULATE type=MARGIN sim_type=OPTION status=ACTIVE
2026-07-30 00:00:20.972 | INFO | FUTU_HK | [FUTU_HK] ⚠️ 降级现金模拟 acc_id=19110066
2026-07-30 00:00:20.972 | INFO | FUTU_HK | [FUTU_HK] 交易接口连接成功 (最终 acc_id=19110066)
2026-07-30 00:00:20.973 | INFO | FUTU_HK | [FUTU_HK] 警告：main_engine 为 None，无法自注册
2026-07-30 00:00:31.782 | INFO | FUTU_HK | [FUTU_HK] 合约查询完成: 21367 个
2026-07-30 00:00:31.791 | INFO | FUTU_HK | [FUTU_HK] 查询成交失败: 模拟交易不支持成交数据
2026-07-30 00:00:31.813 | INFO | FUTU_HK | [FUTU_HK] 调试 accinfo 字段: ['power', 'max_power_short', 'net_cash_power', 'total_assets', 'securities_assets', 'fund_assets', 'bond_assets', 'cash', 'market_val', 'long_mv', 'short_mv', 'pending_asset', 'interest_charged_amount', 'frozen_cash', 'avl_withdrawal_cash', 'max_withdrawal', 'currency', 'available_funds', 'unrealized_pl', 'realized_pl', 'risk_level', 'risk_status', 'initial_margin', 'margin_call_margin', 'maintenance_margin', 'hk_cash', 'hk_avl_withdrawal_cash', 'hkd_net_cash_power', 'hkd_assets', 'us_cash', 'us_avl_withdrawal_cash', 'usd_net_cash_power', 'usd_assets', 'cn_cash', 'cn_avl_withdrawal_cash', 'cnh_net_cash_power', 'cnh_assets', 'jp_cash', 'jp_avl_withdrawal_cash', 'jpy_net_cash_power', 'jpy_assets', 'sg_cash', 'sg_avl_withdrawal_cash', 'sgd_net_cash_power', 'sgd_assets', 'au_cash', 'au_avl_withdrawal_cash', 'aud_net_cash_power', 'aud_assets', 'ca_cash', 'ca_avl_withdrawal_cash', 'cad_net_cash_power', 'cad_assets', 'my_cash', 'my_avl_withdrawal_cash', 'myr_net_cash_power', 'myr_assets', 'is_pdt', 'pdt_seq', 'beginning_dtbp', 'remaining_dtbp', 'dt_call_amount', 'dt_status']
2026-07-30 00:00:31.814 | INFO | FUTU_HK | [FUTU_HK] 账户: 总资产=$823,936.69 现金=$635,296.69 证券=$188,640.00 冻结=$0.00 购买力=$635,296.69 (HKD)
2026-07-30 00:00:33.337 | INFO | FUTU_US | [FUTU_US] 合约查询完成: 20579 个
2026-07-30 00:00:33.346 | INFO | FUTU_US | [FUTU_US] 查询成交失败: 模拟交易不支持成交数据
2026-07-30 00:00:33.374 | INFO | FUTU_US | [FUTU_US] 调试 accinfo 字段: ['power', 'max_power_short', 'net_cash_power', 'total_assets', 'securities_assets', 'fund_assets', 'bond_assets', 'cash', 'market_val', 'long_mv', 'short_mv', 'pending_asset', 'interest_charged_amount', 'frozen_cash', 'avl_withdrawal_cash', 'max_withdrawal', 'currency', 'available_funds', 'unrealized_pl', 'realized_pl', 'risk_level', 'risk_status', 'initial_margin', 'margin_call_margin', 'maintenance_margin', 'hk_cash', 'hk_avl_withdrawal_cash', 'hkd_net_cash_power', 'hkd_assets', 'us_cash', 'us_avl_withdrawal_cash', 'usd_net_cash_power', 'usd_assets', 'cn_cash', 'cn_avl_withdrawal_cash', 'cnh_net_cash_power', 'cnh_assets', 'jp_cash', 'jp_avl_withdrawal_cash', 'jpy_net_cash_power', 'jpy_assets', 'sg_cash', 'sg_avl_withdrawal_cash', 'sgd_net_cash_power', 'sgd_assets', 'au_cash', 'au_avl_withdrawal_cash', 'aud_net_cash_power', 'aud_assets', 'ca_cash', 'ca_avl_withdrawal_cash', 'cad_net_cash_power', 'cad_assets', 'my_cash', 'my_avl_withdrawal_cash', 'myr_net_cash_power', 'myr_assets', 'is_pdt', 'pdt_seq', 'beginning_dtbp', 'remaining_dtbp', 'dt_call_amount', 'dt_status']
2026-07-30 00:00:33.374 | INFO | FUTU_US | [FUTU_US] 账户: 总资产=$9,999,895.91 现金=$9,996,058.01 证券=$3,837.90 冻结=$0.00 购买力=$19,995,953.92 (USD)
2026-07-30 00:00:34.014 | INFO | FUTU_HK | [FUTU_HK] 账户: 总资产=$823,936.69 现金=$635,296.69 证券=$188,640.00 冻结=$0.00 购买力=$635,296.69 (HKD)
2026-07-30 00:00:35.791 | INFO | FUTU_US | [FUTU_US] 账户: 总资产=$9,999,895.91 现金=$9,996,058.01 证券=$3,837.90 冻结=$0.00 购买力=$19,995,953.92 (USD)
2026-07-30 00:00:40.022 | INFO | FUTU_HK | [FUTU_HK] 账户: 总资产=$823,936.69 现金=$635,296.69 证券=$188,640.00 冻结=$0.00 购买力=$635,296.69 (HKD)
2026-07-30 00:00:41.791 | INFO | FUTU_US | [FUTU_US] 账户: 总资产=$9,999,895.91 现金=$9,996,058.01 证券=$3,837.90 冻结=$0.00 购买力=$19,995,953.92 (USD)
2026-07-30 00:00:46.022 | INFO | FUTU_HK | [FUTU_HK] 账户: 总资产=$823,936.69 现金=$635,296.69 证券=$188,640.00 冻结=$0.00 购买力=$635,296.69 (HKD)
2026-07-30 00:00:47.798 | INFO | FUTU_US | [FUTU_US] 账户: 总资产=$9,999,895.91 现金=$9,996,058.01 证券=$3,837.90 冻结=$0.00 购买力=$19,995,953.92 (USD)
2026-07-30 00:00:52.028 | INFO | FUTU_HK | [FUTU_HK] 账户: 总资产=$823,936.69 现金=$635,296.69 证券=$188,640.00 冻结=$0.00 购买力=$635,296.69 (HKD)
2026-07-30 00:00:53.794 | INFO | FUTU_US | [FUTU_US] 账户: 总资产=$9,999,895.91 现金=$9,996,058.01 证券=$3,837.90 冻结=$0.00 购买力=$19,995,953.92 (USD)
2026-07-30 00:00:58.026 | INFO | FUTU_HK | [FUTU_HK] 账户: 总资产=$823,936.69 现金=$635,296.69 证券=$188,640.00 冻结=$0.00 购买力=$635,296.69 (HKD)
2026-07-30 00:00:59.799 | INFO | FUTU_US | [FUTU_US] 账户: 总资产=$9,999,895.91 现金=$9,996,058.01 证券=$3,837.90 冻结=$0.00 购买力=$19,995,953.92 (USD)
2026-07-30 00:01:04.030 | INFO | FUTU_HK | [FUTU_HK] 账户: 总资产=$823,936.69 现金=$635,296.69 证券=$188,640.00 冻结=$0.00 购买力=$635,296.69 (HKD)
2026-07-30 00:01:05.806 | INFO | FUTU_US | [FUTU_US] 账户: 总资产=$9,999,895.91 现金=$9,996,058.01 证券=$3,837.90 冻结=$0.00 购买力=$19,995,953.92 (USD)
2026-07-30 00:01:10.036 | INFO | FUTU_HK | [FUTU_HK] 账户: 总资产=$823,936.69 现金=$635,296.69 证券=$188,640.00 冻结=$0.00 购买力=$635,296.69 (HKD)
2026-07-30 00:01:11.811 | INFO | FUTU_US | [FUTU_US] 账户: 总资产=$9,999,895.91 现金=$9,996,058.01 证券=$3,837.90 冻结=$0.00 购买力=$19,995,953.92 (USD)
2026-07-30 00:01:16.036 | INFO | FUTU_HK | [FUTU_HK] 账户: 总资产=$823,936.69 现金=$635,296.69 证券=$188,640.00 冻结=$0.00 购买力=$635,296.69 (HKD)
2026-07-30 00:01:17.812 | INFO | FUTU_US | [FUTU_US] 账户: 总资产=$9,999,895.91 现金=$9,996,058.01 证券=$3,837.90 冻结=$0.00 购买力=$19,995,953.92 (USD)
2026-07-30 00:01:22.039 | INFO | FUTU_HK | [FUTU_HK] 账户: 总资产=$823,936.69 现金=$635,296.69 证券=$188,640.00 冻结=$0.00 购买力=$635,296.69 (HKD)
2026-07-30 00:01:23.923 | INFO | FUTU_US | [FUTU_US] 账户: 总资产=$9,999,895.91 现金=$9,996,058.01 证券=$3,837.90 冻结=$0.00 购买力=$19,995,953.92 (USD)
2026-07-30 00:01:28.079 | INFO | FUTU_HK | [FUTU_HK] 账户: 总资产=$823,936.69 现金=$635,296.69 证券=$188,640.00 冻结=$0.00 购买力=$635,296.69 (HKD)
2026-07-30 00:01:29.964 | INFO | FUTU_US | [FUTU_US] 账户: 总资产=$9,999,895.91 现金=$9,996,058.01 证券=$3,837.90 冻结=$0.00 购买力=$19,995,953.92 (USD)
2026-07-30 00:01:34.074 | INFO | FUTU_HK | [FUTU_HK] 账户: 总资产=$823,936.69 现金=$635,296.69 证券=$188,640.00 冻结=$0.00 购买力=$635,296.69 (HKD)
2026-07-30 00:01:35.965 | INFO | FUTU_US | [FUTU_US] 账户: 总资产=$9,999,895.91 现金=$9,996,058.01 证券=$3,837.90 冻结=$0.00 购买力=$19,995,953.92 (USD)
2026-07-30 00:01:40.080 | INFO | FUTU_HK | [FUTU_HK] 账户: 总资产=$823,936.69 现金=$635,296.69 证券=$188,640.00 冻结=$0.00 购买力=$635,296.69 (HKD)
2026-07-30 00:01:41.971 | INFO | FUTU_US | [FUTU_US] 账户: 总资产=$9,999,895.91 现金=$9,996,058.01 证券=$3,837.90 冻结=$0.00 购买力=$19,995,953.92 (USD)
2026-07-30 00:01:46.090 | INFO | FUTU_HK | [FUTU_HK] 账户: 总资产=$823,936.69 现金=$635,296.69 证券=$188,640.00 冻结=$0.00 购买力=$635,296.69 (HKD)
2026-07-30 00:01:47.972 | INFO | FUTU_US | [FUTU_US] 账户: 总资产=$9,999,895.91 现金=$9,996,058.01 证券=$3,837.90 冻结=$0.00 购买力=$19,995,953.92 (USD)
2026-07-30 00:01:52.084 | INFO | FUTU_HK | [FUTU_HK] 账户: 总资产=$823,936.69 现金=$635,296.69 证券=$188,640.00 冻结=$0.00 购买力=$635,296.69 (HKD)
2026-07-30 00:01:53.972 | INFO | FUTU_US | [FUTU_US] 账户: 总资产=$9,999,895.91 现金=$9,996,058.01 证券=$3,837.90 冻结=$0.00 购买力=$19,995,953.92 (USD)
2026-07-30 00:01:58.091 | INFO | FUTU_HK | [FUTU_HK] 账户: 总资产=$823,936.69 现金=$635,296.69 证券=$188,640.00 冻结=$0.00 购买力=$635,296.69 (HKD)
2026-07-30 00:01:59.978 | INFO | FUTU_US | [FUTU_US] 账户: 总资产=$9,999,895.91 现金=$9,996,058.01 证券=$3,837.90 冻结=$0.00 购买力=$19,995,953.92 (USD)
2026-07-30 00:02:04.099 | INFO | FUTU_HK | [FUTU_HK] 账户: 总资产=$823,936.69 现金=$635,296.69 证券=$188,640.00 冻结=$0.00 购买力=$635,296.69 (HKD)
2026-07-30 00:02:05.984 | INFO | FUTU_US | [FUTU_US] 账户: 总资产=$9,999,889.41 现金=$9,996,058.01 证券=$3,831.40 冻结=$0.00 购买力=$19,995,947.42 (USD)
2026-07-30 00:02:10.105 | INFO | FUTU_HK | [FUTU_HK] 账户: 总资产=$823,936.69 现金=$635,296.69 证券=$188,640.00 冻结=$0.00 购买力=$635,296.69 (HKD)
2026-07-30 00:02:11.984 | INFO | FUTU_US | [FUTU_US] 账户: 总资产=$9,999,888.61 现金=$9,996,058.01 证券=$3,830.60 冻结=$0.00 购买力=$19,995,946.62 (USD)
2026-07-30 00:02:16.099 | INFO | FUTU_HK | [FUTU_HK] 账户: 总资产=$823,936.69 现金=$635,296.69 证券=$188,640.00 冻结=$0.00 购买力=$635,296.69 (HKD)
2026-07-30 00:02:17.983 | INFO | FUTU_US | [FUTU_US] 账户: 总资产=$9,999,888.61 现金=$9,996,058.01 证券=$3,830.60 冻结=$0.00 购买力=$19,995,946.62 (USD)
2026-07-30 00:02:22.175 | INFO | FUTU_HK | [FUTU_HK] 账户: 总资产=$823,936.69 现金=$635,296.69 证券=$188,640.00 冻结=$0.00 购买力=$635,296.69 (HKD)
2026-07-30 00:02:23.988 | INFO | FUTU_US | [FUTU_US] 账户: 总资产=$9,999,888.61 现金=$9,996,058.01 证券=$3,830.60 冻结=$0.00 购买力=$19,995,946.62 (USD)
2026-07-30 00:02:28.178 | INFO | FUTU_HK | [FUTU_HK] 账户: 总资产=$823,936.69 现金=$635,296.69 证券=$188,640.00 冻结=$0.00 购买力=$635,296.69 (HKD)
2026-07-30 00:02:29.991 | INFO | FUTU_US | [FUTU_US] 账户: 总资产=$9,999,888.61 现金=$9,996,058.01 证券=$3,830.60 冻结=$0.00 购买力=$19,995,946.62 (USD)
2026-07-30 00:02:34.175 | INFO | FUTU_HK | [FUTU_HK] 账户: 总资产=$823,936.69 现金=$635,296.69 证券=$188,640.00 冻结=$0.00 购买力=$635,296.69 (HKD)
2026-07-30 00:02:35.996 | INFO | FUTU_US | [FUTU_US] 账户: 总资产=$9,999,888.61 现金=$9,996,058.01 证券=$3,830.60 冻结=$0.00 购买力=$19,995,946.62 (USD)
2026-07-30 00:02:40.188 | INFO | FUTU_HK | [FUTU_HK] 账户: 总资产=$823,936.69 现金=$635,296.69 证券=$188,640.00 冻结=$0.00 购买力=$635,296.69 (HKD)
2026-07-30 00:02:41.998 | INFO | FUTU_US | [FUTU_US] 账户: 总资产=$9,999,886.07 现金=$9,996,058.01 证券=$3,828.06 冻结=$0.00 购买力=$19,995,944.08 (USD)
2026-07-30 00:02:46.185 | INFO | FUTU_HK | [FUTU_HK] 账户: 总资产=$823,936.69 现金=$635,296.69 证券=$188,640.00 冻结=$0.00 购买力=$635,296.69 (HKD)
2026-07-30 00:02:48.002 | INFO | FUTU_US | [FUTU_US] 账户: 总资产=$9,999,886.07 现金=$9,996,058.01 证券=$3,828.06 冻结=$0.00 购买力=$19,995,944.08 (USD)
2026-07-30 00:02:52.188 | INFO | FUTU_HK | [FUTU_HK] 账户: 总资产=$823,936.69 现金=$635,296.69 证券=$188,640.00 冻结=$0.00 购买力=$635,296.69 (HKD)
2026-07-30 00:02:53.996 | INFO | FUTU_US | [FUTU_US] 账户: 总资产=$9,999,886.07 现金=$9,996,058.01 证券=$3,828.06 冻结=$0.00 购买力=$19,995,944.08 (USD)
2026-07-30 00:02:58.191 | INFO | FUTU_HK | [FUTU_HK] 账户: 总资产=$823,936.69 现金=$635,296.69 证券=$188,640.00 冻结=$0.00 购买力=$635,296.69 (HKD)
2026-07-30 00:03:00.006 | INFO | FUTU_US | [FUTU_US] 账户: 总资产=$9,999,886.07 现金=$9,996,058.01 证券=$3,828.06 冻结=$0.00 购买力=$19,995,944.08 (USD)
2026-07-30 00:03:04.196 | INFO | FUTU_HK | [FUTU_HK] 账户: 总资产=$823,936.69 现金=$635,296.69 证券=$188,640.00 冻结=$0.00 购买力=$635,296.69 (HKD)
2026-07-30 00:03:06.007 | INFO | FUTU_US | [FUTU_US] 账户: 总资产=$9,999,886.07 现金=$9,996,058.01 证券=$3,828.06 冻结=$0.00 购买力=$19,995,944.08 (USD)
2026-07-30 00:03:10.200 | INFO | FUTU_HK | [FUTU_HK] 账户: 总资产=$823,936.69 现金=$635,296.69 证券=$188,640.00 冻结=$0.00 购买力=$635,296.69 (HKD)
2026-07-30 00:03:12.011 | INFO | FUTU_US | [FUTU_US] 账户: 总资产=$9,999,886.07 现金=$9,996,058.01 证券=$3,828.06 冻结=$0.00 购买力=$19,995,944.08 (USD)
2026-07-30 00:03:16.202 | INFO | FUTU_HK | [FUTU_HK] 账户: 总资产=$823,936.69 现金=$635,296.69 证券=$188,640.00 冻结=$0.00 购买力=$635,296.69 (HKD)
2026-07-30 00:03:18.015 | INFO | FUTU_US | [FUTU_US] 账户: 总资产=$9,999,886.07 现金=$9,996,058.01 证券=$3,828.06 冻结=$0.00 购买力=$19,995,944.08 (USD)
2026-07-30 00:03:22.205 | INFO | FUTU_HK | [FUTU_HK] 账户: 总资产=$823,936.69 现金=$635,296.69 证券=$188,640.00 冻结=$0.00 购买力=$635,296.69 (HKD)
2026-07-30 00:03:24.010 | INFO | FUTU_US | [FUTU_US] 账户: 总资产=$9,999,886.07 现金=$9,996,058.01 证券=$3,828.06 冻结=$0.00 购买力=$19,995,944.08 (USD)
2026-07-30 00:03:28.208 | INFO | FUTU_HK | [FUTU_HK] 账户: 总资产=$823,936.69 现金=$635,296.69 证券=$188,640.00 冻结=$0.00 购买力=$635,296.69 (HKD)
2026-07-30 00:03:30.019 | INFO | FUTU_US | [FUTU_US] 账户: 总资产=$9,999,886.07 现金=$9,996,058.01 证券=$3,828.06 冻结=$0.00 购买力=$19,995,944.08 (USD)
2026-07-30 00:03:34.216 | INFO | FUTU_HK | [FUTU_HK] 账户: 总资产=$823,936.69 现金=$635,296.69 证券=$188,640.00 冻结=$0.00 购买力=$635,296.69 (HKD)
2026-07-30 00:03:36.023 | INFO | FUTU_US | [FUTU_US] 账户: 总资产=$9,999,886.07 现金=$9,996,058.01 证券=$3,828.06 冻结=$0.00 购买力=$19,995,944.08 (USD)
2026-07-30 00:03:40.213 | INFO | FUTU_HK | [FUTU_HK] 账户: 总资产=$823,936.69 现金=$635,296.69 证券=$188,640.00 冻结=$0.00 购买力=$635,296.69 (HKD)
2026-07-30 00:03:42.029 | INFO | FUTU_US | [FUTU_US] 账户: 总资产=$9,999,886.07 现金=$9,996,058.01 证券=$3,828.06 冻结=$0.00 购买力=$19,995,944.08 (USD)
2026-07-30 00:03:55.564 | INFO | FUTU_US | [FUTU_US] 行情接口连接成功（含多周期K线+TICKER）
2026-07-30 00:03:55.577 | INFO | FUTU_US | [FUTU_US] 交易接口解锁提示: 请使用OpenD页面右上角解锁按钮解锁交易，GUI版本OpenD已屏蔽解锁接口
2026-07-30 00:03:55.582 | INFO | FUTU_US | [FUTU_US] 账户列表 (共 2 个):
2026-07-30 00:03:55.582 | INFO | FUTU_US |   acc_id=281756478840044880 env=REAL type=MARGIN sim_type=N/A status=ACTIVE
2026-07-30 00:03:55.583 | INFO | FUTU_US |   acc_id=20074546 env=SIMULATE type=MARGIN sim_type=STOCK_AND_OPTION status=ACTIVE
2026-07-30 00:03:55.583 | INFO | FUTU_US | [FUTU_US] ✅ 选中: 美股模拟(股票+期权) acc_id=20074546
2026-07-30 00:03:55.583 | INFO | FUTU_US | [FUTU_US] 交易接口连接成功 (最终 acc_id=20074546)
2026-07-30 00:03:55.583 | INFO | FUTU_US | [FUTU_US] 警告：main_engine 为 None，无法自注册
2026-07-30 00:03:55.604 | INFO | FUTU_US | [FUTU_US] ✅ Tick 落盘监听器已注册 (EVENT_TICK)
2026-07-30 00:03:55.608 | INFO | FUTU_HK | [FUTU_HK] 行情接口连接成功（含多周期K线+TICKER）
2026-07-30 00:03:55.622 | INFO | FUTU_HK | [FUTU_HK] 交易接口解锁提示: 请使用OpenD页面右上角解锁按钮解锁交易，GUI版本OpenD已屏蔽解锁接口
2026-07-30 00:03:55.626 | INFO | FUTU_HK | [FUTU_HK] 账户列表 (共 3 个):
2026-07-30 00:03:55.626 | INFO | FUTU_HK |   acc_id=281756478840044880 env=REAL type=MARGIN sim_type=N/A status=ACTIVE
2026-07-30 00:03:55.627 | INFO | FUTU_HK |   acc_id=19110066 env=SIMULATE type=CASH sim_type=STOCK status=ACTIVE
2026-07-30 00:03:55.627 | INFO | FUTU_HK |   acc_id=19110071 env=SIMULATE type=MARGIN sim_type=OPTION status=ACTIVE
2026-07-30 00:03:55.627 | INFO | FUTU_HK | [FUTU_HK] ⚠️ 降级现金模拟 acc_id=19110066
2026-07-30 00:03:55.628 | INFO | FUTU_HK | [FUTU_HK] 交易接口连接成功 (最终 acc_id=19110066)
2026-07-30 00:03:55.629 | INFO | FUTU_HK | [FUTU_HK] 警告：main_engine 为 None，无法自注册
2026-07-30 00:03:56.321 | INFO | CtaStrategy | CTA策略引擎初始化成功
2026-07-30 00:03:56.419 | INFO | CtaStrategy | CTA策略引擎初始化成功
2026-07-30 00:04:06.711 | INFO | FUTU_HK | [FUTU_HK] 合约查询完成: 21367 个
2026-07-30 00:04:06.717 | INFO | FUTU_HK | [FUTU_HK] 查询成交失败: 模拟交易不支持成交数据
2026-07-30 00:04:06.740 | INFO | FUTU_HK | [FUTU_HK] 调试 accinfo 字段: ['power', 'max_power_short', 'net_cash_power', 'total_assets', 'securities_assets', 'fund_assets', 'bond_assets', 'cash', 'market_val', 'long_mv', 'short_mv', 'pending_asset', 'interest_charged_amount', 'frozen_cash', 'avl_withdrawal_cash', 'max_withdrawal', 'currency', 'available_funds', 'unrealized_pl', 'realized_pl', 'risk_level', 'risk_status', 'initial_margin', 'margin_call_margin', 'maintenance_margin', 'hk_cash', 'hk_avl_withdrawal_cash', 'hkd_net_cash_power', 'hkd_assets', 'us_cash', 'us_avl_withdrawal_cash', 'usd_net_cash_power', 'usd_assets', 'cn_cash', 'cn_avl_withdrawal_cash', 'cnh_net_cash_power', 'cnh_assets', 'jp_cash', 'jp_avl_withdrawal_cash', 'jpy_net_cash_power', 'jpy_assets', 'sg_cash', 'sg_avl_withdrawal_cash', 'sgd_net_cash_power', 'sgd_assets', 'au_cash', 'au_avl_withdrawal_cash', 'aud_net_cash_power', 'aud_assets', 'ca_cash', 'ca_avl_withdrawal_cash', 'cad_net_cash_power', 'cad_assets', 'my_cash', 'my_avl_withdrawal_cash', 'myr_net_cash_power', 'myr_assets', 'is_pdt', 'pdt_seq', 'beginning_dtbp', 'remaining_dtbp', 'dt_call_amount', 'dt_status']
2026-07-30 00:04:06.740 | INFO | FUTU_HK | [FUTU_HK] 账户: 总资产=$823,936.69 现金=$635,296.69 证券=$188,640.00 冻结=$0.00 购买力=$635,296.69 (HKD)
2026-07-30 00:04:08.274 | INFO | FUTU_US | [FUTU_US] 合约查询完成: 20579 个
2026-07-30 00:04:09.654 | INFO | FUTU_HK | [FUTU_HK] 账户: 总资产=$823,936.69 现金=$635,296.69 证券=$188,640.00 冻结=$0.00 购买力=$635,296.69 (HKD)
2026-07-30 00:04:15.654 | INFO | FUTU_HK | [FUTU_HK] 账户: 总资产=$823,936.69 现金=$635,296.69 证券=$188,640.00 冻结=$0.00 购买力=$635,296.69 (HKD)
2026-07-30 00:04:21.657 | INFO | FUTU_HK | [FUTU_HK] 账户: 总资产=$823,936.69 现金=$635,296.69 证券=$188,640.00 冻结=$0.00 购买力=$635,296.69 (HKD)
2026-07-30 00:04:27.661 | INFO | FUTU_HK | [FUTU_HK] 账户: 总资产=$823,936.69 现金=$635,296.69 证券=$188,640.00 冻结=$0.00 购买力=$635,296.69 (HKD)
2026-07-30 00:04:33.663 | INFO | FUTU_HK | [FUTU_HK] 账户: 总资产=$823,936.69 现金=$635,296.69 证券=$188,640.00 冻结=$0.00 购买力=$635,296.69 (HKD)
2026-07-30 00:04:39.668 | INFO | FUTU_HK | [FUTU_HK] 账户: 总资产=$823,936.69 现金=$635,296.69 证券=$188,640.00 冻结=$0.00 购买力=$635,296.69 (HKD)
2026-07-30 00:04:45.673 | INFO | FUTU_HK | [FUTU_HK] 账户: 总资产=$823,936.69 现金=$635,296.69 证券=$188,640.00 冻结=$0.00 购买力=$635,296.69 (HKD)
2026-07-30 00:05:00.654 | INFO | FUTU_US | [FUTU_US] 行情接口连接成功（含多周期K线+TICKER）
2026-07-30 00:05:00.667 | INFO | FUTU_US | [FUTU_US] 交易接口解锁提示: 请使用OpenD页面右上角解锁按钮解锁交易，GUI版本OpenD已屏蔽解锁接口
2026-07-30 00:05:00.671 | INFO | FUTU_US | [FUTU_US] 账户列表 (共 2 个):
2026-07-30 00:05:00.672 | INFO | FUTU_US |   acc_id=281756478840044880 env=REAL type=MARGIN sim_type=N/A status=ACTIVE
2026-07-30 00:05:00.672 | INFO | FUTU_US |   acc_id=20074546 env=SIMULATE type=MARGIN sim_type=STOCK_AND_OPTION status=ACTIVE
2026-07-30 00:05:00.672 | INFO | FUTU_US | [FUTU_US] ✅ 选中: 美股模拟(股票+期权) acc_id=20074546
2026-07-30 00:05:00.672 | INFO | FUTU_US | [FUTU_US] 交易接口连接成功 (最终 acc_id=20074546)
2026-07-30 00:05:00.672 | INFO | FUTU_US | [FUTU_US] 警告：main_engine 为 None，无法自注册
2026-07-30 00:05:00.703 | INFO | FUTU_US | [FUTU_US] ✅ Tick 落盘监听器已注册 (EVENT_TICK)
2026-07-30 00:05:00.708 | INFO | FUTU_HK | [FUTU_HK] 行情接口连接成功（含多周期K线+TICKER）
2026-07-30 00:05:00.720 | INFO | FUTU_HK | [FUTU_HK] 交易接口解锁提示: 请使用OpenD页面右上角解锁按钮解锁交易，GUI版本OpenD已屏蔽解锁接口
2026-07-30 00:05:00.725 | INFO | FUTU_HK | [FUTU_HK] 账户列表 (共 3 个):
2026-07-30 00:05:00.726 | INFO | FUTU_HK |   acc_id=281756478840044880 env=REAL type=MARGIN sim_type=N/A status=ACTIVE
2026-07-30 00:05:00.726 | INFO | FUTU_HK |   acc_id=19110066 env=SIMULATE type=CASH sim_type=STOCK status=ACTIVE
2026-07-30 00:05:00.727 | INFO | FUTU_HK |   acc_id=19110071 env=SIMULATE type=MARGIN sim_type=OPTION status=ACTIVE
2026-07-30 00:05:00.727 | INFO | FUTU_HK | [FUTU_HK] ⚠️ 降级现金模拟 acc_id=19110066
2026-07-30 00:05:00.728 | INFO | FUTU_HK | [FUTU_HK] 交易接口连接成功 (最终 acc_id=19110066)
2026-07-30 00:05:00.729 | INFO | FUTU_HK | [FUTU_HK] 警告：main_engine 为 None，无法自注册
2026-07-30 00:05:01.389 | INFO | CtaStrategy | CTA策略引擎初始化成功
2026-07-30 00:05:01.484 | INFO | CtaStrategy | CTA策略引擎初始化成功
2026-07-30 00:05:11.426 | INFO | FUTU_HK | [FUTU_HK] 合约查询完成: 21367 个
2026-07-30 00:05:11.430 | INFO | FUTU_HK | [FUTU_HK] 查询成交失败: 模拟交易不支持成交数据
2026-07-30 00:05:11.452 | INFO | FUTU_HK | [FUTU_HK] 调试 accinfo 字段: ['power', 'max_power_short', 'net_cash_power', 'total_assets', 'securities_assets', 'fund_assets', 'bond_assets', 'cash', 'market_val', 'long_mv', 'short_mv', 'pending_asset', 'interest_charged_amount', 'frozen_cash', 'avl_withdrawal_cash', 'max_withdrawal', 'currency', 'available_funds', 'unrealized_pl', 'realized_pl', 'risk_level', 'risk_status', 'initial_margin', 'margin_call_margin', 'maintenance_margin', 'hk_cash', 'hk_avl_withdrawal_cash', 'hkd_net_cash_power', 'hkd_assets', 'us_cash', 'us_avl_withdrawal_cash', 'usd_net_cash_power', 'usd_assets', 'cn_cash', 'cn_avl_withdrawal_cash', 'cnh_net_cash_power', 'cnh_assets', 'jp_cash', 'jp_avl_withdrawal_cash', 'jpy_net_cash_power', 'jpy_assets', 'sg_cash', 'sg_avl_withdrawal_cash', 'sgd_net_cash_power', 'sgd_assets', 'au_cash', 'au_avl_withdrawal_cash', 'aud_net_cash_power', 'aud_assets', 'ca_cash', 'ca_avl_withdrawal_cash', 'cad_net_cash_power', 'cad_assets', 'my_cash', 'my_avl_withdrawal_cash', 'myr_net_cash_power', 'myr_assets', 'is_pdt', 'pdt_seq', 'beginning_dtbp', 'remaining_dtbp', 'dt_call_amount', 'dt_status']
2026-07-30 00:05:11.453 | INFO | FUTU_HK | [FUTU_HK] 账户: 总资产=$823,936.69 现金=$635,296.69 证券=$188,640.00 冻结=$0.00 购买力=$635,296.69 (HKD)
2026-07-30 00:05:12.863 | INFO | FUTU_US | [FUTU_US] 合约查询完成: 20579 个
2026-07-30 00:05:13.781 | INFO | FUTU_HK | [FUTU_HK] 账户: 总资产=$823,936.69 现金=$635,296.69 证券=$188,640.00 冻结=$0.00 购买力=$635,296.69 (HKD)
2026-07-30 00:05:19.784 | INFO | FUTU_HK | [FUTU_HK] 账户: 总资产=$823,936.69 现金=$635,296.69 证券=$188,640.00 冻结=$0.00 购买力=$635,296.69 (HKD)
2026-07-30 00:05:25.787 | INFO | FUTU_HK | [FUTU_HK] 账户: 总资产=$823,936.69 现金=$635,296.69 证券=$188,640.00 冻结=$0.00 购买力=$635,296.69 (HKD)
2026-07-30 00:05:31.789 | INFO | FUTU_HK | [FUTU_HK] 账户: 总资产=$823,936.69 现金=$635,296.69 证券=$188,640.00 冻结=$0.00 购买力=$635,296.69 (HKD)
2026-07-30 00:05:37.802 | INFO | FUTU_HK | [FUTU_HK] 账户: 总资产=$823,936.69 现金=$635,296.69 证券=$188,640.00 冻结=$0.00 购买力=$635,296.69 (HKD)
2026-07-30 00:05:43.803 | INFO | FUTU_HK | [FUTU_HK] 账户: 总资产=$823,936.69 现金=$635,296.69 证券=$188,640.00 冻结=$0.00 购买力=$635,296.69 (HKD)
2026-07-30 00:05:49.804 | INFO | FUTU_HK | [FUTU_HK] 账户: 总资产=$823,936.69 现金=$635,296.69 证券=$188,640.00 冻结=$0.00 购买力=$635,296.69 (HKD)
2026-07-30 00:05:55.807 | INFO | FUTU_HK | [FUTU_HK] 账户: 总资产=$823,936.69 现金=$635,296.69 证券=$188,640.00 冻结=$0.00 购买力=$635,296.69 (HKD)
2026-07-30 00:06:01.812 | INFO | FUTU_HK | [FUTU_HK] 账户: 总资产=$823,936.69 现金=$635,296.69 证券=$188,640.00 冻结=$0.00 购买力=$635,296.69 (HKD)
2026-07-30 00:06:07.824 | INFO | FUTU_HK | [FUTU_HK] 账户: 总资产=$823,936.69 现金=$635,296.69 证券=$188,640.00 冻结=$0.00 购买力=$635,296.69 (HKD)
2026-07-30 00:06:13.834 | INFO | FUTU_HK | [FUTU_HK] 账户: 总资产=$823,936.69 现金=$635,296.69 证券=$188,640.00 冻结=$0.00 购买力=$635,296.69 (HKD)
2026-07-30 00:06:19.829 | INFO | FUTU_HK | [FUTU_HK] 账户: 总资产=$823,936.69 现金=$635,296.69 证券=$188,640.00 冻结=$0.00 购买力=$635,296.69 (HKD)
2026-07-30 00:06:25.831 | INFO | FUTU_HK | [FUTU_HK] 账户: 总资产=$823,936.69 现金=$635,296.69 证券=$188,640.00 冻结=$0.00 购买力=$635,296.69 (HKD)
2026-07-30 00:06:31.831 | INFO | FUTU_HK | [FUTU_HK] 账户: 总资产=$823,936.69 现金=$635,296.69 证券=$188,640.00 冻结=$0.00 购买力=$635,296.69 (HKD)
2026-07-30 00:06:37.835 | INFO | FUTU_HK | [FUTU_HK] 账户: 总资产=$823,936.69 现金=$635,296.69 证券=$188,640.00 冻结=$0.00 购买力=$635,296.69 (HKD)
2026-07-30 00:06:43.846 | INFO | FUTU_HK | [FUTU_HK] 账户: 总资产=$823,936.69 现金=$635,296.69 证券=$188,640.00 冻结=$0.00 购买力=$635,296.69 (HKD)
2026-07-30 00:06:49.989 | INFO | FUTU_HK | [FUTU_HK] 账户: 总资产=$823,936.69 现金=$635,296.69 证券=$188,640.00 冻结=$0.00 购买力=$635,296.69 (HKD)
2026-07-30 00:06:55.995 | INFO | FUTU_HK | [FUTU_HK] 账户: 总资产=$823,936.69 现金=$635,296.69 证券=$188,640.00 冻结=$0.00 购买力=$635,296.69 (HKD)
2026-07-30 00:07:01.996 | INFO | FUTU_HK | [FUTU_HK] 账户: 总资产=$823,936.69 现金=$635,296.69 证券=$188,640.00 冻结=$0.00 购买力=$635,296.69 (HKD)
2026-07-30 00:07:08.001 | INFO | FUTU_HK | [FUTU_HK] 账户: 总资产=$823,936.69 现金=$635,296.69 证券=$188,640.00 冻结=$0.00 购买力=$635,296.69 (HKD)
2026-07-30 00:07:14.004 | INFO | FUTU_HK | [FUTU_HK] 账户: 总资产=$823,936.69 现金=$635,296.69 证券=$188,640.00 冻结=$0.00 购买力=$635,296.69 (HKD)
2026-07-30 00:07:20.008 | INFO | FUTU_HK | [FUTU_HK] 账户: 总资产=$823,936.69 现金=$635,296.69 证券=$188,640.00 冻结=$0.00 购买力=$635,296.69 (HKD)
2026-07-30 00:07:26.010 | INFO | FUTU_HK | [FUTU_HK] 账户: 总资产=$823,936.69 现金=$635,296.69 证券=$188,640.00 冻结=$0.00 购买力=$635,296.69 (HKD)
2026-07-30 00:07:32.011 | INFO | FUTU_HK | [FUTU_HK] 账户: 总资产=$823,936.69 现金=$635,296.69 证券=$188,640.00 冻结=$0.00 购买力=$635,296.69 (HKD)
2026-07-30 00:07:38.014 | INFO | FUTU_HK | [FUTU_HK] 账户: 总资产=$823,936.69 现金=$635,296.69 证券=$188,640.00 冻结=$0.00 购买力=$635,296.69 (HKD)
2026-07-30 00:07:44.016 | INFO | FUTU_HK | [FUTU_HK] 账户: 总资产=$823,936.69 现金=$635,296.69 证券=$188,640.00 冻结=$0.00 购买力=$635,296.69 (HKD)
2026-07-30 00:07:50.017 | INFO | FUTU_HK | [FUTU_HK] 账户: 总资产=$823,936.69 现金=$635,296.69 证券=$188,640.00 冻结=$0.00 购买力=$635,296.69 (HKD)
2026-07-30 00:07:56.026 | INFO | FUTU_HK | [FUTU_HK] 账户: 总资产=$823,936.69 现金=$635,296.69 证券=$188,640.00 冻结=$0.00 购买力=$635,296.69 (HKD)
2026-07-30 00:08:02.022 | INFO | FUTU_HK | [FUTU_HK] 账户: 总资产=$823,936.69 现金=$635,296.69 证券=$188,640.00 冻结=$0.00 购买力=$635,296.69 (HKD)
2026-07-30 00:08:08.025 | INFO | FUTU_HK | [FUTU_HK] 账户: 总资产=$823,936.69 现金=$635,296.69 证券=$188,640.00 冻结=$0.00 购买力=$635,296.69 (HKD)
2026-07-30 00:08:14.031 | INFO | FUTU_HK | [FUTU_HK] 账户: 总资产=$823,936.69 现金=$635,296.69 证券=$188,640.00 冻结=$0.00 购买力=$635,296.69 (HKD)
2026-07-30 00:08:20.035 | INFO | FUTU_HK | [FUTU_HK] 账户: 总资产=$823,936.69 现金=$635,296.69 证券=$188,640.00 冻结=$0.00 购买力=$635,296.69 (HKD)
2026-07-30 00:08:26.038 | INFO | FUTU_HK | [FUTU_HK] 账户: 总资产=$823,936.69 现金=$635,296.69 证券=$188,640.00 冻结=$0.00 购买力=$635,296.69 (HKD)
2026-07-30 00:08:32.041 | INFO | FUTU_HK | [FUTU_HK] 账户: 总资产=$823,936.69 现金=$635,296.69 证券=$188,640.00 冻结=$0.00 购买力=$635,296.69 (HKD)
2026-07-30 00:08:38.043 | INFO | FUTU_HK | [FUTU_HK] 账户: 总资产=$823,936.69 现金=$635,296.69 证券=$188,640.00 冻结=$0.00 购买力=$635,296.69 (HKD)
2026-07-30 00:08:44.046 | INFO | FUTU_HK | [FUTU_HK] 账户: 总资产=$823,936.69 现金=$635,296.69 证券=$188,640.00 冻结=$0.00 购买力=$635,296.69 (HKD)
2026-07-30 00:08:50.054 | INFO | FUTU_HK | [FUTU_HK] 账户: 总资产=$823,936.69 现金=$635,296.69 证券=$188,640.00 冻结=$0.00 购买力=$635,296.69 (HKD)
2026-07-30 00:08:56.059 | INFO | FUTU_HK | [FUTU_HK] 账户: 总资产=$823,936.69 现金=$635,296.69 证券=$188,640.00 冻结=$0.00 购买力=$635,296.69 (HKD)
2026-07-30 00:09:02.064 | INFO | FUTU_HK | [FUTU_HK] 账户: 总资产=$823,936.69 现金=$635,296.69 证券=$188,640.00 冻结=$0.00 购买力=$635,296.69 (HKD)
2026-07-30 00:09:08.065 | INFO | FUTU_HK | [FUTU_HK] 账户: 总资产=$823,936.69 现金=$635,296.69 证券=$188,640.00 冻结=$0.00 购买力=$635,296.69 (HKD)
2026-07-30 00:09:14.062 | INFO | FUTU_HK | [FUTU_HK] 账户: 总资产=$823,936.69 现金=$635,296.69 证券=$188,640.00 冻结=$0.00 购买力=$635,296.69 (HKD)
2026-07-30 00:09:20.162 | INFO | FUTU_HK | [FUTU_HK] 账户: 总资产=$823,936.69 现金=$635,296.69 证券=$188,640.00 冻结=$0.00 购买力=$635,296.69 (HKD)
2026-07-30 00:09:26.169 | INFO | FUTU_HK | [FUTU_HK] 账户: 总资产=$823,936.69 现金=$635,296.69 证券=$188,640.00 冻结=$0.00 购买力=$635,296.69 (HKD)
2026-07-30 00:09:32.174 | INFO | FUTU_HK | [FUTU_HK] 账户: 总资产=$823,936.69 现金=$635,296.69 证券=$188,640.00 冻结=$0.00 购买力=$635,296.69 (HKD)
2026-07-30 00:09:38.179 | INFO | FUTU_HK | [FUTU_HK] 账户: 总资产=$823,936.69 现金=$635,296.69 证券=$188,640.00 冻结=$0.00 购买力=$635,296.69 (HKD)
2026-07-30 00:09:44.183 | INFO | FUTU_HK | [FUTU_HK] 账户: 总资产=$823,936.69 现金=$635,296.69 证券=$188,640.00 冻结=$0.00 购买力=$635,296.69 (HKD)
2026-07-30 00:09:50.179 | INFO | FUTU_HK | [FUTU_HK] 账户: 总资产=$823,936.69 现金=$635,296.69 证券=$188,640.00 冻结=$0.00 购买力=$635,296.69 (HKD)
2026-07-30 00:09:56.183 | INFO | FUTU_HK | [FUTU_HK] 账户: 总资产=$823,936.69 现金=$635,296.69 证券=$188,640.00 冻结=$0.00 购买力=$635,296.69 (HKD)
2026-07-30 00:10:02.179 | INFO | FUTU_HK | [FUTU_HK] 账户: 总资产=$823,936.69 现金=$635,296.69 证券=$188,640.00 冻结=$0.00 购买力=$635,296.69 (HKD)
2026-07-30 00:10:08.183 | INFO | FUTU_HK | [FUTU_HK] 账户: 总资产=$823,936.69 现金=$635,296.69 证券=$188,640.00 冻结=$0.00 购买力=$635,296.69 (HKD)
2026-07-30 00:10:14.196 | INFO | FUTU_HK | [FUTU_HK] 账户: 总资产=$823,936.69 现金=$635,296.69 证券=$188,640.00 冻结=$0.00 购买力=$635,296.69 (HKD)
2026-07-30 00:10:20.194 | INFO | FUTU_HK | [FUTU_HK] 账户: 总资产=$823,936.69 现金=$635,296.69 证券=$188,640.00 冻结=$0.00 购买力=$635,296.69 (HKD)
2026-07-30 00:10:26.199 | INFO | FUTU_HK | [FUTU_HK] 账户: 总资产=$823,936.69 现金=$635,296.69 证券=$188,640.00 冻结=$0.00 购买力=$635,296.69 (HKD)
2026-07-30 00:10:32.204 | INFO | FUTU_HK | [FUTU_HK] 账户: 总资产=$823,936.69 现金=$635,296.69 证券=$188,640.00 冻结=$0.00 购买力=$635,296.69 (HKD)
2026-07-30 00:10:38.205 | INFO | FUTU_HK | [FUTU_HK] 账户: 总资产=$823,936.69 现金=$635,296.69 证券=$188,640.00 冻结=$0.00 购买力=$635,296.69 (HKD)
2026-07-30 00:10:44.218 | INFO | FUTU_HK | [FUTU_HK] 账户: 总资产=$823,936.69 现金=$635,296.69 证券=$188,640.00 冻结=$0.00 购买力=$635,296.69 (HKD)
2026-07-30 00:10:50.220 | INFO | FUTU_HK | [FUTU_HK] 账户: 总资产=$823,936.69 现金=$635,296.69 证券=$188,640.00 冻结=$0.00 购买力=$635,296.69 (HKD)
2026-07-30 00:10:56.225 | INFO | FUTU_HK | [FUTU_HK] 账户: 总资产=$823,936.69 现金=$635,296.69 证券=$188,640.00 冻结=$0.00 购买力=$635,296.69 (HKD)
2026-07-30 00:11:02.273 | INFO | FUTU_HK | [FUTU_HK] 账户: 总资产=$823,936.69 现金=$635,296.69 证券=$188,640.00 冻结=$0.00 购买力=$635,296.69 (HKD)
2026-07-30 00:11:08.275 | INFO | FUTU_HK | [FUTU_HK] 账户: 总资产=$823,936.69 现金=$635,296.69 证券=$188,640.00 冻结=$0.00 购买力=$635,296.69 (HKD)
2026-07-30 00:11:14.276 | INFO | FUTU_HK | [FUTU_HK] 账户: 总资产=$823,936.69 现金=$635,296.69 证券=$188,640.00 冻结=$0.00 购买力=$635,296.69 (HKD)
2026-07-30 00:11:20.283 | INFO | FUTU_HK | [FUTU_HK] 账户: 总资产=$823,936.69 现金=$635,296.69 证券=$188,640.00 冻结=$0.00 购买力=$635,296.69 (HKD)
2026-07-30 00:11:26.282 | INFO | FUTU_HK | [FUTU_HK] 账户: 总资产=$823,936.69 现金=$635,296.69 证券=$188,640.00 冻结=$0.00 购买力=$635,296.69 (HKD)
2026-07-30 00:11:32.292 | INFO | FUTU_HK | [FUTU_HK] 账户: 总资产=$823,936.69 现金=$635,296.69 证券=$188,640.00 冻结=$0.00 购买力=$635,296.69 (HKD)
2026-07-30 00:11:38.290 | INFO | FUTU_HK | [FUTU_HK] 账户: 总资产=$823,936.69 现金=$635,296.69 证券=$188,640.00 冻结=$0.00 购买力=$635,296.69 (HKD)
2026-07-30 00:11:44.293 | INFO | FUTU_HK | [FUTU_HK] 账户: 总资产=$823,936.69 现金=$635,296.69 证券=$188,640.00 冻结=$0.00 购买力=$635,296.69 (HKD)
2026-07-30 00:11:50.352 | INFO | FUTU_HK | [FUTU_HK] 账户: 总资产=$823,936.69 现金=$635,296.69 证券=$188,640.00 冻结=$0.00 购买力=$635,296.69 (HKD)
2026-07-30 00:11:56.439 | INFO | FUTU_HK | [FUTU_HK] 账户: 总资产=$823,936.69 现金=$635,296.69 证券=$188,640.00 冻结=$0.00 购买力=$635,296.69 (HKD)
2026-07-30 00:12:02.440 | INFO | FUTU_HK | [FUTU_HK] 账户: 总资产=$823,936.69 现金=$635,296.69 证券=$188,640.00 冻结=$0.00 购买力=$635,296.69 (HKD)
2026-07-30 00:12:08.441 | INFO | FUTU_HK | [FUTU_HK] 账户: 总资产=$823,936.69 现金=$635,296.69 证券=$188,640.00 冻结=$0.00 购买力=$635,296.69 (HKD)
2026-07-30 00:12:14.448 | INFO | FUTU_HK | [FUTU_HK] 账户: 总资产=$823,936.69 现金=$635,296.69 证券=$188,640.00 冻结=$0.00 购买力=$635,296.69 (HKD)
2026-07-30 00:12:20.447 | INFO | FUTU_HK | [FUTU_HK] 账户: 总资产=$823,936.69 现金=$635,296.69 证券=$188,640.00 冻结=$0.00 购买力=$635,296.69 (HKD)
2026-07-30 00:12:26.447 | INFO | FUTU_HK | [FUTU_HK] 账户: 总资产=$823,936.69 现金=$635,296.69 证券=$188,640.00 冻结=$0.00 购买力=$635,296.69 (HKD)
2026-07-30 00:12:32.455 | INFO | FUTU_HK | [FUTU_HK] 账户: 总资产=$823,936.69 现金=$635,296.69 证券=$188,640.00 冻结=$0.00 购买力=$635,296.69 (HKD)
2026-07-30 00:12:38.464 | INFO | FUTU_HK | [FUTU_HK] 账户: 总资产=$823,936.69 现金=$635,296.69 证券=$188,640.00 冻结=$0.00 购买力=$635,296.69 (HKD)
2026-07-30 00:12:44.463 | INFO | FUTU_HK | [FUTU_HK] 账户: 总资产=$823,936.69 现金=$635,296.69 证券=$188,640.00 冻结=$0.00 购买力=$635,296.69 (HKD)
2026-07-30 00:12:50.464 | INFO | FUTU_HK | [FUTU_HK] 账户: 总资产=$823,936.69 现金=$635,296.69 证券=$188,640.00 冻结=$0.00 购买力=$635,296.69 (HKD)
2026-07-30 00:12:56.502 | INFO | FUTU_HK | [FUTU_HK] 账户: 总资产=$823,936.69 现金=$635,296.69 证券=$188,640.00 冻结=$0.00 购买力=$635,296.69 (HKD)
2026-07-30 00:13:02.501 | INFO | FUTU_HK | [FUTU_HK] 账户: 总资产=$823,936.69 现金=$635,296.69 证券=$188,640.00 冻结=$0.00 购买力=$635,296.69 (HKD)
2026-07-30 00:13:08.509 | INFO | FUTU_HK | [FUTU_HK] 账户: 总资产=$823,936.69 现金=$635,296.69 证券=$188,640.00 冻结=$0.00 购买力=$635,296.69 (HKD)
2026-07-30 00:13:14.516 | INFO | FUTU_HK | [FUTU_HK] 账户: 总资产=$823,936.69 现金=$635,296.69 证券=$188,640.00 冻结=$0.00 购买力=$635,296.69 (HKD)
2026-07-30 00:13:20.513 | INFO | FUTU_HK | [FUTU_HK] 账户: 总资产=$823,936.69 现金=$635,296.69 证券=$188,640.00 冻结=$0.00 购买力=$635,296.69 (HKD)
2026-07-30 00:13:26.509 | INFO | FUTU_HK | [FUTU_HK] 账户: 总资产=$823,936.69 现金=$635,296.69 证券=$188,640.00 冻结=$0.00 购买力=$635,296.69 (HKD)
2026-07-30 00:13:32.518 | INFO | FUTU_HK | [FUTU_HK] 账户: 总资产=$823,936.69 现金=$635,296.69 证券=$188,640.00 冻结=$0.00 购买力=$635,296.69 (HKD)
2026-07-30 00:13:38.517 | INFO | FUTU_HK | [FUTU_HK] 账户: 总资产=$823,936.69 现金=$635,296.69 证券=$188,640.00 冻结=$0.00 购买力=$635,296.69 (HKD)
2026-07-30 00:13:44.520 | INFO | FUTU_HK | [FUTU_HK] 账户: 总资产=$823,936.69 现金=$635,296.69 证券=$188,640.00 冻结=$0.00 购买力=$635,296.69 (HKD)
2026-07-30 00:13:50.529 | INFO | FUTU_HK | [FUTU_HK] 账户: 总资产=$823,936.69 现金=$635,296.69 证券=$188,640.00 冻结=$0.00 购买力=$635,296.69 (HKD)
2026-07-30 00:13:56.533 | INFO | FUTU_HK | [FUTU_HK] 账户: 总资产=$823,936.69 现金=$635,296.69 证券=$188,640.00 冻结=$0.00 购买力=$635,296.69 (HKD)
2026-07-30 00:14:13.726 | INFO | FUTU_US | [FUTU_US] 行情接口连接成功（含多周期K线+TICKER）
2026-07-30 00:14:13.740 | INFO | FUTU_US | [FUTU_US] 交易接口解锁提示: 请使用OpenD页面右上角解锁按钮解锁交易，GUI版本OpenD已屏蔽解锁接口
2026-07-30 00:14:13.745 | INFO | FUTU_US | [FUTU_US] 账户列表 (共 2 个):
2026-07-30 00:14:13.746 | INFO | FUTU_US |   acc_id=281756478840044880 env=REAL type=MARGIN sim_type=N/A status=ACTIVE
2026-07-30 00:14:13.746 | INFO | FUTU_US |   acc_id=20074546 env=SIMULATE type=MARGIN sim_type=STOCK_AND_OPTION status=ACTIVE
2026-07-30 00:14:13.746 | INFO | FUTU_US | [FUTU_US] ✅ 选中: 美股模拟(股票+期权) acc_id=20074546
2026-07-30 00:14:13.747 | INFO | FUTU_US | [FUTU_US] 交易接口连接成功 (最终 acc_id=20074546)
2026-07-30 00:14:13.747 | INFO | FUTU_US | [FUTU_US] 警告：main_engine 为 None，无法自注册
2026-07-30 00:14:13.775 | INFO | FUTU_US | [FUTU_US] ✅ Tick 落盘监听器已注册 (EVENT_TICK)
2026-07-30 00:14:13.780 | INFO | FUTU_HK | [FUTU_HK] 行情接口连接成功（含多周期K线+TICKER）
2026-07-30 00:14:13.793 | INFO | FUTU_HK | [FUTU_HK] 交易接口解锁提示: 请使用OpenD页面右上角解锁按钮解锁交易，GUI版本OpenD已屏蔽解锁接口
2026-07-30 00:14:13.798 | INFO | FUTU_HK | [FUTU_HK] 账户列表 (共 3 个):
2026-07-30 00:14:13.798 | INFO | FUTU_HK |   acc_id=281756478840044880 env=REAL type=MARGIN sim_type=N/A status=ACTIVE
2026-07-30 00:14:13.798 | INFO | FUTU_HK |   acc_id=19110066 env=SIMULATE type=CASH sim_type=STOCK status=ACTIVE
2026-07-30 00:14:13.799 | INFO | FUTU_HK |   acc_id=19110071 env=SIMULATE type=MARGIN sim_type=OPTION status=ACTIVE
2026-07-30 00:14:13.799 | INFO | FUTU_HK | [FUTU_HK] ⚠️ 降级现金模拟 acc_id=19110066
2026-07-30 00:14:13.800 | INFO | FUTU_HK | [FUTU_HK] 交易接口连接成功 (最终 acc_id=19110066)
2026-07-30 00:14:13.800 | INFO | FUTU_HK | [FUTU_HK] 警告：main_engine 为 None，无法自注册
2026-07-30 00:14:14.656 | INFO | CtaStrategy | CTA策略引擎初始化成功
2026-07-30 00:14:14.769 | INFO | CtaStrategy | CTA策略引擎初始化成功
2026-07-30 00:14:25.132 | INFO | FUTU_HK | [FUTU_HK] 合约查询完成: 21367 个
2026-07-30 00:14:25.139 | INFO | FUTU_HK | [FUTU_HK] 查询成交失败: 模拟交易不支持成交数据
2026-07-30 00:14:25.164 | INFO | FUTU_HK | [FUTU_HK] 调试 accinfo 字段: ['power', 'max_power_short', 'net_cash_power', 'total_assets', 'securities_assets', 'fund_assets', 'bond_assets', 'cash', 'market_val', 'long_mv', 'short_mv', 'pending_asset', 'interest_charged_amount', 'frozen_cash', 'avl_withdrawal_cash', 'max_withdrawal', 'currency', 'available_funds', 'unrealized_pl', 'realized_pl', 'risk_level', 'risk_status', 'initial_margin', 'margin_call_margin', 'maintenance_margin', 'hk_cash', 'hk_avl_withdrawal_cash', 'hkd_net_cash_power', 'hkd_assets', 'us_cash', 'us_avl_withdrawal_cash', 'usd_net_cash_power', 'usd_assets', 'cn_cash', 'cn_avl_withdrawal_cash', 'cnh_net_cash_power', 'cnh_assets', 'jp_cash', 'jp_avl_withdrawal_cash', 'jpy_net_cash_power', 'jpy_assets', 'sg_cash', 'sg_avl_withdrawal_cash', 'sgd_net_cash_power', 'sgd_assets', 'au_cash', 'au_avl_withdrawal_cash', 'aud_net_cash_power', 'aud_assets', 'ca_cash', 'ca_avl_withdrawal_cash', 'cad_net_cash_power', 'cad_assets', 'my_cash', 'my_avl_withdrawal_cash', 'myr_net_cash_power', 'myr_assets', 'is_pdt', 'pdt_seq', 'beginning_dtbp', 'remaining_dtbp', 'dt_call_amount', 'dt_status']
2026-07-30 00:14:25.164 | INFO | FUTU_HK | [FUTU_HK] 账户: 总资产=$823,936.69 现金=$635,296.69 证券=$188,640.00 冻结=$0.00 购买力=$635,296.69 (HKD)
2026-07-30 00:14:26.721 | INFO | FUTU_US | [FUTU_US] 合约查询完成: 20579 个
2026-07-30 00:14:26.733 | INFO | FUTU_US | [FUTU_US] 查询成交失败: 模拟交易不支持成交数据
2026-07-30 00:14:26.754 | INFO | FUTU_US | [FUTU_US] 调试 accinfo 字段: ['power', 'max_power_short', 'net_cash_power', 'total_assets', 'securities_assets', 'fund_assets', 'bond_assets', 'cash', 'market_val', 'long_mv', 'short_mv', 'pending_asset', 'interest_charged_amount', 'frozen_cash', 'avl_withdrawal_cash', 'max_withdrawal', 'currency', 'available_funds', 'unrealized_pl', 'realized_pl', 'risk_level', 'risk_status', 'initial_margin', 'margin_call_margin', 'maintenance_margin', 'hk_cash', 'hk_avl_withdrawal_cash', 'hkd_net_cash_power', 'hkd_assets', 'us_cash', 'us_avl_withdrawal_cash', 'usd_net_cash_power', 'usd_assets', 'cn_cash', 'cn_avl_withdrawal_cash', 'cnh_net_cash_power', 'cnh_assets', 'jp_cash', 'jp_avl_withdrawal_cash', 'jpy_net_cash_power', 'jpy_assets', 'sg_cash', 'sg_avl_withdrawal_cash', 'sgd_net_cash_power', 'sgd_assets', 'au_cash', 'au_avl_withdrawal_cash', 'aud_net_cash_power', 'aud_assets', 'ca_cash', 'ca_avl_withdrawal_cash', 'cad_net_cash_power', 'cad_assets', 'my_cash', 'my_avl_withdrawal_cash', 'myr_net_cash_power', 'myr_assets', 'is_pdt', 'pdt_seq', 'beginning_dtbp', 'remaining_dtbp', 'dt_call_amount', 'dt_status']
2026-07-30 00:14:26.754 | INFO | FUTU_US | [FUTU_US] 账户: 总资产=$9,999,885.17 现金=$9,996,058.01 证券=$3,827.16 冻结=$0.00 购买力=$19,995,943.18 (USD)
2026-07-30 00:14:27.796 | INFO | FUTU_HK | [FUTU_HK] 账户: 总资产=$823,936.69 现金=$635,296.69 证券=$188,640.00 冻结=$0.00 购买力=$635,296.69 (HKD)
2026-07-30 00:14:29.661 | INFO | FUTU_US | [FUTU_US] 账户: 总资产=$9,999,885.17 现金=$9,996,058.01 证券=$3,827.16 冻结=$0.00 购买力=$19,995,943.18 (USD)
2026-07-30 00:14:33.797 | INFO | FUTU_HK | [FUTU_HK] 账户: 总资产=$823,936.69 现金=$635,296.69 证券=$188,640.00 冻结=$0.00 购买力=$635,296.69 (HKD)
2026-07-30 00:14:35.664 | INFO | FUTU_US | [FUTU_US] 账户: 总资产=$9,999,885.17 现金=$9,996,058.01 证券=$3,827.16 冻结=$0.00 购买力=$19,995,943.18 (USD)
2026-07-30 00:14:39.806 | INFO | FUTU_HK | [FUTU_HK] 账户: 总资产=$823,936.69 现金=$635,296.69 证券=$188,640.00 冻结=$0.00 购买力=$635,296.69 (HKD)
2026-07-30 00:14:41.668 | INFO | FUTU_US | [FUTU_US] 账户: 总资产=$9,999,885.17 现金=$9,996,058.01 证券=$3,827.16 冻结=$0.00 购买力=$19,995,943.18 (USD)
2026-07-30 00:14:45.810 | INFO | FUTU_HK | [FUTU_HK] 账户: 总资产=$823,936.69 现金=$635,296.69 证券=$188,640.00 冻结=$0.00 购买力=$635,296.69 (HKD)
2026-07-30 00:14:47.670 | INFO | FUTU_US | [FUTU_US] 账户: 总资产=$9,999,885.17 现金=$9,996,058.01 证券=$3,827.16 冻结=$0.00 购买力=$19,995,943.18 (USD)
2026-07-30 00:14:51.807 | INFO | FUTU_HK | [FUTU_HK] 账户: 总资产=$823,936.69 现金=$635,296.69 证券=$188,640.00 冻结=$0.00 购买力=$635,296.69 (HKD)
2026-07-30 00:14:53.671 | INFO | FUTU_US | [FUTU_US] 账户: 总资产=$9,999,885.17 现金=$9,996,058.01 证券=$3,827.16 冻结=$0.00 购买力=$19,995,943.18 (USD)
2026-07-30 00:14:57.813 | INFO | FUTU_HK | [FUTU_HK] 账户: 总资产=$823,936.69 现金=$635,296.69 证券=$188,640.00 冻结=$0.00 购买力=$635,296.69 (HKD)
2026-07-30 00:14:59.680 | INFO | FUTU_US | [FUTU_US] 账户: 总资产=$9,999,885.17 现金=$9,996,058.01 证券=$3,827.16 冻结=$0.00 购买力=$19,995,943.18 (USD)
2026-07-30 00:15:03.813 | INFO | FUTU_HK | [FUTU_HK] 账户: 总资产=$823,936.69 现金=$635,296.69 证券=$188,640.00 冻结=$0.00 购买力=$635,296.69 (HKD)
2026-07-30 00:15:05.681 | INFO | FUTU_US | [FUTU_US] 账户: 总资产=$9,999,885.17 现金=$9,996,058.01 证券=$3,827.16 冻结=$0.00 购买力=$19,995,943.18 (USD)
2026-07-30 00:15:09.814 | INFO | FUTU_HK | [FUTU_HK] 账户: 总资产=$823,936.69 现金=$635,296.69 证券=$188,640.00 冻结=$0.00 购买力=$635,296.69 (HKD)
2026-07-30 00:15:11.683 | INFO | FUTU_US | [FUTU_US] 账户: 总资产=$9,999,885.17 现金=$9,996,058.01 证券=$3,827.16 冻结=$0.00 购买力=$19,995,943.18 (USD)
2026-07-30 00:15:15.820 | INFO | FUTU_HK | [FUTU_HK] 账户: 总资产=$823,936.69 现金=$635,296.69 证券=$188,640.00 冻结=$0.00 购买力=$635,296.69 (HKD)
2026-07-30 00:15:17.686 | INFO | FUTU_US | [FUTU_US] 账户: 总资产=$9,999,885.17 现金=$9,996,058.01 证券=$3,827.16 冻结=$0.00 购买力=$19,995,943.18 (USD)
2026-07-30 00:15:21.822 | INFO | FUTU_HK | [FUTU_HK] 账户: 总资产=$823,936.69 现金=$635,296.69 证券=$188,640.00 冻结=$0.00 购买力=$635,296.69 (HKD)
2026-07-30 00:15:23.689 | INFO | FUTU_US | [FUTU_US] 账户: 总资产=$9,999,885.17 现金=$9,996,058.01 证券=$3,827.16 冻结=$0.00 购买力=$19,995,943.18 (USD)
2026-07-30 00:15:27.826 | INFO | FUTU_HK | [FUTU_HK] 账户: 总资产=$823,936.69 现金=$635,296.69 证券=$188,640.00 冻结=$0.00 购买力=$635,296.69 (HKD)
2026-07-30 00:15:29.691 | INFO | FUTU_US | [FUTU_US] 账户: 总资产=$9,999,885.17 现金=$9,996,058.01 证券=$3,827.16 冻结=$0.00 购买力=$19,995,943.18 (USD)
2026-07-30 00:16:01.592 | INFO | FUTU_US | [FUTU_US] 行情接口连接成功（含多周期K线+TICKER）
2026-07-30 00:16:01.604 | INFO | FUTU_US | [FUTU_US] 交易接口解锁提示: 请使用OpenD页面右上角解锁按钮解锁交易，GUI版本OpenD已屏蔽解锁接口
2026-07-30 00:16:01.609 | INFO | FUTU_US | [FUTU_US] 账户列表 (共 2 个):
2026-07-30 00:16:01.610 | INFO | FUTU_US |   acc_id=281756478840044880 env=REAL type=MARGIN sim_type=N/A status=ACTIVE
2026-07-30 00:16:01.610 | INFO | FUTU_US |   acc_id=20074546 env=SIMULATE type=MARGIN sim_type=STOCK_AND_OPTION status=ACTIVE
2026-07-30 00:16:01.610 | INFO | FUTU_US | [FUTU_US] ✅ 选中: 美股模拟(股票+期权) acc_id=20074546
2026-07-30 00:16:01.611 | INFO | FUTU_US | [FUTU_US] 交易接口连接成功 (最终 acc_id=20074546)
2026-07-30 00:16:01.611 | INFO | FUTU_US | [FUTU_US] 警告：main_engine 为 None，无法自注册
2026-07-30 00:16:01.640 | INFO | FUTU_US | [FUTU_US] ✅ Tick 落盘监听器已注册 (EVENT_TICK)
2026-07-30 00:16:01.645 | INFO | FUTU_HK | [FUTU_HK] 行情接口连接成功（含多周期K线+TICKER）
2026-07-30 00:16:01.657 | INFO | FUTU_HK | [FUTU_HK] 交易接口解锁提示: 请使用OpenD页面右上角解锁按钮解锁交易，GUI版本OpenD已屏蔽解锁接口
2026-07-30 00:16:01.661 | INFO | FUTU_HK | [FUTU_HK] 账户列表 (共 3 个):
2026-07-30 00:16:01.662 | INFO | FUTU_HK |   acc_id=281756478840044880 env=REAL type=MARGIN sim_type=N/A status=ACTIVE
2026-07-30 00:16:01.662 | INFO | FUTU_HK |   acc_id=19110066 env=SIMULATE type=CASH sim_type=STOCK status=ACTIVE
2026-07-30 00:16:01.662 | INFO | FUTU_HK |   acc_id=19110071 env=SIMULATE type=MARGIN sim_type=OPTION status=ACTIVE
2026-07-30 00:16:01.663 | INFO | FUTU_HK | [FUTU_HK] ⚠️ 降级现金模拟 acc_id=19110066
2026-07-30 00:16:01.663 | INFO | FUTU_HK | [FUTU_HK] 交易接口连接成功 (最终 acc_id=19110066)
2026-07-30 00:16:01.664 | INFO | FUTU_HK | [FUTU_HK] 警告：main_engine 为 None，无法自注册
2026-07-30 00:16:02.373 | INFO | CtaStrategy | CTA策略引擎初始化成功
2026-07-30 00:16:02.474 | INFO | CtaStrategy | CTA策略引擎初始化成功
2026-07-30 00:16:12.050 | INFO | FUTU_HK | [FUTU_HK] 合约查询完成: 21367 个
2026-07-30 00:16:12.056 | INFO | FUTU_HK | [FUTU_HK] 查询成交失败: 模拟交易不支持成交数据
2026-07-30 00:16:12.080 | INFO | FUTU_HK | [FUTU_HK] 调试 accinfo 字段: ['power', 'max_power_short', 'net_cash_power', 'total_assets', 'securities_assets', 'fund_assets', 'bond_assets', 'cash', 'market_val', 'long_mv', 'short_mv', 'pending_asset', 'interest_charged_amount', 'frozen_cash', 'avl_withdrawal_cash', 'max_withdrawal', 'currency', 'available_funds', 'unrealized_pl', 'realized_pl', 'risk_level', 'risk_status', 'initial_margin', 'margin_call_margin', 'maintenance_margin', 'hk_cash', 'hk_avl_withdrawal_cash', 'hkd_net_cash_power', 'hkd_assets', 'us_cash', 'us_avl_withdrawal_cash', 'usd_net_cash_power', 'usd_assets', 'cn_cash', 'cn_avl_withdrawal_cash', 'cnh_net_cash_power', 'cnh_assets', 'jp_cash', 'jp_avl_withdrawal_cash', 'jpy_net_cash_power', 'jpy_assets', 'sg_cash', 'sg_avl_withdrawal_cash', 'sgd_net_cash_power', 'sgd_assets', 'au_cash', 'au_avl_withdrawal_cash', 'aud_net_cash_power', 'aud_assets', 'ca_cash', 'ca_avl_withdrawal_cash', 'cad_net_cash_power', 'cad_assets', 'my_cash', 'my_avl_withdrawal_cash', 'myr_net_cash_power', 'myr_assets', 'is_pdt', 'pdt_seq', 'beginning_dtbp', 'remaining_dtbp', 'dt_call_amount', 'dt_status']
2026-07-30 00:16:12.080 | INFO | FUTU_HK | [FUTU_HK] 账户: 总资产=$823,936.69 现金=$635,296.69 证券=$188,640.00 冻结=$0.00 购买力=$635,296.69 (HKD)
2026-07-30 00:16:13.555 | INFO | FUTU_US | [FUTU_US] 合约查询完成: 20579 个
2026-07-30 00:16:13.562 | INFO | FUTU_US | [FUTU_US] 查询成交失败: 模拟交易不支持成交数据
2026-07-30 00:16:13.585 | INFO | FUTU_US | [FUTU_US] 调试 accinfo 字段: ['power', 'max_power_short', 'net_cash_power', 'total_assets', 'securities_assets', 'fund_assets', 'bond_assets', 'cash', 'market_val', 'long_mv', 'short_mv', 'pending_asset', 'interest_charged_amount', 'frozen_cash', 'avl_withdrawal_cash', 'max_withdrawal', 'currency', 'available_funds', 'unrealized_pl', 'realized_pl', 'risk_level', 'risk_status', 'initial_margin', 'margin_call_margin', 'maintenance_margin', 'hk_cash', 'hk_avl_withdrawal_cash', 'hkd_net_cash_power', 'hkd_assets', 'us_cash', 'us_avl_withdrawal_cash', 'usd_net_cash_power', 'usd_assets', 'cn_cash', 'cn_avl_withdrawal_cash', 'cnh_net_cash_power', 'cnh_assets', 'jp_cash', 'jp_avl_withdrawal_cash', 'jpy_net_cash_power', 'jpy_assets', 'sg_cash', 'sg_avl_withdrawal_cash', 'sgd_net_cash_power', 'sgd_assets', 'au_cash', 'au_avl_withdrawal_cash', 'aud_net_cash_power', 'aud_assets', 'ca_cash', 'ca_avl_withdrawal_cash', 'cad_net_cash_power', 'cad_assets', 'my_cash', 'my_avl_withdrawal_cash', 'myr_net_cash_power', 'myr_assets', 'is_pdt', 'pdt_seq', 'beginning_dtbp', 'remaining_dtbp', 'dt_call_amount', 'dt_status']
2026-07-30 00:16:13.585 | INFO | FUTU_US | [FUTU_US] 账户: 总资产=$9,999,885.17 现金=$9,996,058.01 证券=$3,827.16 冻结=$0.00 购买力=$19,995,943.18 (USD)
2026-07-30 00:16:14.626 | INFO | FUTU_HK | [FUTU_HK] 账户: 总资产=$823,936.69 现金=$635,296.69 证券=$188,640.00 冻结=$0.00 购买力=$635,296.69 (HKD)
2026-07-30 00:16:15.625 | INFO | FUTU_US | [FUTU_US] 账户: 总资产=$9,999,885.17 现金=$9,996,058.01 证券=$3,827.16 冻结=$0.00 购买力=$19,995,943.18 (USD)
2026-07-30 00:16:20.624 | INFO | FUTU_HK | [FUTU_HK] 账户: 总资产=$823,936.69 现金=$635,296.69 证券=$188,640.00 冻结=$0.00 购买力=$635,296.69 (HKD)
2026-07-30 00:16:21.631 | INFO | FUTU_US | [FUTU_US] 账户: 总资产=$9,999,885.17 现金=$9,996,058.01 证券=$3,827.16 冻结=$0.00 购买力=$19,995,943.18 (USD)
2026-07-30 00:16:26.631 | INFO | FUTU_HK | [FUTU_HK] 账户: 总资产=$823,936.69 现金=$635,296.69 证券=$188,640.00 冻结=$0.00 购买力=$635,296.69 (HKD)
2026-07-30 00:16:27.633 | INFO | FUTU_US | [FUTU_US] 账户: 总资产=$9,999,885.17 现金=$9,996,058.01 证券=$3,827.16 冻结=$0.00 购买力=$19,995,943.18 (USD)
2026-07-30 00:16:32.631 | INFO | FUTU_HK | [FUTU_HK] 账户: 总资产=$823,936.69 现金=$635,296.69 证券=$188,640.00 冻结=$0.00 购买力=$635,296.69 (HKD)
2026-07-30 00:16:33.637 | INFO | FUTU_US | [FUTU_US] 账户: 总资产=$9,999,885.17 现金=$9,996,058.01 证券=$3,827.16 冻结=$0.00 购买力=$19,995,943.18 (USD)
2026-07-30 00:16:38.639 | INFO | FUTU_HK | [FUTU_HK] 账户: 总资产=$823,936.69 现金=$635,296.69 证券=$188,640.00 冻结=$0.00 购买力=$635,296.69 (HKD)
2026-07-30 00:16:39.642 | INFO | FUTU_US | [FUTU_US] 账户: 总资产=$9,999,885.17 现金=$9,996,058.01 证券=$3,827.16 冻结=$0.00 购买力=$19,995,943.18 (USD)
2026-07-30 00:16:44.635 | INFO | FUTU_HK | [FUTU_HK] 账户: 总资产=$823,936.69 现金=$635,296.69 证券=$188,640.00 冻结=$0.00 购买力=$635,296.69 (HKD)
2026-07-30 00:16:45.645 | INFO | FUTU_US | [FUTU_US] 账户: 总资产=$9,999,885.17 现金=$9,996,058.01 证券=$3,827.16 冻结=$0.00 购买力=$19,995,943.18 (USD)
2026-07-30 00:16:50.653 | INFO | FUTU_HK | [FUTU_HK] 账户: 总资产=$823,936.69 现金=$635,296.69 证券=$188,640.00 冻结=$0.00 购买力=$635,296.69 (HKD)
2026-07-30 00:16:51.657 | INFO | FUTU_US | [FUTU_US] 账户: 总资产=$9,999,885.17 现金=$9,996,058.01 证券=$3,827.16 冻结=$0.00 购买力=$19,995,943.18 (USD)
2026-07-30 00:16:56.650 | INFO | FUTU_HK | [FUTU_HK] 账户: 总资产=$823,936.69 现金=$635,296.69 证券=$188,640.00 冻结=$0.00 购买力=$635,296.69 (HKD)
2026-07-30 00:16:57.658 | INFO | FUTU_US | [FUTU_US] 账户: 总资产=$9,999,885.17 现金=$9,996,058.01 证券=$3,827.16 冻结=$0.00 购买力=$19,995,943.18 (USD)
2026-07-30 00:17:02.654 | INFO | FUTU_HK | [FUTU_HK] 账户: 总资产=$823,936.69 现金=$635,296.69 证券=$188,640.00 冻结=$0.00 购买力=$635,296.69 (HKD)
2026-07-30 00:17:03.661 | INFO | FUTU_US | [FUTU_US] 账户: 总资产=$9,999,874.35 现金=$9,996,058.01 证券=$3,816.34 冻结=$0.00 购买力=$19,995,932.36 (USD)
2026-07-30 00:17:08.766 | INFO | FUTU_HK | [FUTU_HK] 账户: 总资产=$823,936.69 现金=$635,296.69 证券=$188,640.00 冻结=$0.00 购买力=$635,296.69 (HKD)
2026-07-30 00:17:09.718 | INFO | FUTU_US | [FUTU_US] 账户: 总资产=$9,999,874.35 现金=$9,996,058.01 证券=$3,816.34 冻结=$0.00 购买力=$19,995,932.36 (USD)
2026-07-30 00:17:14.770 | INFO | FUTU_HK | [FUTU_HK] 账户: 总资产=$823,936.69 现金=$635,296.69 证券=$188,640.00 冻结=$0.00 购买力=$635,296.69 (HKD)
2026-07-30 00:17:15.720 | INFO | FUTU_US | [FUTU_US] 账户: 总资产=$9,999,874.35 现金=$9,996,058.01 证券=$3,816.34 冻结=$0.00 购买力=$19,995,932.36 (USD)
2026-07-30 00:17:20.773 | INFO | FUTU_HK | [FUTU_HK] 账户: 总资产=$823,936.69 现金=$635,296.69 证券=$188,640.00 冻结=$0.00 购买力=$635,296.69 (HKD)
2026-07-30 00:17:21.723 | INFO | FUTU_US | [FUTU_US] 账户: 总资产=$9,999,874.35 现金=$9,996,058.01 证券=$3,816.34 冻结=$0.00 购买力=$19,995,932.36 (USD)
2026-07-30 00:17:26.774 | INFO | FUTU_HK | [FUTU_HK] 账户: 总资产=$823,936.69 现金=$635,296.69 证券=$188,640.00 冻结=$0.00 购买力=$635,296.69 (HKD)
2026-07-30 00:17:27.726 | INFO | FUTU_US | [FUTU_US] 账户: 总资产=$9,999,874.35 现金=$9,996,058.01 证券=$3,816.34 冻结=$0.00 购买力=$19,995,932.36 (USD)
2026-07-30 00:17:32.774 | INFO | FUTU_HK | [FUTU_HK] 账户: 总资产=$823,936.69 现金=$635,296.69 证券=$188,640.00 冻结=$0.00 购买力=$635,296.69 (HKD)
2026-07-30 00:17:33.729 | INFO | FUTU_US | [FUTU_US] 账户: 总资产=$9,999,874.35 现金=$9,996,058.01 证券=$3,816.34 冻结=$0.00 购买力=$19,995,932.36 (USD)
2026-07-30 00:17:38.776 | INFO | FUTU_HK | [FUTU_HK] 账户: 总资产=$823,936.69 现金=$635,296.69 证券=$188,640.00 冻结=$0.00 购买力=$635,296.69 (HKD)
2026-07-30 00:17:39.732 | INFO | FUTU_US | [FUTU_US] 账户: 总资产=$9,999,874.35 现金=$9,996,058.01 证券=$3,816.34 冻结=$0.00 购买力=$19,995,932.36 (USD)
2026-07-30 00:17:44.788 | INFO | FUTU_HK | [FUTU_HK] 账户: 总资产=$823,936.69 现金=$635,296.69 证券=$188,640.00 冻结=$0.00 购买力=$635,296.69 (HKD)
2026-07-30 00:17:45.733 | INFO | FUTU_US | [FUTU_US] 账户: 总资产=$9,999,874.35 现金=$9,996,058.01 证券=$3,816.34 冻结=$0.00 购买力=$19,995,932.36 (USD)
2026-07-30 00:17:50.781 | INFO | FUTU_HK | [FUTU_HK] 账户: 总资产=$823,936.69 现金=$635,296.69 证券=$188,640.00 冻结=$0.00 购买力=$635,296.69 (HKD)
2026-07-30 00:17:51.738 | INFO | FUTU_US | [FUTU_US] 账户: 总资产=$9,999,874.35 现金=$9,996,058.01 证券=$3,816.34 冻结=$0.00 购买力=$19,995,932.36 (USD)
2026-07-30 00:17:56.810 | INFO | FUTU_HK | [FUTU_HK] 账户: 总资产=$823,936.69 现金=$635,296.69 证券=$188,640.00 冻结=$0.00 购买力=$635,296.69 (HKD)
2026-07-30 00:17:57.736 | INFO | FUTU_US | [FUTU_US] 账户: 总资产=$9,999,874.35 现金=$9,996,058.01 证券=$3,816.34 冻结=$0.00 购买力=$19,995,932.36 (USD)
2026-07-30 00:18:02.801 | INFO | FUTU_HK | [FUTU_HK] 账户: 总资产=$823,936.69 现金=$635,296.69 证券=$188,640.00 冻结=$0.00 购买力=$635,296.69 (HKD)
2026-07-30 00:18:03.740 | INFO | FUTU_US | [FUTU_US] 账户: 总资产=$9,999,874.35 现金=$9,996,058.01 证券=$3,816.34 冻结=$0.00 购买力=$19,995,932.36 (USD)
2026-07-30 00:18:08.810 | INFO | FUTU_HK | [FUTU_HK] 账户: 总资产=$823,936.69 现金=$635,296.69 证券=$188,640.00 冻结=$0.00 购买力=$635,296.69 (HKD)
2026-07-30 00:18:09.749 | INFO | FUTU_US | [FUTU_US] 账户: 总资产=$9,999,874.35 现金=$9,996,058.01 证券=$3,816.34 冻结=$0.00 购买力=$19,995,932.36 (USD)
2026-07-30 00:18:14.815 | INFO | FUTU_HK | [FUTU_HK] 账户: 总资产=$823,936.69 现金=$635,296.69 证券=$188,640.00 冻结=$0.00 购买力=$635,296.69 (HKD)
2026-07-30 00:18:15.748 | INFO | FUTU_US | [FUTU_US] 账户: 总资产=$9,999,874.35 现金=$9,996,058.01 证券=$3,816.34 冻结=$0.00 购买力=$19,995,932.36 (USD)
2026-07-30 00:18:20.814 | INFO | FUTU_HK | [FUTU_HK] 账户: 总资产=$823,936.69 现金=$635,296.69 证券=$188,640.00 冻结=$0.00 购买力=$635,296.69 (HKD)
2026-07-30 00:18:21.754 | INFO | FUTU_US | [FUTU_US] 账户: 总资产=$9,999,874.35 现金=$9,996,058.01 证券=$3,816.34 冻结=$0.00 购买力=$19,995,932.36 (USD)
2026-07-30 00:18:26.951 | INFO | FUTU_HK | [FUTU_HK] 账户: 总资产=$823,936.69 现金=$635,296.69 证券=$188,640.00 冻结=$0.00 购买力=$635,296.69 (HKD)
2026-07-30 00:18:27.756 | INFO | FUTU_US | [FUTU_US] 账户: 总资产=$9,999,874.35 现金=$9,996,058.01 证券=$3,816.34 冻结=$0.00 购买力=$19,995,932.36 (USD)
2026-07-30 00:18:33.055 | INFO | FUTU_HK | [FUTU_HK] 账户: 总资产=$823,936.69 现金=$635,296.69 证券=$188,640.00 冻结=$0.00 购买力=$635,296.69 (HKD)
2026-07-30 00:18:33.757 | INFO | FUTU_US | [FUTU_US] 账户: 总资产=$9,999,874.35 现金=$9,996,058.01 证券=$3,816.34 冻结=$0.00 购买力=$19,995,932.36 (USD)
2026-07-30 00:18:39.168 | INFO | FUTU_HK | [FUTU_HK] 账户: 总资产=$823,936.69 现金=$635,296.69 证券=$188,640.00 冻结=$0.00 购买力=$635,296.69 (HKD)
2026-07-30 00:18:39.755 | INFO | FUTU_US | [FUTU_US] 账户: 总资产=$9,999,874.35 现金=$9,996,058.01 证券=$3,816.34 冻结=$0.00 购买力=$19,995,932.36 (USD)
2026-07-30 00:18:45.260 | INFO | FUTU_HK | [FUTU_HK] 账户: 总资产=$823,936.69 现金=$635,296.69 证券=$188,640.00 冻结=$0.00 购买力=$635,296.69 (HKD)
2026-07-30 00:18:45.767 | INFO | FUTU_US | [FUTU_US] 账户: 总资产=$9,999,874.35 现金=$9,996,058.01 证券=$3,816.34 冻结=$0.00 购买力=$19,995,932.36 (USD)
2026-07-30 00:18:51.257 | INFO | FUTU_HK | [FUTU_HK] 账户: 总资产=$823,936.69 现金=$635,296.69 证券=$188,640.00 冻结=$0.00 购买力=$635,296.69 (HKD)
2026-07-30 00:18:51.764 | INFO | FUTU_US | [FUTU_US] 账户: 总资产=$9,999,874.35 现金=$9,996,058.01 证券=$3,816.34 冻结=$0.00 购买力=$19,995,932.36 (USD)
2026-07-30 00:18:57.259 | INFO | FUTU_HK | [FUTU_HK] 账户: 总资产=$823,936.69 现金=$635,296.69 证券=$188,640.00 冻结=$0.00 购买力=$635,296.69 (HKD)
2026-07-30 00:18:57.766 | INFO | FUTU_US | [FUTU_US] 账户: 总资产=$9,999,874.35 现金=$9,996,058.01 证券=$3,816.34 冻结=$0.00 购买力=$19,995,932.36 (USD)
2026-07-30 00:19:03.262 | INFO | FUTU_HK | [FUTU_HK] 账户: 总资产=$823,936.69 现金=$635,296.69 证券=$188,640.00 冻结=$0.00 购买力=$635,296.69 (HKD)
2026-07-30 00:19:03.767 | INFO | FUTU_US | [FUTU_US] 账户: 总资产=$9,999,874.35 现金=$9,996,058.01 证券=$3,816.34 冻结=$0.00 购买力=$19,995,932.36 (USD)
2026-07-30 00:19:09.265 | INFO | FUTU_HK | [FUTU_HK] 账户: 总资产=$823,936.69 现金=$635,296.69 证券=$188,640.00 冻结=$0.00 购买力=$635,296.69 (HKD)
2026-07-30 00:19:09.769 | INFO | FUTU_US | [FUTU_US] 账户: 总资产=$9,999,874.35 现金=$9,996,058.01 证券=$3,816.34 冻结=$0.00 购买力=$19,995,932.36 (USD)
2026-07-30 00:19:15.269 | INFO | FUTU_HK | [FUTU_HK] 账户: 总资产=$823,936.69 现金=$635,296.69 证券=$188,640.00 冻结=$0.00 购买力=$635,296.69 (HKD)
2026-07-30 00:19:15.771 | INFO | FUTU_US | [FUTU_US] 账户: 总资产=$9,999,874.35 现金=$9,996,058.01 证券=$3,816.34 冻结=$0.00 购买力=$19,995,932.36 (USD)
2026-07-30 00:19:21.272 | INFO | FUTU_HK | [FUTU_HK] 账户: 总资产=$823,936.69 现金=$635,296.69 证券=$188,640.00 冻结=$0.00 购买力=$635,296.69 (HKD)
2026-07-30 00:19:21.771 | INFO | FUTU_US | [FUTU_US] 账户: 总资产=$9,999,874.35 现金=$9,996,058.01 证券=$3,816.34 冻结=$0.00 购买力=$19,995,932.36 (USD)
2026-07-30 00:20:05.978 | INFO | FUTU_US | [FUTU_US] 行情接口连接成功（含多周期K线+TICKER）
2026-07-30 00:20:05.995 | INFO | FUTU_US | [FUTU_US] 交易接口解锁提示: 请使用OpenD页面右上角解锁按钮解锁交易，GUI版本OpenD已屏蔽解锁接口
2026-07-30 00:20:05.999 | INFO | FUTU_US | [FUTU_US] 账户列表 (共 2 个):
2026-07-30 00:20:05.999 | INFO | FUTU_US |   acc_id=281756478840044880 env=REAL type=MARGIN sim_type=N/A status=ACTIVE
2026-07-30 00:20:05.999 | INFO | FUTU_US |   acc_id=20074546 env=SIMULATE type=MARGIN sim_type=STOCK_AND_OPTION status=ACTIVE
2026-07-30 00:20:05.999 | INFO | FUTU_US | [FUTU_US] ✅ 选中: 美股模拟(股票+期权) acc_id=20074546
2026-07-30 00:20:06.000 | INFO | FUTU_US | [FUTU_US] 交易接口连接成功 (最终 acc_id=20074546)
2026-07-30 00:20:06.000 | INFO | FUTU_US | [FUTU_US] 警告：main_engine 为 None，无法自注册
2026-07-30 00:20:06.029 | INFO | FUTU_US | [FUTU_US] ✅ Tick 落盘监听器已注册 (EVENT_TICK)
2026-07-30 00:20:06.035 | INFO | FUTU_HK | [FUTU_HK] 行情接口连接成功（含多周期K线+TICKER）
2026-07-30 00:20:06.048 | INFO | FUTU_HK | [FUTU_HK] 交易接口解锁提示: 请使用OpenD页面右上角解锁按钮解锁交易，GUI版本OpenD已屏蔽解锁接口
2026-07-30 00:20:06.052 | INFO | FUTU_HK | [FUTU_HK] 账户列表 (共 3 个):
2026-07-30 00:20:06.052 | INFO | FUTU_HK |   acc_id=281756478840044880 env=REAL type=MARGIN sim_type=N/A status=ACTIVE
2026-07-30 00:20:06.053 | INFO | FUTU_HK |   acc_id=19110066 env=SIMULATE type=CASH sim_type=STOCK status=ACTIVE
2026-07-30 00:20:06.053 | INFO | FUTU_HK |   acc_id=19110071 env=SIMULATE type=MARGIN sim_type=OPTION status=ACTIVE
2026-07-30 00:20:06.054 | INFO | FUTU_HK | [FUTU_HK] ⚠️ 降级现金模拟 acc_id=19110066
2026-07-30 00:20:06.054 | INFO | FUTU_HK | [FUTU_HK] 交易接口连接成功 (最终 acc_id=19110066)
2026-07-30 00:20:06.055 | INFO | FUTU_HK | [FUTU_HK] 警告：main_engine 为 None，无法自注册
2026-07-30 00:20:06.680 | INFO | CtaStrategy | CTA策略引擎初始化成功
2026-07-30 00:20:06.775 | INFO | CtaStrategy | CTA策略引擎初始化成功
2026-07-30 00:20:16.577 | INFO | FUTU_HK | [FUTU_HK] 合约查询完成: 21367 个
2026-07-30 00:20:16.583 | INFO | FUTU_HK | [FUTU_HK] 查询成交失败: 模拟交易不支持成交数据
2026-07-30 00:20:16.604 | INFO | FUTU_HK | [FUTU_HK] 调试 accinfo 字段: ['power', 'max_power_short', 'net_cash_power', 'total_assets', 'securities_assets', 'fund_assets', 'bond_assets', 'cash', 'market_val', 'long_mv', 'short_mv', 'pending_asset', 'interest_charged_amount', 'frozen_cash', 'avl_withdrawal_cash', 'max_withdrawal', 'currency', 'available_funds', 'unrealized_pl', 'realized_pl', 'risk_level', 'risk_status', 'initial_margin', 'margin_call_margin', 'maintenance_margin', 'hk_cash', 'hk_avl_withdrawal_cash', 'hkd_net_cash_power', 'hkd_assets', 'us_cash', 'us_avl_withdrawal_cash', 'usd_net_cash_power', 'usd_assets', 'cn_cash', 'cn_avl_withdrawal_cash', 'cnh_net_cash_power', 'cnh_assets', 'jp_cash', 'jp_avl_withdrawal_cash', 'jpy_net_cash_power', 'jpy_assets', 'sg_cash', 'sg_avl_withdrawal_cash', 'sgd_net_cash_power', 'sgd_assets', 'au_cash', 'au_avl_withdrawal_cash', 'aud_net_cash_power', 'aud_assets', 'ca_cash', 'ca_avl_withdrawal_cash', 'cad_net_cash_power', 'cad_assets', 'my_cash', 'my_avl_withdrawal_cash', 'myr_net_cash_power', 'myr_assets', 'is_pdt', 'pdt_seq', 'beginning_dtbp', 'remaining_dtbp', 'dt_call_amount', 'dt_status']
2026-07-30 00:20:16.605 | INFO | FUTU_HK | [FUTU_HK] 账户: 总资产=$823,936.69 现金=$635,296.69 证券=$188,640.00 冻结=$0.00 购买力=$635,296.69 (HKD)
2026-07-30 00:20:17.982 | INFO | FUTU_US | [FUTU_US] 合约查询完成: 20579 个
2026-07-30 00:20:17.994 | INFO | FUTU_US | [FUTU_US] 查询成交失败: 模拟交易不支持成交数据
2026-07-30 00:20:18.014 | INFO | FUTU_US | [FUTU_US] 调试 accinfo 字段: ['power', 'max_power_short', 'net_cash_power', 'total_assets', 'securities_assets', 'fund_assets', 'bond_assets', 'cash', 'market_val', 'long_mv', 'short_mv', 'pending_asset', 'interest_charged_amount', 'frozen_cash', 'avl_withdrawal_cash', 'max_withdrawal', 'currency', 'available_funds', 'unrealized_pl', 'realized_pl', 'risk_level', 'risk_status', 'initial_margin', 'margin_call_margin', 'maintenance_margin', 'hk_cash', 'hk_avl_withdrawal_cash', 'hkd_net_cash_power', 'hkd_assets', 'us_cash', 'us_avl_withdrawal_cash', 'usd_net_cash_power', 'usd_assets', 'cn_cash', 'cn_avl_withdrawal_cash', 'cnh_net_cash_power', 'cnh_assets', 'jp_cash', 'jp_avl_withdrawal_cash', 'jpy_net_cash_power', 'jpy_assets', 'sg_cash', 'sg_avl_withdrawal_cash', 'sgd_net_cash_power', 'sgd_assets', 'au_cash', 'au_avl_withdrawal_cash', 'aud_net_cash_power', 'aud_assets', 'ca_cash', 'ca_avl_withdrawal_cash', 'cad_net_cash_power', 'cad_assets', 'my_cash', 'my_avl_withdrawal_cash', 'myr_net_cash_power', 'myr_assets', 'is_pdt', 'pdt_seq', 'beginning_dtbp', 'remaining_dtbp', 'dt_call_amount', 'dt_status']
2026-07-30 00:20:18.015 | INFO | FUTU_US | [FUTU_US] 账户: 总资产=$9,999,874.35 现金=$9,996,058.01 证券=$3,816.34 冻结=$0.00 购买力=$19,995,932.36 (USD)
2026-07-30 00:20:19.088 | INFO | FUTU_HK | [FUTU_HK] 账户: 总资产=$823,936.69 现金=$635,296.69 证券=$188,640.00 冻结=$0.00 购买力=$635,296.69 (HKD)
2026-07-30 00:20:20.908 | INFO | FUTU_US | [FUTU_US] 账户: 总资产=$9,999,874.35 现金=$9,996,058.01 证券=$3,816.34 冻结=$0.00 购买力=$19,995,932.36 (USD)
2026-07-30 00:20:25.089 | INFO | FUTU_HK | [FUTU_HK] 账户: 总资产=$823,936.69 现金=$635,296.69 证券=$188,640.00 冻结=$0.00 购买力=$635,296.69 (HKD)
2026-07-30 00:20:26.910 | INFO | FUTU_US | [FUTU_US] 账户: 总资产=$9,999,874.35 现金=$9,996,058.01 证券=$3,816.34 冻结=$0.00 购买力=$19,995,932.36 (USD)
2026-07-30 00:20:31.097 | INFO | FUTU_HK | [FUTU_HK] 账户: 总资产=$823,936.69 现金=$635,296.69 证券=$188,640.00 冻结=$0.00 购买力=$635,296.69 (HKD)
2026-07-30 00:20:32.920 | INFO | FUTU_US | [FUTU_US] 账户: 总资产=$9,999,874.35 现金=$9,996,058.01 证券=$3,816.34 冻结=$0.00 购买力=$19,995,932.36 (USD)
2026-07-30 00:20:37.184 | INFO | FUTU_HK | [FUTU_HK] 账户: 总资产=$823,936.69 现金=$635,296.69 证券=$188,640.00 冻结=$0.00 购买力=$635,296.69 (HKD)
2026-07-30 00:20:38.922 | INFO | FUTU_US | [FUTU_US] 账户: 总资产=$9,999,874.35 现金=$9,996,058.01 证券=$3,816.34 冻结=$0.00 购买力=$19,995,932.36 (USD)
2026-07-30 00:20:43.182 | INFO | FUTU_HK | [FUTU_HK] 账户: 总资产=$823,936.69 现金=$635,296.69 证券=$188,640.00 冻结=$0.00 购买力=$635,296.69 (HKD)
2026-07-30 00:20:44.918 | INFO | FUTU_US | [FUTU_US] 账户: 总资产=$9,999,874.35 现金=$9,996,058.01 证券=$3,816.34 冻结=$0.00 购买力=$19,995,932.36 (USD)
2026-07-30 00:20:49.187 | INFO | FUTU_HK | [FUTU_HK] 账户: 总资产=$823,936.69 现金=$635,296.69 证券=$188,640.00 冻结=$0.00 购买力=$635,296.69 (HKD)
2026-07-30 00:20:50.920 | INFO | FUTU_US | [FUTU_US] 账户: 总资产=$9,999,874.35 现金=$9,996,058.01 证券=$3,816.34 冻结=$0.00 购买力=$19,995,932.36 (USD)
2026-07-30 00:20:55.187 | INFO | FUTU_HK | [FUTU_HK] 账户: 总资产=$823,936.69 现金=$635,296.69 证券=$188,640.00 冻结=$0.00 购买力=$635,296.69 (HKD)
2026-07-30 00:20:56.923 | INFO | FUTU_US | [FUTU_US] 账户: 总资产=$9,999,874.35 现金=$9,996,058.01 证券=$3,816.34 冻结=$0.00 购买力=$19,995,932.36 (USD)
2026-07-30 00:21:01.191 | INFO | FUTU_HK | [FUTU_HK] 账户: 总资产=$823,936.69 现金=$635,296.69 证券=$188,640.00 冻结=$0.00 购买力=$635,296.69 (HKD)
2026-07-30 00:21:02.935 | INFO | FUTU_US | [FUTU_US] 账户: 总资产=$9,999,874.35 现金=$9,996,058.01 证券=$3,816.34 冻结=$0.00 购买力=$19,995,932.36 (USD)
2026-07-30 00:21:07.197 | INFO | FUTU_HK | [FUTU_HK] 账户: 总资产=$823,936.69 现金=$635,296.69 证券=$188,640.00 冻结=$0.00 购买力=$635,296.69 (HKD)
2026-07-30 00:21:08.936 | INFO | FUTU_US | [FUTU_US] 账户: 总资产=$9,999,874.35 现金=$9,996,058.01 证券=$3,816.34 冻结=$0.00 购买力=$19,995,932.36 (USD)
2026-07-30 00:21:13.198 | INFO | FUTU_HK | [FUTU_HK] 账户: 总资产=$823,936.69 现金=$635,296.69 证券=$188,640.00 冻结=$0.00 购买力=$635,296.69 (HKD)
2026-07-30 00:21:14.941 | INFO | FUTU_US | [FUTU_US] 账户: 总资产=$9,999,874.35 现金=$9,996,058.01 证券=$3,816.34 冻结=$0.00 购买力=$19,995,932.36 (USD)
2026-07-30 00:21:19.204 | INFO | FUTU_HK | [FUTU_HK] 账户: 总资产=$823,936.69 现金=$635,296.69 证券=$188,640.00 冻结=$0.00 购买力=$635,296.69 (HKD)
2026-07-30 00:21:20.940 | INFO | FUTU_US | [FUTU_US] 账户: 总资产=$9,999,874.35 现金=$9,996,058.01 证券=$3,816.34 冻结=$0.00 购买力=$19,995,932.36 (USD)
2026-07-30 00:21:25.207 | INFO | FUTU_HK | [FUTU_HK] 账户: 总资产=$823,936.69 现金=$635,296.69 证券=$188,640.00 冻结=$0.00 购买力=$635,296.69 (HKD)
2026-07-30 00:21:26.943 | INFO | FUTU_US | [FUTU_US] 账户: 总资产=$9,999,874.35 现金=$9,996,058.01 证券=$3,816.34 冻结=$0.00 购买力=$19,995,932.36 (USD)
2026-07-30 00:21:31.206 | INFO | FUTU_HK | [FUTU_HK] 账户: 总资产=$823,936.69 现金=$635,296.69 证券=$188,640.00 冻结=$0.00 购买力=$635,296.69 (HKD)
2026-07-30 00:21:32.997 | INFO | FUTU_US | [FUTU_US] 账户: 总资产=$9,999,874.35 现金=$9,996,058.01 证券=$3,816.34 冻结=$0.00 购买力=$19,995,932.36 (USD)
2026-07-30 00:21:37.212 | INFO | FUTU_HK | [FUTU_HK] 账户: 总资产=$823,936.69 现金=$635,296.69 证券=$188,640.00 冻结=$0.00 购买力=$635,296.69 (HKD)
2026-07-30 00:21:39.001 | INFO | FUTU_US | [FUTU_US] 账户: 总资产=$9,999,874.35 现金=$9,996,058.01 证券=$3,816.34 冻结=$0.00 购买力=$19,995,932.36 (USD)
2026-07-30 00:21:43.211 | INFO | FUTU_HK | [FUTU_HK] 账户: 总资产=$823,936.69 现金=$635,296.69 证券=$188,640.00 冻结=$0.00 购买力=$635,296.69 (HKD)
2026-07-30 00:21:45.007 | INFO | FUTU_US | [FUTU_US] 账户: 总资产=$9,999,874.35 现金=$9,996,058.01 证券=$3,816.34 冻结=$0.00 购买力=$19,995,932.36 (USD)
2026-07-30 00:21:49.213 | INFO | FUTU_HK | [FUTU_HK] 账户: 总资产=$823,936.69 现金=$635,296.69 证券=$188,640.00 冻结=$0.00 购买力=$635,296.69 (HKD)
2026-07-30 00:21:51.007 | INFO | FUTU_US | [FUTU_US] 账户: 总资产=$9,999,874.35 现金=$9,996,058.01 证券=$3,816.34 冻结=$0.00 购买力=$19,995,932.36 (USD)
2026-07-30 00:21:55.216 | INFO | FUTU_HK | [FUTU_HK] 账户: 总资产=$823,936.69 现金=$635,296.69 证券=$188,640.00 冻结=$0.00 购买力=$635,296.69 (HKD)
2026-07-30 00:21:57.011 | INFO | FUTU_US | [FUTU_US] 账户: 总资产=$9,999,874.35 现金=$9,996,058.01 证券=$3,816.34 冻结=$0.00 购买力=$19,995,932.36 (USD)
2026-07-30 00:22:01.214 | INFO | FUTU_HK | [FUTU_HK] 账户: 总资产=$823,936.69 现金=$635,296.69 证券=$188,640.00 冻结=$0.00 购买力=$635,296.69 (HKD)
2026-07-30 00:22:03.011 | INFO | FUTU_US | [FUTU_US] 账户: 总资产=$9,999,879.91 现金=$9,996,058.01 证券=$3,821.90 冻结=$0.00 购买力=$19,995,937.92 (USD)
2026-07-30 00:22:07.221 | INFO | FUTU_HK | [FUTU_HK] 账户: 总资产=$823,936.69 现金=$635,296.69 证券=$188,640.00 冻结=$0.00 购买力=$635,296.69 (HKD)
2026-07-30 00:22:09.018 | INFO | FUTU_US | [FUTU_US] 账户: 总资产=$9,999,879.91 现金=$9,996,058.01 证券=$3,821.90 冻结=$0.00 购买力=$19,995,937.92 (USD)
2026-07-30 00:22:13.227 | INFO | FUTU_HK | [FUTU_HK] 账户: 总资产=$823,936.69 现金=$635,296.69 证券=$188,640.00 冻结=$0.00 购买力=$635,296.69 (HKD)
2026-07-30 00:22:15.019 | INFO | FUTU_US | [FUTU_US] 账户: 总资产=$9,999,879.91 现金=$9,996,058.01 证券=$3,821.90 冻结=$0.00 购买力=$19,995,937.92 (USD)
2026-07-30 00:22:19.246 | INFO | FUTU_HK | [FUTU_HK] 账户: 总资产=$823,936.69 现金=$635,296.69 证券=$188,640.00 冻结=$0.00 购买力=$635,296.69 (HKD)
2026-07-30 00:22:21.021 | INFO | FUTU_US | [FUTU_US] 账户: 总资产=$9,999,879.91 现金=$9,996,058.01 证券=$3,821.90 冻结=$0.00 购买力=$19,995,937.92 (USD)
2026-07-30 00:22:25.252 | INFO | FUTU_HK | [FUTU_HK] 账户: 总资产=$823,936.69 现金=$635,296.69 证券=$188,640.00 冻结=$0.00 购买力=$635,296.69 (HKD)
2026-07-30 00:22:27.021 | INFO | FUTU_US | [FUTU_US] 账户: 总资产=$9,999,879.91 现金=$9,996,058.01 证券=$3,821.90 冻结=$0.00 购买力=$19,995,937.92 (USD)
2026-07-30 00:22:31.255 | INFO | FUTU_HK | [FUTU_HK] 账户: 总资产=$823,936.69 现金=$635,296.69 证券=$188,640.00 冻结=$0.00 购买力=$635,296.69 (HKD)
2026-07-30 00:22:33.029 | INFO | FUTU_US | [FUTU_US] 账户: 总资产=$9,999,883.01 现金=$9,996,058.01 证券=$3,825.00 冻结=$0.00 购买力=$19,995,941.02 (USD)
2026-07-30 00:22:37.261 | INFO | FUTU_HK | [FUTU_HK] 账户: 总资产=$823,936.69 现金=$635,296.69 证券=$188,640.00 冻结=$0.00 购买力=$635,296.69 (HKD)
2026-07-30 00:22:39.027 | INFO | FUTU_US | [FUTU_US] 账户: 总资产=$9,999,883.01 现金=$9,996,058.01 证券=$3,825.00 冻结=$0.00 购买力=$19,995,941.02 (USD)
2026-07-30 00:22:43.255 | INFO | FUTU_HK | [FUTU_HK] 账户: 总资产=$823,936.69 现金=$635,296.69 证券=$188,640.00 冻结=$0.00 购买力=$635,296.69 (HKD)
2026-07-30 00:22:45.033 | INFO | FUTU_US | [FUTU_US] 账户: 总资产=$9,999,883.01 现金=$9,996,058.01 证券=$3,825.00 冻结=$0.00 购买力=$19,995,941.02 (USD)
2026-07-30 00:22:49.265 | INFO | FUTU_HK | [FUTU_HK] 账户: 总资产=$823,936.69 现金=$635,296.69 证券=$188,640.00 冻结=$0.00 购买力=$635,296.69 (HKD)
2026-07-30 00:22:51.035 | INFO | FUTU_US | [FUTU_US] 账户: 总资产=$9,999,883.01 现金=$9,996,058.01 证券=$3,825.00 冻结=$0.00 购买力=$19,995,941.02 (USD)
2026-07-30 00:22:55.262 | INFO | FUTU_HK | [FUTU_HK] 账户: 总资产=$823,936.69 现金=$635,296.69 证券=$188,640.00 冻结=$0.00 购买力=$635,296.69 (HKD)
2026-07-30 00:22:57.039 | INFO | FUTU_US | [FUTU_US] 账户: 总资产=$9,999,883.01 现金=$9,996,058.01 证券=$3,825.00 冻结=$0.00 购买力=$19,995,941.02 (USD)
2026-07-30 00:23:01.268 | INFO | FUTU_HK | [FUTU_HK] 账户: 总资产=$823,936.69 现金=$635,296.69 证券=$188,640.00 冻结=$0.00 购买力=$635,296.69 (HKD)
2026-07-30 00:23:03.043 | INFO | FUTU_US | [FUTU_US] 账户: 总资产=$9,999,883.01 现金=$9,996,058.01 证券=$3,825.00 冻结=$0.00 购买力=$19,995,941.02 (USD)
2026-07-30 00:23:07.269 | INFO | FUTU_HK | [FUTU_HK] 账户: 总资产=$823,936.69 现金=$635,296.69 证券=$188,640.00 冻结=$0.00 购买力=$635,296.69 (HKD)
2026-07-30 00:23:09.045 | INFO | FUTU_US | [FUTU_US] 账户: 总资产=$9,999,883.01 现金=$9,996,058.01 证券=$3,825.00 冻结=$0.00 购买力=$19,995,941.02 (USD)
2026-07-30 00:23:13.282 | INFO | FUTU_HK | [FUTU_HK] 账户: 总资产=$823,936.69 现金=$635,296.69 证券=$188,640.00 冻结=$0.00 购买力=$635,296.69 (HKD)
2026-07-30 00:23:15.052 | INFO | FUTU_US | [FUTU_US] 账户: 总资产=$9,999,883.01 现金=$9,996,058.01 证券=$3,825.00 冻结=$0.00 购买力=$19,995,941.02 (USD)
2026-07-30 00:23:19.285 | INFO | FUTU_HK | [FUTU_HK] 账户: 总资产=$823,936.69 现金=$635,296.69 证券=$188,640.00 冻结=$0.00 购买力=$635,296.69 (HKD)
2026-07-30 00:23:21.053 | INFO | FUTU_US | [FUTU_US] 账户: 总资产=$9,999,883.01 现金=$9,996,058.01 证券=$3,825.00 冻结=$0.00 购买力=$19,995,941.02 (USD)
2026-07-30 00:23:25.284 | INFO | FUTU_HK | [FUTU_HK] 账户: 总资产=$823,936.69 现金=$635,296.69 证券=$188,640.00 冻结=$0.00 购买力=$635,296.69 (HKD)
2026-07-30 00:23:27.044 | INFO | FUTU_US | [FUTU_US] 账户: 总资产=$9,999,883.01 现金=$9,996,058.01 证券=$3,825.00 冻结=$0.00 购买力=$19,995,941.02 (USD)
2026-07-30 00:23:31.287 | INFO | FUTU_HK | [FUTU_HK] 账户: 总资产=$823,936.69 现金=$635,296.69 证券=$188,640.00 冻结=$0.00 购买力=$635,296.69 (HKD)
2026-07-30 00:23:33.058 | INFO | FUTU_US | [FUTU_US] 账户: 总资产=$9,999,883.01 现金=$9,996,058.01 证券=$3,825.00 冻结=$0.00 购买力=$19,995,941.02 (USD)
2026-07-30 00:23:37.290 | INFO | FUTU_HK | [FUTU_HK] 账户: 总资产=$823,936.69 现金=$635,296.69 证券=$188,640.00 冻结=$0.00 购买力=$635,296.69 (HKD)
2026-07-30 00:23:39.059 | INFO | FUTU_US | [FUTU_US] 账户: 总资产=$9,999,883.01 现金=$9,996,058.01 证券=$3,825.00 冻结=$0.00 购买力=$19,995,941.02 (USD)
2026-07-30 00:23:43.288 | INFO | FUTU_HK | [FUTU_HK] 账户: 总资产=$823,936.69 现金=$635,296.69 证券=$188,640.00 冻结=$0.00 购买力=$635,296.69 (HKD)
2026-07-30 00:23:45.055 | INFO | FUTU_US | [FUTU_US] 账户: 总资产=$9,999,883.01 现金=$9,996,058.01 证券=$3,825.00 冻结=$0.00 购买力=$19,995,941.02 (USD)
2026-07-30 00:23:49.297 | INFO | FUTU_HK | [FUTU_HK] 账户: 总资产=$823,936.69 现金=$635,296.69 证券=$188,640.00 冻结=$0.00 购买力=$635,296.69 (HKD)
2026-07-30 00:23:51.057 | INFO | FUTU_US | [FUTU_US] 账户: 总资产=$9,999,883.01 现金=$9,996,058.01 证券=$3,825.00 冻结=$0.00 购买力=$19,995,941.02 (USD)
2026-07-30 00:23:55.300 | INFO | FUTU_HK | [FUTU_HK] 账户: 总资产=$823,936.69 现金=$635,296.69 证券=$188,640.00 冻结=$0.00 购买力=$635,296.69 (HKD)
2026-07-30 00:23:57.064 | INFO | FUTU_US | [FUTU_US] 账户: 总资产=$9,999,883.01 现金=$9,996,058.01 证券=$3,825.00 冻结=$0.00 购买力=$19,995,941.02 (USD)
2026-07-30 00:24:01.294 | INFO | FUTU_HK | [FUTU_HK] 账户: 总资产=$823,936.69 现金=$635,296.69 证券=$188,640.00 冻结=$0.00 购买力=$635,296.69 (HKD)
2026-07-30 00:24:17.056 | INFO | FUTU_US | [FUTU_US] 行情接口连接成功（含多周期K线+TICKER）
2026-07-30 00:24:17.069 | INFO | FUTU_US | [FUTU_US] 交易接口解锁提示: 请使用OpenD页面右上角解锁按钮解锁交易，GUI版本OpenD已屏蔽解锁接口
2026-07-30 00:24:17.074 | INFO | FUTU_US | [FUTU_US] 账户列表 (共 2 个):
2026-07-30 00:24:17.074 | INFO | FUTU_US |   acc_id=281756478840044880 env=REAL type=MARGIN sim_type=N/A status=ACTIVE
2026-07-30 00:24:17.075 | INFO | FUTU_US |   acc_id=20074546 env=SIMULATE type=MARGIN sim_type=STOCK_AND_OPTION status=ACTIVE
2026-07-30 00:24:17.075 | INFO | FUTU_US | [FUTU_US] ✅ 选中: 美股模拟(股票+期权) acc_id=20074546
2026-07-30 00:24:17.075 | INFO | FUTU_US | [FUTU_US] 交易接口连接成功 (最终 acc_id=20074546)
2026-07-30 00:24:17.075 | INFO | FUTU_US | [FUTU_US] 警告：main_engine 为 None，无法自注册
2026-07-30 00:24:17.099 | INFO | FUTU_US | [FUTU_US] ✅ Tick 落盘监听器已注册 (EVENT_TICK)
2026-07-30 00:24:17.104 | INFO | FUTU_HK | [FUTU_HK] 行情接口连接成功（含多周期K线+TICKER）
2026-07-30 00:24:17.115 | INFO | FUTU_HK | [FUTU_HK] 交易接口解锁提示: 请使用OpenD页面右上角解锁按钮解锁交易，GUI版本OpenD已屏蔽解锁接口
2026-07-30 00:24:17.120 | INFO | FUTU_HK | [FUTU_HK] 账户列表 (共 3 个):
2026-07-30 00:24:17.120 | INFO | FUTU_HK |   acc_id=281756478840044880 env=REAL type=MARGIN sim_type=N/A status=ACTIVE
2026-07-30 00:24:17.120 | INFO | FUTU_HK |   acc_id=19110066 env=SIMULATE type=CASH sim_type=STOCK status=ACTIVE
2026-07-30 00:24:17.121 | INFO | FUTU_HK |   acc_id=19110071 env=SIMULATE type=MARGIN sim_type=OPTION status=ACTIVE
2026-07-30 00:24:17.121 | INFO | FUTU_HK | [FUTU_HK] ⚠️ 降级现金模拟 acc_id=19110066
2026-07-30 00:24:17.122 | INFO | FUTU_HK | [FUTU_HK] 交易接口连接成功 (最终 acc_id=19110066)
2026-07-30 00:24:17.122 | INFO | FUTU_HK | [FUTU_HK] 警告：main_engine 为 None，无法自注册
2026-07-30 00:24:17.991 | INFO | CtaStrategy | CTA策略引擎初始化成功
2026-07-30 00:24:18.088 | INFO | CtaStrategy | CTA策略引擎初始化成功
2026-07-30 00:24:28.438 | INFO | FUTU_HK | [FUTU_HK] 合约查询完成: 21367 个
2026-07-30 00:24:28.443 | INFO | FUTU_HK | [FUTU_HK] 查询成交失败: 模拟交易不支持成交数据
2026-07-30 00:24:28.469 | INFO | FUTU_HK | [FUTU_HK] 调试 accinfo 字段: ['power', 'max_power_short', 'net_cash_power', 'total_assets', 'securities_assets', 'fund_assets', 'bond_assets', 'cash', 'market_val', 'long_mv', 'short_mv', 'pending_asset', 'interest_charged_amount', 'frozen_cash', 'avl_withdrawal_cash', 'max_withdrawal', 'currency', 'available_funds', 'unrealized_pl', 'realized_pl', 'risk_level', 'risk_status', 'initial_margin', 'margin_call_margin', 'maintenance_margin', 'hk_cash', 'hk_avl_withdrawal_cash', 'hkd_net_cash_power', 'hkd_assets', 'us_cash', 'us_avl_withdrawal_cash', 'usd_net_cash_power', 'usd_assets', 'cn_cash', 'cn_avl_withdrawal_cash', 'cnh_net_cash_power', 'cnh_assets', 'jp_cash', 'jp_avl_withdrawal_cash', 'jpy_net_cash_power', 'jpy_assets', 'sg_cash', 'sg_avl_withdrawal_cash', 'sgd_net_cash_power', 'sgd_assets', 'au_cash', 'au_avl_withdrawal_cash', 'aud_net_cash_power', 'aud_assets', 'ca_cash', 'ca_avl_withdrawal_cash', 'cad_net_cash_power', 'cad_assets', 'my_cash', 'my_avl_withdrawal_cash', 'myr_net_cash_power', 'myr_assets', 'is_pdt', 'pdt_seq', 'beginning_dtbp', 'remaining_dtbp', 'dt_call_amount', 'dt_status']
2026-07-30 00:24:28.470 | INFO | FUTU_HK | [FUTU_HK] 账户: 总资产=$823,936.69 现金=$635,296.69 证券=$188,640.00 冻结=$0.00 购买力=$635,296.69 (HKD)
2026-07-30 00:24:30.530 | INFO | FUTU_US | [FUTU_US] 合约查询完成: 20579 个
2026-07-30 00:24:30.535 | INFO | FUTU_US | [FUTU_US] 查询成交失败: 模拟交易不支持成交数据
2026-07-30 00:24:30.555 | INFO | FUTU_US | [FUTU_US] 调试 accinfo 字段: ['power', 'max_power_short', 'net_cash_power', 'total_assets', 'securities_assets', 'fund_assets', 'bond_assets', 'cash', 'market_val', 'long_mv', 'short_mv', 'pending_asset', 'interest_charged_amount', 'frozen_cash', 'avl_withdrawal_cash', 'max_withdrawal', 'currency', 'available_funds', 'unrealized_pl', 'realized_pl', 'risk_level', 'risk_status', 'initial_margin', 'margin_call_margin', 'maintenance_margin', 'hk_cash', 'hk_avl_withdrawal_cash', 'hkd_net_cash_power', 'hkd_assets', 'us_cash', 'us_avl_withdrawal_cash', 'usd_net_cash_power', 'usd_assets', 'cn_cash', 'cn_avl_withdrawal_cash', 'cnh_net_cash_power', 'cnh_assets', 'jp_cash', 'jp_avl_withdrawal_cash', 'jpy_net_cash_power', 'jpy_assets', 'sg_cash', 'sg_avl_withdrawal_cash', 'sgd_net_cash_power', 'sgd_assets', 'au_cash', 'au_avl_withdrawal_cash', 'aud_net_cash_power', 'aud_assets', 'ca_cash', 'ca_avl_withdrawal_cash', 'cad_net_cash_power', 'cad_assets', 'my_cash', 'my_avl_withdrawal_cash', 'myr_net_cash_power', 'myr_assets', 'is_pdt', 'pdt_seq', 'beginning_dtbp', 'remaining_dtbp', 'dt_call_amount', 'dt_status']
2026-07-30 00:24:30.555 | INFO | FUTU_US | [FUTU_US] 账户: 总资产=$9,999,883.01 现金=$9,996,058.01 证券=$3,825.00 冻结=$0.00 购买力=$19,995,941.02 (USD)
2026-07-30 00:24:31.206 | INFO | FUTU_HK | [FUTU_HK] 账户: 总资产=$823,936.69 现金=$635,296.69 证券=$188,640.00 冻结=$0.00 购买力=$635,296.69 (HKD)
2026-07-30 00:24:32.166 | INFO | CtaStrategy | [TrendStrategy_AAPL_SMART]  AI参数加载失败: 'DBManager' object has no attribute 'get_latest_params'
2026-07-30 00:24:32.167 | INFO | CtaStrategy | [TrendStrategy_AAPL_SMART]  [INIT] TrendStrategy_AAPL_SMART | AAPL.SMART | US=True HK=False v1
2026-07-30 00:24:32.170 | INFO | CtaStrategy | TrendStrategy_AAPL_SMART开始执行初始化
2026-07-30 00:24:32.170 | INFO | CtaStrategy | [TrendStrategy_AAPL_SMART]  ✅ TrendStrategy_AAPL_SMART 初始化完成 (v1)
2026-07-30 00:24:32.170 | INFO | CtaStrategy | [TrendStrategy_AAPL_SMART]  趋势策略初始化 | 快线=10 慢线=30 ADX=20
2026-07-30 00:24:32.170 | INFO | MainEngine | 订阅行情 -> FUTU_US：SubscribeRequest(symbol='AAPL', exchange=<Exchange.SMART: 'SMART'>)
2026-07-30 00:24:32.171 | INFO | FUTU_US | [FUTU_US] 订阅参数: US.AAPL session=ALL
2026-07-30 00:24:32.171 | INFO | CtaStrategy | 策略TrendStrategy_AAPL_SMART启动失败，请先初始化
2026-07-30 00:24:32.174 | INFO | CtaStrategy | [TrendStrategy_AMD_SMART]  AI参数加载失败: 'DBManager' object has no attribute 'get_latest_params'
2026-07-30 00:24:32.174 | INFO | CtaStrategy | [TrendStrategy_AMD_SMART]  [INIT] TrendStrategy_AMD_SMART | AMD.SMART | US=True HK=False v1
2026-07-30 00:24:32.175 | INFO | CtaStrategy | 策略TrendStrategy_AMD_SMART启动失败，请先初始化
2026-07-30 00:24:32.180 | INFO | CtaStrategy | [TrendStrategy_AMZN_SMART]  AI参数加载失败: 'DBManager' object has no attribute 'get_latest_params'
2026-07-30 00:24:32.181 | INFO | CtaStrategy | [TrendStrategy_AMZN_SMART]  [INIT] TrendStrategy_AMZN_SMART | AMZN.SMART | US=True HK=False v1
2026-07-30 00:24:32.183 | INFO | CtaStrategy | 策略TrendStrategy_AMZN_SMART启动失败，请先初始化
2026-07-30 00:24:32.187 | INFO | CtaStrategy | [TrendStrategy_BABA_SMART]  AI参数加载失败: 'DBManager' object has no attribute 'get_latest_params'
2026-07-30 00:24:32.188 | INFO | CtaStrategy | [TrendStrategy_BABA_SMART]  [INIT] TrendStrategy_BABA_SMART | BABA.SMART | US=True HK=False v1
2026-07-30 00:24:32.189 | INFO | CtaStrategy | 策略TrendStrategy_BABA_SMART启动失败，请先初始化
2026-07-30 00:24:32.193 | INFO | CtaStrategy | [TrendStrategy_GOOGL_SMART]  AI参数加载失败: 'DBManager' object has no attribute 'get_latest_params'
2026-07-30 00:24:32.194 | INFO | CtaStrategy | [TrendStrategy_GOOGL_SMART]  [INIT] TrendStrategy_GOOGL_SMART | GOOGL.SMART | US=True HK=False v1
2026-07-30 00:24:32.197 | INFO | CtaStrategy | 策略TrendStrategy_GOOGL_SMART启动失败，请先初始化
2026-07-30 00:24:32.201 | INFO | CtaStrategy | [TrendStrategy_META_SMART]  AI参数加载失败: 'DBManager' object has no attribute 'get_latest_params'
2026-07-30 00:24:32.202 | INFO | CtaStrategy | [TrendStrategy_META_SMART]  [INIT] TrendStrategy_META_SMART | META.SMART | US=True HK=False v1
2026-07-30 00:24:32.204 | INFO | CtaStrategy | 策略TrendStrategy_META_SMART启动失败，请先初始化
2026-07-30 00:24:32.208 | INFO | CtaStrategy | [TrendStrategy_MSFT_SMART]  AI参数加载失败: 'DBManager' object has no attribute 'get_latest_params'
2026-07-30 00:24:32.208 | INFO | CtaStrategy | [TrendStrategy_MSFT_SMART]  [INIT] TrendStrategy_MSFT_SMART | MSFT.SMART | US=True HK=False v1
2026-07-30 00:24:32.210 | INFO | CtaStrategy | 策略TrendStrategy_MSFT_SMART启动失败，请先初始化
2026-07-30 00:24:32.218 | INFO | CtaStrategy | [TrendStrategy_NFLX_SMART]  AI参数加载失败: 'DBManager' object has no attribute 'get_latest_params'
2026-07-30 00:24:32.219 | INFO | CtaStrategy | [TrendStrategy_NFLX_SMART]  [INIT] TrendStrategy_NFLX_SMART | NFLX.SMART | US=True HK=False v1
2026-07-30 00:24:32.221 | INFO | CtaStrategy | 策略TrendStrategy_NFLX_SMART启动失败，请先初始化
2026-07-30 00:24:32.232 | INFO | FUTU_US | [FUTU_US] ✅ 全套订阅成功: US.AAPL
2026-07-30 00:24:32.233 | INFO | CtaStrategy | TrendStrategy_AAPL_SMART初始化完成
2026-07-30 00:24:32.234 | INFO | CtaStrategy | TrendStrategy_AMD_SMART开始执行初始化
2026-07-30 00:24:32.234 | INFO | CtaStrategy | [TrendStrategy_AMD_SMART]  ✅ TrendStrategy_AMD_SMART 初始化完成 (v1)
2026-07-30 00:24:32.236 | INFO | CtaStrategy | [TrendStrategy_AMD_SMART]  趋势策略初始化 | 快线=10 慢线=30 ADX=20
2026-07-30 00:24:32.239 | INFO | MainEngine | 订阅行情 -> FUTU_US：SubscribeRequest(symbol='AMD', exchange=<Exchange.SMART: 'SMART'>)
2026-07-30 00:24:32.239 | INFO | FUTU_US | [FUTU_US] 订阅参数: US.AMD session=ALL
2026-07-30 00:24:32.240 | INFO | CtaStrategy | [TrendStrategy_NVDA_SMART]  AI参数加载失败: 'DBManager' object has no attribute 'get_latest_params'
2026-07-30 00:24:32.240 | INFO | CtaStrategy | [TrendStrategy_NVDA_SMART]  [INIT] TrendStrategy_NVDA_SMART | NVDA.SMART | US=True HK=False v1
2026-07-30 00:24:32.241 | INFO | CtaStrategy | 策略TrendStrategy_NVDA_SMART启动失败，请先初始化
2026-07-30 00:24:32.244 | INFO | CtaStrategy | [TrendStrategy_TSLA_SMART]  AI参数加载失败: 'DBManager' object has no attribute 'get_latest_params'
2026-07-30 00:24:32.244 | INFO | CtaStrategy | [TrendStrategy_TSLA_SMART]  [INIT] TrendStrategy_TSLA_SMART | TSLA.SMART | US=True HK=False v1
2026-07-30 00:24:32.246 | INFO | CtaStrategy | 策略TrendStrategy_TSLA_SMART启动失败，请先初始化
2026-07-30 00:24:32.274 | INFO | FUTU_US | [FUTU_US] ✅ 全套订阅成功: US.AMD
2026-07-30 00:24:32.274 | INFO | CtaStrategy | TrendStrategy_AMD_SMART初始化完成
2026-07-30 00:24:32.276 | INFO | CtaStrategy | TrendStrategy_AMZN_SMART开始执行初始化
2026-07-30 00:24:32.276 | INFO | CtaStrategy | [TrendStrategy_AMZN_SMART]  ✅ TrendStrategy_AMZN_SMART 初始化完成 (v1)
2026-07-30 00:24:32.277 | INFO | CtaStrategy | [TrendStrategy_AMZN_SMART]  趋势策略初始化 | 快线=10 慢线=30 ADX=20
2026-07-30 00:24:32.277 | INFO | MainEngine | 订阅行情 -> FUTU_US：SubscribeRequest(symbol='AMZN', exchange=<Exchange.SMART: 'SMART'>)
2026-07-30 00:24:32.280 | INFO | FUTU_US | [FUTU_US] 订阅参数: US.AMZN session=ALL
2026-07-30 00:24:32.316 | INFO | FUTU_US | [FUTU_US] ✅ 全套订阅成功: US.AMZN
2026-07-30 00:24:32.316 | INFO | CtaStrategy | TrendStrategy_AMZN_SMART初始化完成
2026-07-30 00:24:32.317 | INFO | CtaStrategy | TrendStrategy_BABA_SMART开始执行初始化
2026-07-30 00:24:32.318 | INFO | CtaStrategy | [TrendStrategy_BABA_SMART]  ✅ TrendStrategy_BABA_SMART 初始化完成 (v1)
2026-07-30 00:24:32.319 | INFO | CtaStrategy | [TrendStrategy_BABA_SMART]  趋势策略初始化 | 快线=10 慢线=30 ADX=20
2026-07-30 00:24:32.320 | INFO | MainEngine | 订阅行情 -> FUTU_US：SubscribeRequest(symbol='BABA', exchange=<Exchange.SMART: 'SMART'>)
2026-07-30 00:24:32.321 | INFO | FUTU_US | [FUTU_US] 订阅参数: US.BABA session=ALL
2026-07-30 00:24:32.365 | INFO | FUTU_US | [FUTU_US] ✅ 全套订阅成功: US.BABA
2026-07-30 00:24:32.366 | INFO | CtaStrategy | TrendStrategy_BABA_SMART初始化完成
2026-07-30 00:24:32.366 | INFO | CtaStrategy | TrendStrategy_GOOGL_SMART开始执行初始化
2026-07-30 00:24:32.366 | INFO | CtaStrategy | [TrendStrategy_GOOGL_SMART]  ✅ TrendStrategy_GOOGL_SMART 初始化完成 (v1)
2026-07-30 00:24:32.366 | INFO | CtaStrategy | [TrendStrategy_GOOGL_SMART]  趋势策略初始化 | 快线=10 慢线=30 ADX=20
2026-07-30 00:24:32.366 | INFO | MainEngine | 订阅行情 -> FUTU_US：SubscribeRequest(symbol='GOOGL', exchange=<Exchange.SMART: 'SMART'>)
2026-07-30 00:24:32.367 | INFO | FUTU_US | [FUTU_US] 订阅参数: US.GOOGL session=ALL
2026-07-30 00:24:32.407 | INFO | FUTU_US | [FUTU_US] ✅ 全套订阅成功: US.GOOGL
2026-07-30 00:24:32.408 | INFO | CtaStrategy | TrendStrategy_GOOGL_SMART初始化完成
2026-07-30 00:24:32.411 | INFO | CtaStrategy | TrendStrategy_META_SMART开始执行初始化
2026-07-30 00:24:32.411 | INFO | CtaStrategy | [TrendStrategy_META_SMART]  ✅ TrendStrategy_META_SMART 初始化完成 (v1)
2026-07-30 00:24:32.413 | INFO | CtaStrategy | [TrendStrategy_META_SMART]  趋势策略初始化 | 快线=10 慢线=30 ADX=20
2026-07-30 00:24:32.413 | INFO | MainEngine | 订阅行情 -> FUTU_US：SubscribeRequest(symbol='META', exchange=<Exchange.SMART: 'SMART'>)
2026-07-30 00:24:32.415 | INFO | FUTU_US | [FUTU_US] 订阅参数: US.META session=ALL
2026-07-30 00:24:32.448 | INFO | FUTU_US | [FUTU_US] ✅ 全套订阅成功: US.META
2026-07-30 00:24:32.448 | INFO | CtaStrategy | TrendStrategy_META_SMART初始化完成
2026-07-30 00:24:32.450 | INFO | CtaStrategy | TrendStrategy_MSFT_SMART开始执行初始化
2026-07-30 00:24:32.450 | INFO | CtaStrategy | [TrendStrategy_MSFT_SMART]  ✅ TrendStrategy_MSFT_SMART 初始化完成 (v1)
2026-07-30 00:24:32.451 | INFO | CtaStrategy | [TrendStrategy_MSFT_SMART]  趋势策略初始化 | 快线=10 慢线=30 ADX=20
2026-07-30 00:24:32.452 | INFO | MainEngine | 订阅行情 -> FUTU_US：SubscribeRequest(symbol='MSFT', exchange=<Exchange.SMART: 'SMART'>)
2026-07-30 00:24:32.452 | INFO | FUTU_US | [FUTU_US] 订阅参数: US.MSFT session=ALL
2026-07-30 00:24:32.499 | INFO | FUTU_US | [FUTU_US] ✅ 全套订阅成功: US.MSFT
2026-07-30 00:24:32.500 | INFO | CtaStrategy | TrendStrategy_MSFT_SMART初始化完成
2026-07-30 00:24:32.501 | INFO | CtaStrategy | TrendStrategy_NFLX_SMART开始执行初始化
2026-07-30 00:24:32.501 | INFO | CtaStrategy | [TrendStrategy_NFLX_SMART]  ✅ TrendStrategy_NFLX_SMART 初始化完成 (v1)
2026-07-30 00:24:32.503 | INFO | CtaStrategy | [TrendStrategy_NFLX_SMART]  趋势策略初始化 | 快线=10 慢线=30 ADX=20
2026-07-30 00:24:32.504 | INFO | MainEngine | 订阅行情 -> FUTU_US：SubscribeRequest(symbol='NFLX', exchange=<Exchange.SMART: 'SMART'>)
2026-07-30 00:24:32.505 | INFO | FUTU_US | [FUTU_US] 订阅参数: US.NFLX session=ALL
2026-07-30 00:24:32.525 | INFO | FUTU_US | [DB CHECKPOINT] FUTU_US @ 100
2026-07-30 00:24:32.553 | INFO | FUTU_US | [FUTU_US] ✅ 全套订阅成功: US.NFLX
2026-07-30 00:24:32.554 | INFO | CtaStrategy | TrendStrategy_NFLX_SMART初始化完成
2026-07-30 00:24:32.555 | INFO | CtaStrategy | TrendStrategy_NVDA_SMART开始执行初始化
2026-07-30 00:24:32.556 | INFO | CtaStrategy | [TrendStrategy_NVDA_SMART]  ✅ TrendStrategy_NVDA_SMART 初始化完成 (v1)
2026-07-30 00:24:32.556 | INFO | CtaStrategy | [TrendStrategy_NVDA_SMART]  趋势策略初始化 | 快线=10 慢线=30 ADX=20
2026-07-30 00:24:32.557 | INFO | MainEngine | 订阅行情 -> FUTU_US：SubscribeRequest(symbol='NVDA', exchange=<Exchange.SMART: 'SMART'>)
2026-07-30 00:24:32.558 | INFO | FUTU_US | [FUTU_US] 订阅参数: US.NVDA session=ALL
2026-07-30 00:24:32.595 | INFO | FUTU_US | [FUTU_US] ✅ 全套订阅成功: US.NVDA
2026-07-30 00:24:32.595 | INFO | CtaStrategy | TrendStrategy_NVDA_SMART初始化完成
2026-07-30 00:24:32.596 | INFO | CtaStrategy | TrendStrategy_TSLA_SMART开始执行初始化
2026-07-30 00:24:32.597 | INFO | CtaStrategy | [TrendStrategy_TSLA_SMART]  ✅ TrendStrategy_TSLA_SMART 初始化完成 (v1)
2026-07-30 00:24:32.597 | INFO | CtaStrategy | [TrendStrategy_TSLA_SMART]  趋势策略初始化 | 快线=10 慢线=30 ADX=20
2026-07-30 00:24:32.597 | INFO | MainEngine | 订阅行情 -> FUTU_US：SubscribeRequest(symbol='TSLA', exchange=<Exchange.SMART: 'SMART'>)
2026-07-30 00:24:32.598 | INFO | FUTU_US | [FUTU_US] 订阅参数: US.TSLA session=ALL
2026-07-30 00:24:32.629 | INFO | FUTU_US | [FUTU_US] ✅ 全套订阅成功: US.TSLA
2026-07-30 00:24:32.631 | INFO | CtaStrategy | TrendStrategy_TSLA_SMART初始化完成
2026-07-30 00:24:32.645 | INFO | FUTU_US | [DB CHECKPOINT] FUTU_US @ 200
2026-07-30 00:24:32.861 | INFO | FUTU_US | [DB CHECKPOINT] FUTU_US @ 300
2026-07-30 00:24:32.981 | INFO | FUTU_US | [FUTU_US] 账户: 总资产=$9,999,883.01 现金=$9,996,058.01 证券=$3,825.00 冻结=$0.00 购买力=$19,995,941.02 (USD)
2026-07-30 00:24:33.105 | INFO | FUTU_US | [DB CHECKPOINT] FUTU_US @ 400
2026-07-30 00:24:33.415 | INFO | FUTU_US | [DB CHECKPOINT] FUTU_US @ 500
2026-07-30 00:24:33.814 | INFO | FUTU_US | [DB CHECKPOINT] FUTU_US @ 600
2026-07-30 00:24:33.903 | INFO | FUTU_US | [DB CHECKPOINT] FUTU_US @ 700
2026-07-30 00:24:34.124 | INFO | FUTU_US | [DB CHECKPOINT] FUTU_US @ 800
2026-07-30 00:24:34.441 | INFO | FUTU_US | [DB CHECKPOINT] FUTU_US @ 900
2026-07-30 00:24:34.606 | INFO | FUTU_US | [DB CHECKPOINT] FUTU_US @ 1000
2026-07-30 00:24:34.806 | INFO | FUTU_US | [DB CHECKPOINT] FUTU_US @ 1100
2026-07-30 00:24:35.188 | INFO | FUTU_US | [DB CHECKPOINT] FUTU_US @ 1200
2026-07-30 00:24:35.381 | INFO | FUTU_US | [DB CHECKPOINT] FUTU_US @ 1300
2026-07-30 00:24:35.634 | INFO | FUTU_US | [DB CHECKPOINT] FUTU_US @ 1400
2026-07-30 00:24:35.884 | INFO | FUTU_US | [DB CHECKPOINT] FUTU_US @ 1500
2026-07-30 00:24:36.192 | INFO | FUTU_US | [DB CHECKPOINT] FUTU_US @ 1600
2026-07-30 00:24:36.460 | INFO | FUTU_US | [DB CHECKPOINT] FUTU_US @ 1700
2026-07-30 00:24:36.534 | INFO | FUTU_US | [DB CHECKPOINT] FUTU_US @ 1800
2026-07-30 00:24:36.743 | INFO | FUTU_US | [DB CHECKPOINT] FUTU_US @ 1900
2026-07-30 00:24:37.090 | INFO | FUTU_US | [DB CHECKPOINT] FUTU_US @ 2000
2026-07-30 00:24:37.225 | INFO | FUTU_HK | [FUTU_HK] 账户: 总资产=$823,936.69 现金=$635,296.69 证券=$188,640.00 冻结=$0.00 购买力=$635,296.69 (HKD)
2026-07-30 00:24:37.371 | INFO | FUTU_US | [DB CHECKPOINT] FUTU_US @ 2100
2026-07-30 00:24:37.596 | INFO | FUTU_US | [DB CHECKPOINT] FUTU_US @ 2200
2026-07-30 00:24:37.910 | INFO | FUTU_US | [DB CHECKPOINT] FUTU_US @ 2300
2026-07-30 00:24:38.132 | INFO | FUTU_US | [DB CHECKPOINT] FUTU_US @ 2400
2026-07-30 00:24:38.439 | INFO | FUTU_US | [DB CHECKPOINT] FUTU_US @ 2500
2026-07-30 00:24:38.655 | INFO | FUTU_US | [DB CHECKPOINT] FUTU_US @ 2600
2026-07-30 00:24:38.752 | INFO | FUTU_US | [DB CHECKPOINT] FUTU_US @ 2700
2026-07-30 00:24:38.871 | INFO | FUTU_US | [DB CHECKPOINT] FUTU_US @ 2800
2026-07-30 00:24:38.963 | INFO | FUTU_US | [DB CHECKPOINT] FUTU_US @ 2900
2026-07-30 00:24:38.989 | INFO | FUTU_US | [FUTU_US] 账户: 总资产=$9,999,883.01 现金=$9,996,058.01 证券=$3,825.00 冻结=$0.00 购买力=$19,995,941.02 (USD)
2026-07-30 00:24:39.120 | INFO | FUTU_US | [DB CHECKPOINT] FUTU_US @ 3000
2026-07-30 00:24:39.334 | INFO | FUTU_US | [DB CHECKPOINT] FUTU_US @ 3100
2026-07-30 00:24:39.508 | INFO | FUTU_US | [DB CHECKPOINT] FUTU_US @ 3200
2026-07-30 00:24:39.706 | INFO | FUTU_US | [DB CHECKPOINT] FUTU_US @ 3300
2026-07-30 00:24:39.886 | INFO | FUTU_US | [DB CHECKPOINT] FUTU_US @ 3400
2026-07-30 00:24:40.257 | INFO | FUTU_US | [DB CHECKPOINT] FUTU_US @ 3500
2026-07-30 00:24:40.454 | INFO | FUTU_US | [DB CHECKPOINT] FUTU_US @ 3600
2026-07-30 00:24:40.687 | INFO | FUTU_US | [DB CHECKPOINT] FUTU_US @ 3700
2026-07-30 00:24:40.942 | INFO | FUTU_US | [DB CHECKPOINT] FUTU_US @ 3800
2026-07-30 00:24:41.228 | INFO | FUTU_US | [DB CHECKPOINT] FUTU_US @ 3900
2026-07-30 00:24:41.490 | INFO | FUTU_US | [DB CHECKPOINT] FUTU_US @ 4000
2026-07-30 00:24:41.765 | INFO | FUTU_US | [DB CHECKPOINT] FUTU_US @ 4100
2026-07-30 00:24:42.096 | INFO | FUTU_US | [DB CHECKPOINT] FUTU_US @ 4200
2026-07-30 00:24:42.332 | INFO | FUTU_US | [DB CHECKPOINT] FUTU_US @ 4300
2026-07-30 00:24:42.522 | INFO | FUTU_US | [DB CHECKPOINT] FUTU_US @ 4400
2026-07-30 00:24:42.730 | INFO | FUTU_US | [DB CHECKPOINT] FUTU_US @ 4500
2026-07-30 00:24:43.000 | INFO | FUTU_US | [DB CHECKPOINT] FUTU_US @ 4600
2026-07-30 00:24:43.224 | INFO | FUTU_HK | [FUTU_HK] 账户: 总资产=$823,936.69 现金=$635,296.69 证券=$188,640.00 冻结=$0.00 购买力=$635,296.69 (HKD)
2026-07-30 00:24:43.246 | INFO | FUTU_US | [DB CHECKPOINT] FUTU_US @ 4700
2026-07-30 00:24:43.687 | INFO | FUTU_US | [DB CHECKPOINT] FUTU_US @ 4800
2026-07-30 00:24:43.833 | INFO | FUTU_US | [DB CHECKPOINT] FUTU_US @ 4900
2026-07-30 00:24:44.064 | INFO | FUTU_US | [DB CHECKPOINT] FUTU_US @ 5000
2026-07-30 00:24:44.412 | INFO | FUTU_US | [DB CHECKPOINT] FUTU_US @ 5100
2026-07-30 00:24:44.546 | INFO | FUTU_US | [DB CHECKPOINT] FUTU_US @ 5200
2026-07-30 00:24:44.641 | INFO | FUTU_US | [DB CHECKPOINT] FUTU_US @ 5300
2026-07-30 00:24:44.722 | INFO | FUTU_US | [DB CHECKPOINT] FUTU_US @ 5400
2026-07-30 00:24:44.811 | INFO | FUTU_US | [DB CHECKPOINT] FUTU_US @ 5500
2026-07-30 00:24:44.991 | INFO | FUTU_US | [FUTU_US] 账户: 总资产=$9,999,883.01 现金=$9,996,058.01 证券=$3,825.00 冻结=$0.00 购买力=$19,995,941.02 (USD)
2026-07-30 00:24:45.231 | INFO | FUTU_US | [DB CHECKPOINT] FUTU_US @ 5600
2026-07-30 00:24:45.350 | INFO | FUTU_US | [DB CHECKPOINT] FUTU_US @ 5700
2026-07-30 00:24:45.639 | INFO | FUTU_US | [DB CHECKPOINT] FUTU_US @ 5800
2026-07-30 00:24:45.849 | INFO | FUTU_US | [DB CHECKPOINT] FUTU_US @ 5900
2026-07-30 00:24:45.957 | INFO | FUTU_US | [DB CHECKPOINT] FUTU_US @ 6000
2026-07-30 00:24:46.163 | INFO | FUTU_US | [DB CHECKPOINT] FUTU_US @ 6100
2026-07-30 00:24:46.338 | INFO | FUTU_US | [DB CHECKPOINT] FUTU_US @ 6200
2026-07-30 00:24:46.575 | INFO | FUTU_US | [DB CHECKPOINT] FUTU_US @ 6300
2026-07-30 00:24:46.791 | INFO | FUTU_US | [DB CHECKPOINT] FUTU_US @ 6400
2026-07-30 00:24:47.049 | INFO | FUTU_US | [DB CHECKPOINT] FUTU_US @ 6500
2026-07-30 00:24:47.251 | INFO | FUTU_US | [DB CHECKPOINT] FUTU_US @ 6600
2026-07-30 00:24:47.386 | INFO | FUTU_US | [DB CHECKPOINT] FUTU_US @ 6700
2026-07-30 00:24:47.745 | INFO | FUTU_US | [DB CHECKPOINT] FUTU_US @ 6800
2026-07-30 00:24:47.856 | INFO | FUTU_US | [DB CHECKPOINT] FUTU_US @ 6900
2026-07-30 00:24:47.923 | INFO | FUTU_US | [DB CHECKPOINT] FUTU_US @ 7000
2026-07-30 00:24:48.128 | INFO | FUTU_US | [DB CHECKPOINT] FUTU_US @ 7100
2026-07-30 00:24:48.333 | INFO | FUTU_US | [DB CHECKPOINT] FUTU_US @ 7200
2026-07-30 00:24:48.760 | INFO | FUTU_US | [DB CHECKPOINT] FUTU_US @ 7300
2026-07-30 00:24:48.926 | INFO | FUTU_US | [DB CHECKPOINT] FUTU_US @ 7400
2026-07-30 00:24:49.094 | INFO | FUTU_US | [DB CHECKPOINT] FUTU_US @ 7500
2026-07-30 00:24:49.172 | INFO | FUTU_US | [DB CHECKPOINT] FUTU_US @ 7600
2026-07-30 00:24:49.227 | INFO | FUTU_HK | [FUTU_HK] 账户: 总资产=$823,936.69 现金=$635,296.69 证券=$188,640.00 冻结=$0.00 购买力=$635,296.69 (HKD)
2026-07-30 00:24:49.399 | INFO | FUTU_US | [DB CHECKPOINT] FUTU_US @ 7700
2026-07-30 00:24:49.732 | INFO | FUTU_US | [DB CHECKPOINT] FUTU_US @ 7800
2026-07-30 00:24:50.059 | INFO | FUTU_US | [DB CHECKPOINT] FUTU_US @ 7900
2026-07-30 00:24:50.249 | INFO | FUTU_US | [DB CHECKPOINT] FUTU_US @ 8000
2026-07-30 00:24:50.503 | INFO | FUTU_US | [DB CHECKPOINT] FUTU_US @ 8100
2026-07-30 00:24:51.005 | INFO | FUTU_US | [FUTU_US] 账户: 总资产=$9,999,883.01 现金=$9,996,058.01 证券=$3,825.00 冻结=$0.00 购买力=$19,995,941.02 (USD)
2026-07-30 00:24:51.051 | INFO | FUTU_US | [DB CHECKPOINT] FUTU_US @ 8200
2026-07-30 00:24:51.388 | INFO | FUTU_US | [DB CHECKPOINT] FUTU_US @ 8300
2026-07-30 00:24:51.677 | INFO | FUTU_US | [DB CHECKPOINT] FUTU_US @ 8400
2026-07-30 00:24:51.854 | INFO | FUTU_US | [DB CHECKPOINT] FUTU_US @ 8500
2026-07-30 00:24:52.101 | INFO | FUTU_US | [DB CHECKPOINT] FUTU_US @ 8600
2026-07-30 00:24:52.404 | INFO | FUTU_US | [DB CHECKPOINT] FUTU_US @ 8700
2026-07-30 00:24:52.693 | INFO | FUTU_US | [DB CHECKPOINT] FUTU_US @ 8800
2026-07-30 00:24:52.995 | INFO | FUTU_US | [DB CHECKPOINT] FUTU_US @ 8900
2026-07-30 00:24:53.113 | INFO | FUTU_US | [DB CHECKPOINT] FUTU_US @ 9000
2026-07-30 00:24:53.530 | INFO | FUTU_US | [DB CHECKPOINT] FUTU_US @ 9100
2026-07-30 00:24:53.781 | INFO | FUTU_US | [DB CHECKPOINT] FUTU_US @ 9200
2026-07-30 00:24:54.020 | INFO | FUTU_US | [DB CHECKPOINT] FUTU_US @ 9300
2026-07-30 00:24:54.175 | INFO | FUTU_US | [DB CHECKPOINT] FUTU_US @ 9400
2026-07-30 00:24:54.507 | INFO | FUTU_US | [DB CHECKPOINT] FUTU_US @ 9500
2026-07-30 00:24:54.928 | INFO | FUTU_US | [DB CHECKPOINT] FUTU_US @ 9600
2026-07-30 00:24:55.146 | INFO | FUTU_US | [DB CHECKPOINT] FUTU_US @ 9700
2026-07-30 00:24:55.247 | INFO | FUTU_HK | [FUTU_HK] 账户: 总资产=$823,936.69 现金=$635,296.69 证券=$188,640.00 冻结=$0.00 购买力=$635,296.69 (HKD)
2026-07-30 00:24:55.504 | INFO | FUTU_US | [DB CHECKPOINT] FUTU_US @ 9800
2026-07-30 00:24:55.795 | INFO | FUTU_US | [DB CHECKPOINT] FUTU_US @ 9900
2026-07-30 00:24:56.123 | INFO | FUTU_US | [DB CHECKPOINT] FUTU_US @ 10000
2026-07-30 00:24:56.415 | INFO | FUTU_US | [DB CHECKPOINT] FUTU_US @ 10100
2026-07-30 00:24:57.044 | INFO | FUTU_US | [FUTU_US] 账户: 总资产=$9,999,883.01 现金=$9,996,058.01 证券=$3,825.00 冻结=$0.00 购买力=$19,995,941.02 (USD)
2026-07-30 00:24:57.076 | INFO | FUTU_US | [DB CHECKPOINT] FUTU_US @ 10200
2026-07-30 00:24:57.351 | INFO | FUTU_US | [DB CHECKPOINT] FUTU_US @ 10300
2026-07-30 00:24:57.585 | INFO | FUTU_US | [DB CHECKPOINT] FUTU_US @ 10400
2026-07-30 00:24:57.960 | INFO | FUTU_US | [DB CHECKPOINT] FUTU_US @ 10500
2026-07-30 00:24:58.387 | INFO | FUTU_US | [DB CHECKPOINT] FUTU_US @ 10600
2026-07-30 00:24:58.564 | INFO | FUTU_US | [DB CHECKPOINT] FUTU_US @ 10700
2026-07-30 00:24:58.870 | INFO | FUTU_US | [DB CHECKPOINT] FUTU_US @ 10800
2026-07-30 00:24:59.471 | INFO | FUTU_US | [DB CHECKPOINT] FUTU_US @ 10900
2026-07-30 00:24:59.730 | INFO | FUTU_US | [DB CHECKPOINT] FUTU_US @ 11000
2026-07-30 00:25:00.333 | INFO | FUTU_US | [DB CHECKPOINT] FUTU_US @ 11100
2026-07-30 00:25:00.615 | INFO | FUTU_US | [DB CHECKPOINT] FUTU_US @ 11200
2026-07-30 00:25:00.983 | INFO | FUTU_US | [DB CHECKPOINT] FUTU_US @ 11300
2026-07-30 00:25:01.244 | INFO | FUTU_HK | [FUTU_HK] 账户: 总资产=$823,936.69 现金=$635,296.69 证券=$188,640.00 冻结=$0.00 购买力=$635,296.69 (HKD)
2026-07-30 00:25:01.446 | INFO | FUTU_US | [DB CHECKPOINT] FUTU_US @ 11400
2026-07-30 00:25:01.857 | INFO | FUTU_US | [DB CHECKPOINT] FUTU_US @ 11500
2026-07-30 00:25:02.956 | INFO | FUTU_US | [DB CHECKPOINT] FUTU_US @ 11600
2026-07-30 00:25:03.201 | INFO | FUTU_US | [FUTU_US] 账户: 总资产=$9,999,883.01 现金=$9,996,058.01 证券=$3,825.00 冻结=$0.00 购买力=$19,995,941.02 (USD)
2026-07-30 00:25:03.242 | INFO | FUTU_US | [DB CHECKPOINT] FUTU_US @ 11700
2026-07-30 00:25:03.526 | INFO | FUTU_US | [DB CHECKPOINT] FUTU_US @ 11800
2026-07-30 00:25:03.843 | INFO | FUTU_US | [DB CHECKPOINT] FUTU_US @ 11900
2026-07-30 00:25:04.135 | INFO | FUTU_US | [DB CHECKPOINT] FUTU_US @ 12000
2026-07-30 00:25:04.409 | INFO | FUTU_US | [DB CHECKPOINT] FUTU_US @ 12100
2026-07-30 00:25:04.509 | INFO | FUTU_US | [DB CHECKPOINT] FUTU_US @ 12200
2026-07-30 00:25:04.781 | INFO | FUTU_US | [DB CHECKPOINT] FUTU_US @ 12300
2026-07-30 00:25:05.124 | INFO | FUTU_US | [DB CHECKPOINT] FUTU_US @ 12400
2026-07-30 00:25:05.672 | INFO | FUTU_US | [DB CHECKPOINT] FUTU_US @ 12500
2026-07-30 00:25:05.919 | INFO | FUTU_US | [DB CHECKPOINT] FUTU_US @ 12600
2026-07-30 00:25:06.177 | INFO | FUTU_US | [DB CHECKPOINT] FUTU_US @ 12700
2026-07-30 00:25:06.770 | INFO | FUTU_US | [DB CHECKPOINT] FUTU_US @ 12800
2026-07-30 00:25:07.077 | INFO | FUTU_US | [DB CHECKPOINT] FUTU_US @ 12900
2026-07-30 00:25:07.257 | INFO | FUTU_US | [DB CHECKPOINT] FUTU_US @ 13000
2026-07-30 00:25:07.453 | INFO | FUTU_HK | [FUTU_HK] 账户: 总资产=$823,936.69 现金=$635,296.69 证券=$188,640.00 冻结=$0.00 购买力=$635,296.69 (HKD)
2026-07-30 00:25:07.482 | INFO | FUTU_US | [DB CHECKPOINT] FUTU_US @ 13100
2026-07-30 00:25:07.746 | INFO | FUTU_US | [DB CHECKPOINT] FUTU_US @ 13200
2026-07-30 00:25:08.083 | INFO | FUTU_US | [DB CHECKPOINT] FUTU_US @ 13300
2026-07-30 00:25:09.483 | INFO | FUTU_US | [FUTU_US] 账户: 总资产=$9,999,887.71 现金=$9,996,058.01 证券=$3,829.70 冻结=$0.00 购买力=$19,995,945.72 (USD)
2026-07-30 00:25:09.652 | INFO | FUTU_US | [DB CHECKPOINT] FUTU_US @ 13400
2026-07-30 00:25:10.163 | INFO | FUTU_US | [DB CHECKPOINT] FUTU_US @ 13500
2026-07-30 00:25:10.864 | INFO | FUTU_US | [DB CHECKPOINT] FUTU_US @ 13600
2026-07-30 00:25:11.901 | INFO | FUTU_US | [DB CHECKPOINT] FUTU_US @ 13700
2026-07-30 00:25:12.257 | INFO | FUTU_US | [DB CHECKPOINT] FUTU_US @ 13800
2026-07-30 00:25:12.845 | INFO | FUTU_US | [DB CHECKPOINT] FUTU_US @ 13900
2026-07-30 00:25:13.214 | INFO | FUTU_US | [DB CHECKPOINT] FUTU_US @ 14000
2026-07-30 00:25:13.531 | INFO | FUTU_US | [DB CHECKPOINT] FUTU_US @ 14100
2026-07-30 00:25:13.804 | INFO | FUTU_HK | [FUTU_HK] 账户: 总资产=$823,936.69 现金=$635,296.69 证券=$188,640.00 冻结=$0.00 购买力=$635,296.69 (HKD)
2026-07-30 00:25:13.870 | INFO | FUTU_US | [DB CHECKPOINT] FUTU_US @ 14200
2026-07-30 00:25:14.122 | INFO | FUTU_US | [DB CHECKPOINT] FUTU_US @ 14300
2026-07-30 00:25:15.044 | INFO | FUTU_US | [DB CHECKPOINT] FUTU_US @ 14400
2026-07-30 00:25:15.331 | INFO | FUTU_US | [DB CHECKPOINT] FUTU_US @ 14500
2026-07-30 00:25:15.339 | INFO | FUTU_US | [FUTU_US] 账户: 总资产=$9,999,887.71 现金=$9,996,058.01 证券=$3,829.70 冻结=$0.00 购买力=$19,995,945.72 (USD)
2026-07-30 00:25:15.503 | INFO | FUTU_US | [DB CHECKPOINT] FUTU_US @ 14600
2026-07-30 00:25:16.385 | INFO | FUTU_US | [DB CHECKPOINT] FUTU_US @ 14700
2026-07-30 00:25:16.792 | INFO | FUTU_US | [DB CHECKPOINT] FUTU_US @ 14800
2026-07-30 00:25:16.966 | INFO | FUTU_US | [DB CHECKPOINT] FUTU_US @ 14900
2026-07-30 00:25:17.150 | INFO | FUTU_US | [DB CHECKPOINT] FUTU_US @ 15000
2026-07-30 00:25:17.325 | INFO | FUTU_US | [DB CHECKPOINT] FUTU_US @ 15100
2026-07-30 00:25:17.482 | INFO | FUTU_US | [DB CHECKPOINT] FUTU_US @ 15200
2026-07-30 00:25:17.733 | INFO | FUTU_US | [DB CHECKPOINT] FUTU_US @ 15300
2026-07-30 00:25:18.392 | INFO | FUTU_US | [DB CHECKPOINT] FUTU_US @ 15400
2026-07-30 00:25:19.208 | INFO | FUTU_US | [DB CHECKPOINT] FUTU_US @ 15500
2026-07-30 00:25:19.783 | INFO | FUTU_US | [DB CHECKPOINT] FUTU_US @ 15600
2026-07-30 00:25:20.005 | INFO | FUTU_HK | [FUTU_HK] 账户: 总资产=$823,936.69 现金=$635,296.69 证券=$188,640.00 冻结=$0.00 购买力=$635,296.69 (HKD)
2026-07-30 00:25:20.007 | INFO | FUTU_US | [DB CHECKPOINT] FUTU_US @ 15700
2026-07-30 00:25:20.303 | INFO | FUTU_US | [DB CHECKPOINT] FUTU_US @ 15800
2026-07-30 00:25:20.617 | INFO | FUTU_US | [DB CHECKPOINT] FUTU_US @ 15900
2026-07-30 00:25:20.904 | INFO | FUTU_US | [DB CHECKPOINT] FUTU_US @ 16000
2026-07-30 00:25:21.763 | INFO | FUTU_US | [FUTU_US] 账户: 总资产=$9,999,887.71 现金=$9,996,058.01 证券=$3,829.70 冻结=$0.00 购买力=$19,995,945.72 (USD)
2026-07-30 00:25:21.928 | INFO | FUTU_US | [DB CHECKPOINT] FUTU_US @ 16100
2026-07-30 00:25:22.215 | INFO | FUTU_US | [DB CHECKPOINT] FUTU_US @ 16200
2026-07-30 00:25:22.761 | INFO | FUTU_US | [DB CHECKPOINT] FUTU_US @ 16300
2026-07-30 00:25:23.199 | INFO | FUTU_US | [DB CHECKPOINT] FUTU_US @ 16400
2026-07-30 00:25:24.131 | INFO | FUTU_US | [DB CHECKPOINT] FUTU_US @ 16500
2026-07-30 00:25:25.121 | INFO | FUTU_US | [DB CHECKPOINT] FUTU_US @ 16600
2026-07-30 00:25:25.710 | INFO | FUTU_US | [DB CHECKPOINT] FUTU_US @ 16700
2026-07-30 00:25:25.942 | INFO | FUTU_US | [DB CHECKPOINT] FUTU_US @ 16800
2026-07-30 00:25:26.015 | INFO | FUTU_HK | [FUTU_HK] 账户: 总资产=$823,936.69 现金=$635,296.69 证券=$188,640.00 冻结=$0.00 购买力=$635,296.69 (HKD)
2026-07-30 00:25:26.123 | INFO | FUTU_US | [DB CHECKPOINT] FUTU_US @ 16900
2026-07-30 00:25:26.361 | INFO | FUTU_US | [DB CHECKPOINT] FUTU_US @ 17000
2026-07-30 00:25:26.729 | INFO | FUTU_US | [DB CHECKPOINT] FUTU_US @ 17100
2026-07-30 00:25:26.980 | INFO | FUTU_US | [DB CHECKPOINT] FUTU_US @ 17200
2026-07-30 00:25:27.160 | INFO | FUTU_US | [DB CHECKPOINT] FUTU_US @ 17300
2026-07-30 00:25:27.364 | INFO | FUTU_US | [DB CHECKPOINT] FUTU_US @ 17400
2026-07-30 00:25:27.619 | INFO | FUTU_US | [DB CHECKPOINT] FUTU_US @ 17500
2026-07-30 00:25:27.770 | INFO | FUTU_US | [FUTU_US] 账户: 总资产=$9,999,887.71 现金=$9,996,058.01 证券=$3,829.70 冻结=$0.00 购买力=$19,995,945.72 (USD)
2026-07-30 00:25:27.896 | INFO | FUTU_US | [DB CHECKPOINT] FUTU_US @ 17600
2026-07-30 00:25:28.146 | INFO | FUTU_US | [DB CHECKPOINT] FUTU_US @ 17700
2026-07-30 00:25:28.360 | INFO | FUTU_US | [DB CHECKPOINT] FUTU_US @ 17800
2026-07-30 00:25:28.476 | INFO | FUTU_US | [DB CHECKPOINT] FUTU_US @ 17900
2026-07-30 00:25:28.726 | INFO | FUTU_US | [DB CHECKPOINT] FUTU_US @ 18000
2026-07-30 00:25:28.906 | INFO | FUTU_US | [DB CHECKPOINT] FUTU_US @ 18100
2026-07-30 00:25:29.093 | INFO | FUTU_US | [DB CHECKPOINT] FUTU_US @ 18200
2026-07-30 00:25:29.230 | INFO | FUTU_US | [DB CHECKPOINT] FUTU_US @ 18300
2026-07-30 00:25:29.444 | INFO | FUTU_US | [DB CHECKPOINT] FUTU_US @ 18400
2026-07-30 00:25:29.601 | INFO | FUTU_US | [DB CHECKPOINT] FUTU_US @ 18500
2026-07-30 00:25:29.863 | INFO | FUTU_US | [DB CHECKPOINT] FUTU_US @ 18600
2026-07-30 00:25:30.112 | INFO | FUTU_US | [DB CHECKPOINT] FUTU_US @ 18700
2026-07-30 00:25:30.311 | INFO | FUTU_US | [DB CHECKPOINT] FUTU_US @ 18800
2026-07-30 00:25:30.493 | INFO | FUTU_US | [DB CHECKPOINT] FUTU_US @ 18900
2026-07-30 00:25:30.852 | INFO | FUTU_US | [DB CHECKPOINT] FUTU_US @ 19000
2026-07-30 00:25:31.729 | INFO | FUTU_US | [DB CHECKPOINT] FUTU_US @ 19100
2026-07-30 00:25:32.009 | INFO | FUTU_US | [DB CHECKPOINT] FUTU_US @ 19200
2026-07-30 00:25:32.252 | INFO | FUTU_US | [DB CHECKPOINT] FUTU_US @ 19300
2026-07-30 00:25:32.365 | INFO | FUTU_HK | [FUTU_HK] 账户: 总资产=$823,936.69 现金=$635,296.69 证券=$188,640.00 冻结=$0.00 购买力=$635,296.69 (HKD)
2026-07-30 00:25:32.536 | INFO | FUTU_US | [DB CHECKPOINT] FUTU_US @ 19400
2026-07-30 00:25:32.650 | INFO | FUTU_US | [DB CHECKPOINT] FUTU_US @ 19500
2026-07-30 00:25:32.784 | INFO | FUTU_US | [DB CHECKPOINT] FUTU_US @ 19600
2026-07-30 00:25:32.952 | INFO | FUTU_US | [DB CHECKPOINT] FUTU_US @ 19700
2026-07-30 00:25:33.648 | INFO | FUTU_US | [DB CHECKPOINT] FUTU_US @ 19800
2026-07-30 00:25:33.738 | INFO | FUTU_US | [FUTU_US] 账户: 总资产=$9,999,887.71 现金=$9,996,058.01 证券=$3,829.70 冻结=$0.00 购买力=$19,995,945.72 (USD)
2026-07-30 00:25:33.900 | INFO | FUTU_US | [DB CHECKPOINT] FUTU_US @ 19900
2026-07-30 00:25:34.126 | INFO | FUTU_US | [DB CHECKPOINT] FUTU_US @ 20000
2026-07-30 00:25:34.539 | INFO | FUTU_US | [DB CHECKPOINT] FUTU_US @ 20100
2026-07-30 00:25:34.654 | INFO | FUTU_US | [DB CHECKPOINT] FUTU_US @ 20200
2026-07-30 00:25:34.839 | INFO | FUTU_US | [DB CHECKPOINT] FUTU_US @ 20300
2026-07-30 00:25:34.952 | INFO | FUTU_US | [DB CHECKPOINT] FUTU_US @ 20400
2026-07-30 00:25:35.109 | INFO | FUTU_US | [DB CHECKPOINT] FUTU_US @ 20500
2026-07-30 00:25:35.190 | INFO | FUTU_US | [DB CHECKPOINT] FUTU_US @ 20600
2026-07-30 00:25:35.261 | INFO | FUTU_US | [DB CHECKPOINT] FUTU_US @ 20700
2026-07-30 00:25:35.388 | INFO | FUTU_US | [DB CHECKPOINT] FUTU_US @ 20800
2026-07-30 00:25:35.530 | INFO | FUTU_US | [DB CHECKPOINT] FUTU_US @ 20900
2026-07-30 00:25:35.617 | INFO | FUTU_US | [DB CHECKPOINT] FUTU_US @ 21000
2026-07-30 00:25:35.755 | INFO | FUTU_US | [DB CHECKPOINT] FUTU_US @ 21100
2026-07-30 00:25:35.851 | INFO | FUTU_US | [DB CHECKPOINT] FUTU_US @ 21200
2026-07-30 00:25:35.963 | INFO | FUTU_US | [DB CHECKPOINT] FUTU_US @ 21300
2026-07-30 00:25:36.095 | INFO | FUTU_US | [DB CHECKPOINT] FUTU_US @ 21400
2026-07-30 00:25:36.182 | INFO | FUTU_US | [DB CHECKPOINT] FUTU_US @ 21500
2026-07-30 00:25:36.357 | INFO | FUTU_US | [DB CHECKPOINT] FUTU_US @ 21600
2026-07-30 00:25:36.421 | INFO | FUTU_US | [DB CHECKPOINT] FUTU_US @ 21700
2026-07-30 00:27:19.806 | INFO | FUTU_US | [FUTU_US] 行情接口连接成功（含多周期K线+TICKER）
2026-07-30 00:27:19.821 | INFO | FUTU_US | [FUTU_US] 交易接口解锁提示: 请使用OpenD页面右上角解锁按钮解锁交易，GUI版本OpenD已屏蔽解锁接口
2026-07-30 00:27:19.826 | INFO | FUTU_US | [FUTU_US] 账户列表 (共 2 个):
2026-07-30 00:27:19.826 | INFO | FUTU_US |   acc_id=281756478840044880 env=REAL type=MARGIN sim_type=N/A status=ACTIVE
2026-07-30 00:27:19.826 | INFO | FUTU_US |   acc_id=20074546 env=SIMULATE type=MARGIN sim_type=STOCK_AND_OPTION status=ACTIVE
2026-07-30 00:27:19.827 | INFO | FUTU_US | [FUTU_US] ✅ 选中: 美股模拟(股票+期权) acc_id=20074546
2026-07-30 00:27:19.827 | INFO | FUTU_US | [FUTU_US] 交易接口连接成功 (最终 acc_id=20074546)
2026-07-30 00:27:19.827 | INFO | FUTU_US | [FUTU_US] 警告：main_engine 为 None，无法自注册
2026-07-30 00:27:19.858 | INFO | FUTU_US | [FUTU_US] ✅ Tick 落盘监听器已注册 (EVENT_TICK)
2026-07-30 00:27:19.864 | INFO | FUTU_HK | [FUTU_HK] 行情接口连接成功（含多周期K线+TICKER）
2026-07-30 00:27:19.876 | INFO | FUTU_HK | [FUTU_HK] 交易接口解锁提示: 请使用OpenD页面右上角解锁按钮解锁交易，GUI版本OpenD已屏蔽解锁接口
2026-07-30 00:27:19.881 | INFO | FUTU_HK | [FUTU_HK] 账户列表 (共 3 个):
2026-07-30 00:27:19.881 | INFO | FUTU_HK |   acc_id=281756478840044880 env=REAL type=MARGIN sim_type=N/A status=ACTIVE
2026-07-30 00:27:19.881 | INFO | FUTU_HK |   acc_id=19110066 env=SIMULATE type=CASH sim_type=STOCK status=ACTIVE
2026-07-30 00:27:19.882 | INFO | FUTU_HK |   acc_id=19110071 env=SIMULATE type=MARGIN sim_type=OPTION status=ACTIVE
2026-07-30 00:27:19.882 | INFO | FUTU_HK | [FUTU_HK] ⚠️ 降级现金模拟 acc_id=19110066
2026-07-30 00:27:19.883 | INFO | FUTU_HK | [FUTU_HK] 交易接口连接成功 (最终 acc_id=19110066)
2026-07-30 00:27:19.883 | INFO | FUTU_HK | [FUTU_HK] 警告：main_engine 为 None，无法自注册
2026-07-30 00:27:28.639 | INFO | FUTU_HK | [FUTU_HK] 合约查询完成: 21367 个
2026-07-30 00:27:28.646 | INFO | FUTU_HK | [FUTU_HK] 查询成交失败: 模拟交易不支持成交数据
2026-07-30 00:27:28.671 | INFO | FUTU_HK | [FUTU_HK] 调试 accinfo 字段: ['power', 'max_power_short', 'net_cash_power', 'total_assets', 'securities_assets', 'fund_assets', 'bond_assets', 'cash', 'market_val', 'long_mv', 'short_mv', 'pending_asset', 'interest_charged_amount', 'frozen_cash', 'avl_withdrawal_cash', 'max_withdrawal', 'currency', 'available_funds', 'unrealized_pl', 'realized_pl', 'risk_level', 'risk_status', 'initial_margin', 'margin_call_margin', 'maintenance_margin', 'hk_cash', 'hk_avl_withdrawal_cash', 'hkd_net_cash_power', 'hkd_assets', 'us_cash', 'us_avl_withdrawal_cash', 'usd_net_cash_power', 'usd_assets', 'cn_cash', 'cn_avl_withdrawal_cash', 'cnh_net_cash_power', 'cnh_assets', 'jp_cash', 'jp_avl_withdrawal_cash', 'jpy_net_cash_power', 'jpy_assets', 'sg_cash', 'sg_avl_withdrawal_cash', 'sgd_net_cash_power', 'sgd_assets', 'au_cash', 'au_avl_withdrawal_cash', 'aud_net_cash_power', 'aud_assets', 'ca_cash', 'ca_avl_withdrawal_cash', 'cad_net_cash_power', 'cad_assets', 'my_cash', 'my_avl_withdrawal_cash', 'myr_net_cash_power', 'myr_assets', 'is_pdt', 'pdt_seq', 'beginning_dtbp', 'remaining_dtbp', 'dt_call_amount', 'dt_status']
2026-07-30 00:27:28.671 | INFO | FUTU_HK | [FUTU_HK] 账户: 总资产=$823,936.69 现金=$635,296.69 证券=$188,640.00 冻结=$0.00 购买力=$635,296.69 (HKD)
2026-07-30 00:27:30.889 | INFO | FUTU_HK | [FUTU_HK] 账户: 总资产=$823,936.69 现金=$635,296.69 证券=$188,640.00 冻结=$0.00 购买力=$635,296.69 (HKD)
2026-07-30 00:27:31.798 | INFO | CtaStrategy | CTA策略引擎初始化成功
2026-07-30 00:27:31.950 | INFO | CtaStrategy | CTA策略引擎初始化成功
2026-07-30 00:27:33.115 | INFO | FUTU_US | [FUTU_US] 合约查询完成: 20579 个
2026-07-30 00:27:33.122 | INFO | FUTU_US | [FUTU_US] 查询成交失败: 模拟交易不支持成交数据
2026-07-30 00:27:33.150 | INFO | FUTU_US | [FUTU_US] 调试 accinfo 字段: ['power', 'max_power_short', 'net_cash_power', 'total_assets', 'securities_assets', 'fund_assets', 'bond_assets', 'cash', 'market_val', 'long_mv', 'short_mv', 'pending_asset', 'interest_charged_amount', 'frozen_cash', 'avl_withdrawal_cash', 'max_withdrawal', 'currency', 'available_funds', 'unrealized_pl', 'realized_pl', 'risk_level', 'risk_status', 'initial_margin', 'margin_call_margin', 'maintenance_margin', 'hk_cash', 'hk_avl_withdrawal_cash', 'hkd_net_cash_power', 'hkd_assets', 'us_cash', 'us_avl_withdrawal_cash', 'usd_net_cash_power', 'usd_assets', 'cn_cash', 'cn_avl_withdrawal_cash', 'cnh_net_cash_power', 'cnh_assets', 'jp_cash', 'jp_avl_withdrawal_cash', 'jpy_net_cash_power', 'jpy_assets', 'sg_cash', 'sg_avl_withdrawal_cash', 'sgd_net_cash_power', 'sgd_assets', 'au_cash', 'au_avl_withdrawal_cash', 'aud_net_cash_power', 'aud_assets', 'ca_cash', 'ca_avl_withdrawal_cash', 'cad_net_cash_power', 'cad_assets', 'my_cash', 'my_avl_withdrawal_cash', 'myr_net_cash_power', 'myr_assets', 'is_pdt', 'pdt_seq', 'beginning_dtbp', 'remaining_dtbp', 'dt_call_amount', 'dt_status']
2026-07-30 00:27:33.151 | INFO | FUTU_US | [FUTU_US] 账户: 总资产=$9,999,887.51 现金=$9,996,058.01 证券=$3,829.50 冻结=$0.00 购买力=$19,995,945.52 (USD)
2026-07-30 00:27:35.699 | INFO | FUTU_US | [FUTU_US] 账户: 总资产=$9,999,887.51 现金=$9,996,058.01 证券=$3,829.50 冻结=$0.00 购买力=$19,995,945.52 (USD)
2026-07-30 00:27:36.897 | INFO | FUTU_HK | [FUTU_HK] 账户: 总资产=$823,936.69 现金=$635,296.69 证券=$188,640.00 冻结=$0.00 购买力=$635,296.69 (HKD)
2026-07-30 00:27:41.149 | INFO | CtaStrategy | 策略TrendStrategy_AAPL_SMART移除成功
2026-07-30 00:27:41.655 | INFO | CtaStrategy | [TrendStrategy_AAPL_SMART]  AI参数已加载: ['trend_window', 'entry_atr', 'fixed_size', 'stop_loss_atr']
2026-07-30 00:27:41.656 | INFO | CtaStrategy | [TrendStrategy_AAPL_SMART]  [INIT] TrendStrategy_AAPL_SMART | AAPL.SMART | US=True HK=False v1
2026-07-30 00:27:41.661 | INFO | CtaStrategy | TrendStrategy_AAPL_SMART开始执行初始化
2026-07-30 00:27:41.661 | INFO | CtaStrategy | [TrendStrategy_AAPL_SMART]  ✅ TrendStrategy_AAPL_SMART 初始化完成 (v1)
2026-07-30 00:27:41.662 | INFO | CtaStrategy | [TrendStrategy_AAPL_SMART]  趋势策略初始化 | 快线=10 慢线=30 ADX=20
2026-07-30 00:27:41.662 | INFO | MainEngine | 订阅行情 -> FUTU_US：SubscribeRequest(symbol='AAPL', exchange=<Exchange.SMART: 'SMART'>)
2026-07-30 00:27:41.663 | INFO | FUTU_US | [FUTU_US] 订阅参数: US.AAPL session=ALL
2026-07-30 00:27:41.664 | INFO | CtaStrategy | 策略TrendStrategy_AAPL_SMART启动失败，请先初始化
2026-07-30 00:27:41.668 | INFO | CtaStrategy | 策略TrendStrategy_AMD_SMART移除成功
2026-07-30 00:27:41.703 | INFO | FUTU_US | [FUTU_US] 账户: 总资产=$9,999,887.51 现金=$9,996,058.01 证券=$3,829.50 冻结=$0.00 购买力=$19,995,945.52 (USD)
2026-07-30 00:27:41.797 | INFO | FUTU_US | [FUTU_US] ✅ 全套订阅成功: US.AAPL
2026-07-30 00:27:41.797 | INFO | CtaStrategy | TrendStrategy_AAPL_SMART初始化完成
2026-07-30 00:27:42.175 | INFO | CtaStrategy | [TrendStrategy_AMD_SMART]  AI参数已加载: ['trend_window', 'entry_atr', 'fixed_size', 'stop_loss_atr']
2026-07-30 00:27:42.175 | INFO | CtaStrategy | [TrendStrategy_AMD_SMART]  [INIT] TrendStrategy_AMD_SMART | AMD.SMART | US=True HK=False v1
2026-07-30 00:27:42.179 | INFO | CtaStrategy | 策略TrendStrategy_AMD_SMART启动失败，请先初始化
2026-07-30 00:27:42.180 | INFO | CtaStrategy | TrendStrategy_AMD_SMART开始执行初始化
2026-07-30 00:27:42.181 | INFO | CtaStrategy | [TrendStrategy_AMD_SMART]  ✅ TrendStrategy_AMD_SMART 初始化完成 (v1)
2026-07-30 00:27:42.181 | INFO | CtaStrategy | [TrendStrategy_AMD_SMART]  趋势策略初始化 | 快线=10 慢线=30 ADX=20
2026-07-30 00:27:42.181 | INFO | MainEngine | 订阅行情 -> FUTU_US：SubscribeRequest(symbol='AMD', exchange=<Exchange.SMART: 'SMART'>)
2026-07-30 00:27:42.182 | INFO | FUTU_US | [FUTU_US] 订阅参数: US.AMD session=ALL
2026-07-30 00:27:42.185 | INFO | CtaStrategy | 策略TrendStrategy_AMZN_SMART移除成功
2026-07-30 00:27:42.420 | INFO | FUTU_US | [FUTU_US] ✅ 全套订阅成功: US.AMD
2026-07-30 00:27:42.425 | INFO | CtaStrategy | TrendStrategy_AMD_SMART初始化完成
2026-07-30 00:27:42.690 | INFO | CtaStrategy | [TrendStrategy_AMZN_SMART]  AI参数已加载: ['trend_window', 'entry_atr', 'fixed_size', 'stop_loss_atr']
2026-07-30 00:27:42.691 | INFO | CtaStrategy | [TrendStrategy_AMZN_SMART]  [INIT] TrendStrategy_AMZN_SMART | AMZN.SMART | US=True HK=False v1
2026-07-30 00:27:42.694 | INFO | CtaStrategy | 策略TrendStrategy_AMZN_SMART启动失败，请先初始化
2026-07-30 00:27:42.695 | INFO | CtaStrategy | TrendStrategy_AMZN_SMART开始执行初始化
2026-07-30 00:27:42.695 | INFO | CtaStrategy | [TrendStrategy_AMZN_SMART]  ✅ TrendStrategy_AMZN_SMART 初始化完成 (v1)
2026-07-30 00:27:42.696 | INFO | CtaStrategy | [TrendStrategy_AMZN_SMART]  趋势策略初始化 | 快线=10 慢线=30 ADX=20
2026-07-30 00:27:42.696 | INFO | MainEngine | 订阅行情 -> FUTU_US：SubscribeRequest(symbol='AMZN', exchange=<Exchange.SMART: 'SMART'>)
2026-07-30 00:27:42.697 | INFO | FUTU_US | [FUTU_US] 订阅参数: US.AMZN session=ALL
2026-07-30 00:27:42.699 | INFO | CtaStrategy | 策略TrendStrategy_BABA_SMART移除成功
2026-07-30 00:27:42.765 | INFO | FUTU_US | [FUTU_US] ✅ 全套订阅成功: US.AMZN
2026-07-30 00:27:42.765 | INFO | CtaStrategy | TrendStrategy_AMZN_SMART初始化完成
2026-07-30 00:27:42.900 | INFO | FUTU_HK | [FUTU_HK] 账户: 总资产=$823,936.69 现金=$635,296.69 证券=$188,640.00 冻结=$0.00 购买力=$635,296.69 (HKD)
2026-07-30 00:27:43.077 | INFO | FUTU_US | [DB CHECKPOINT] FUTU_US @ 100
2026-07-30 00:27:43.204 | INFO | CtaStrategy | [TrendStrategy_BABA_SMART]  AI参数已加载: ['trend_window', 'entry_atr', 'fixed_size', 'stop_loss_atr']
2026-07-30 00:27:43.205 | INFO | CtaStrategy | [TrendStrategy_BABA_SMART]  [INIT] TrendStrategy_BABA_SMART | BABA.SMART | US=True HK=False v1
2026-07-30 00:27:43.209 | INFO | CtaStrategy | 策略TrendStrategy_BABA_SMART启动失败，请先初始化
2026-07-30 00:27:43.209 | INFO | CtaStrategy | TrendStrategy_BABA_SMART开始执行初始化
2026-07-30 00:27:43.209 | INFO | CtaStrategy | [TrendStrategy_BABA_SMART]  ✅ TrendStrategy_BABA_SMART 初始化完成 (v1)
2026-07-30 00:27:43.209 | INFO | CtaStrategy | [TrendStrategy_BABA_SMART]  趋势策略初始化 | 快线=10 慢线=30 ADX=20
2026-07-30 00:27:43.210 | INFO | MainEngine | 订阅行情 -> FUTU_US：SubscribeRequest(symbol='BABA', exchange=<Exchange.SMART: 'SMART'>)
2026-07-30 00:27:43.210 | INFO | FUTU_US | [FUTU_US] 订阅参数: US.BABA session=ALL
2026-07-30 00:27:43.215 | INFO | CtaStrategy | 策略TrendStrategy_GOOGL_SMART移除成功
2026-07-30 00:27:43.715 | INFO | FUTU_US | [FUTU_US] ✅ 全套订阅成功: US.BABA
2026-07-30 00:27:43.716 | INFO | CtaStrategy | TrendStrategy_BABA_SMART初始化完成
2026-07-30 00:27:43.748 | INFO | CtaStrategy | [TrendStrategy_GOOGL_SMART]  AI参数已加载: ['trend_window', 'entry_atr', 'fixed_size', 'stop_loss_atr']
2026-07-30 00:27:43.754 | INFO | CtaStrategy | [TrendStrategy_GOOGL_SMART]  [INIT] TrendStrategy_GOOGL_SMART | GOOGL.SMART | US=True HK=False v1
2026-07-30 00:27:43.764 | INFO | CtaStrategy | 策略TrendStrategy_GOOGL_SMART启动失败，请先初始化
2026-07-30 00:27:43.765 | INFO | CtaStrategy | TrendStrategy_GOOGL_SMART开始执行初始化
2026-07-30 00:27:43.765 | INFO | CtaStrategy | [TrendStrategy_GOOGL_SMART]  ✅ TrendStrategy_GOOGL_SMART 初始化完成 (v1)
2026-07-30 00:27:43.765 | INFO | CtaStrategy | [TrendStrategy_GOOGL_SMART]  趋势策略初始化 | 快线=10 慢线=30 ADX=20
2026-07-30 00:27:43.765 | INFO | MainEngine | 订阅行情 -> FUTU_US：SubscribeRequest(symbol='GOOGL', exchange=<Exchange.SMART: 'SMART'>)
2026-07-30 00:27:43.766 | INFO | FUTU_US | [FUTU_US] 订阅参数: US.GOOGL session=ALL
2026-07-30 00:27:43.768 | INFO | CtaStrategy | 策略TrendStrategy_META_SMART移除成功
2026-07-30 00:27:43.806 | INFO | FUTU_US | [DB CHECKPOINT] FUTU_US @ 200
2026-07-30 00:27:44.035 | INFO | FUTU_US | [FUTU_US] ✅ 全套订阅成功: US.GOOGL
2026-07-30 00:27:44.039 | INFO | CtaStrategy | TrendStrategy_GOOGL_SMART初始化完成
2026-07-30 00:27:44.094 | INFO | FUTU_US | [DB CHECKPOINT] FUTU_US @ 300
2026-07-30 00:27:44.275 | INFO | CtaStrategy | [TrendStrategy_META_SMART]  AI参数已加载: ['trend_window', 'entry_atr', 'fixed_size', 'stop_loss_atr']
2026-07-30 00:27:44.275 | INFO | CtaStrategy | [TrendStrategy_META_SMART]  [INIT] TrendStrategy_META_SMART | META.SMART | US=True HK=False v1
2026-07-30 00:27:44.278 | INFO | CtaStrategy | 策略TrendStrategy_META_SMART启动失败，请先初始化
2026-07-30 00:27:44.279 | INFO | CtaStrategy | TrendStrategy_META_SMART开始执行初始化
2026-07-30 00:27:44.280 | INFO | CtaStrategy | [TrendStrategy_META_SMART]  ✅ TrendStrategy_META_SMART 初始化完成 (v1)
2026-07-30 00:27:44.280 | INFO | CtaStrategy | [TrendStrategy_META_SMART]  趋势策略初始化 | 快线=10 慢线=30 ADX=20
2026-07-30 00:27:44.280 | INFO | MainEngine | 订阅行情 -> FUTU_US：SubscribeRequest(symbol='META', exchange=<Exchange.SMART: 'SMART'>)
2026-07-30 00:27:44.281 | INFO | FUTU_US | [FUTU_US] 订阅参数: US.META session=ALL
2026-07-30 00:27:44.283 | INFO | CtaStrategy | 策略TrendStrategy_MSFT_SMART移除成功
2026-07-30 00:27:44.660 | INFO | FUTU_US | [FUTU_US] ✅ 全套订阅成功: US.META
2026-07-30 00:27:44.662 | INFO | CtaStrategy | TrendStrategy_META_SMART初始化完成
2026-07-30 00:27:44.789 | INFO | CtaStrategy | [TrendStrategy_MSFT_SMART]  AI参数已加载: ['trend_window', 'entry_atr', 'fixed_size', 'stop_loss_atr']
2026-07-30 00:27:44.790 | INFO | CtaStrategy | [TrendStrategy_MSFT_SMART]  [INIT] TrendStrategy_MSFT_SMART | MSFT.SMART | US=True HK=False v1
2026-07-30 00:27:44.792 | INFO | CtaStrategy | 策略TrendStrategy_MSFT_SMART启动失败，请先初始化
2026-07-30 00:27:44.792 | INFO | CtaStrategy | TrendStrategy_MSFT_SMART开始执行初始化
2026-07-30 00:27:44.793 | INFO | CtaStrategy | [TrendStrategy_MSFT_SMART]  ✅ TrendStrategy_MSFT_SMART 初始化完成 (v1)
2026-07-30 00:27:44.793 | INFO | CtaStrategy | [TrendStrategy_MSFT_SMART]  趋势策略初始化 | 快线=10 慢线=30 ADX=20
2026-07-30 00:27:44.794 | INFO | MainEngine | 订阅行情 -> FUTU_US：SubscribeRequest(symbol='MSFT', exchange=<Exchange.SMART: 'SMART'>)
2026-07-30 00:27:44.794 | INFO | FUTU_US | [FUTU_US] 订阅参数: US.MSFT session=ALL
2026-07-30 00:27:44.798 | INFO | CtaStrategy | 策略TrendStrategy_NFLX_SMART移除成功
2026-07-30 00:27:45.059 | INFO | FUTU_US | [DB CHECKPOINT] FUTU_US @ 400
2026-07-30 00:27:45.312 | INFO | FUTU_US | [FUTU_US] ✅ 全套订阅成功: US.MSFT
2026-07-30 00:27:45.315 | INFO | CtaStrategy | TrendStrategy_MSFT_SMART初始化完成
2026-07-30 00:27:45.349 | INFO | CtaStrategy | [TrendStrategy_NFLX_SMART]  AI参数已加载: ['trend_window', 'entry_atr', 'fixed_size', 'stop_loss_atr']
2026-07-30 00:27:45.359 | INFO | CtaStrategy | [TrendStrategy_NFLX_SMART]  [INIT] TrendStrategy_NFLX_SMART | NFLX.SMART | US=True HK=False v1
2026-07-30 00:27:45.377 | INFO | CtaStrategy | 策略TrendStrategy_NFLX_SMART启动失败，请先初始化
2026-07-30 00:27:45.379 | INFO | CtaStrategy | TrendStrategy_NFLX_SMART开始执行初始化
2026-07-30 00:27:45.380 | INFO | CtaStrategy | [TrendStrategy_NFLX_SMART]  ✅ TrendStrategy_NFLX_SMART 初始化完成 (v1)
2026-07-30 00:27:45.380 | INFO | CtaStrategy | [TrendStrategy_NFLX_SMART]  趋势策略初始化 | 快线=10 慢线=30 ADX=20
2026-07-30 00:27:45.382 | INFO | MainEngine | 订阅行情 -> FUTU_US：SubscribeRequest(symbol='NFLX', exchange=<Exchange.SMART: 'SMART'>)
2026-07-30 00:27:45.382 | INFO | FUTU_US | [FUTU_US] 订阅参数: US.NFLX session=ALL
2026-07-30 00:27:45.383 | INFO | CtaStrategy | 策略TrendStrategy_NVDA_SMART移除成功
2026-07-30 00:27:45.410 | INFO | FUTU_US | [DB CHECKPOINT] FUTU_US @ 500
2026-07-30 00:27:45.627 | INFO | FUTU_US | [FUTU_US] ✅ 全套订阅成功: US.NFLX
2026-07-30 00:27:45.629 | INFO | CtaStrategy | TrendStrategy_NFLX_SMART初始化完成
2026-07-30 00:27:45.882 | INFO | CtaStrategy | [TrendStrategy_NVDA_SMART]  AI参数已加载: ['trend_window', 'entry_atr', 'fixed_size', 'stop_loss_atr']
2026-07-30 00:27:45.883 | INFO | CtaStrategy | [TrendStrategy_NVDA_SMART]  [INIT] TrendStrategy_NVDA_SMART | NVDA.SMART | US=True HK=False v1
2026-07-30 00:27:45.885 | INFO | CtaStrategy | 策略TrendStrategy_NVDA_SMART启动失败，请先初始化
2026-07-30 00:27:45.887 | INFO | CtaStrategy | TrendStrategy_NVDA_SMART开始执行初始化
2026-07-30 00:27:45.887 | INFO | CtaStrategy | [TrendStrategy_NVDA_SMART]  ✅ TrendStrategy_NVDA_SMART 初始化完成 (v1)
2026-07-30 00:27:45.888 | INFO | CtaStrategy | [TrendStrategy_NVDA_SMART]  趋势策略初始化 | 快线=10 慢线=30 ADX=20
2026-07-30 00:27:45.888 | INFO | MainEngine | 订阅行情 -> FUTU_US：SubscribeRequest(symbol='NVDA', exchange=<Exchange.SMART: 'SMART'>)
2026-07-30 00:27:45.889 | INFO | FUTU_US | [FUTU_US] 订阅参数: US.NVDA session=ALL
2026-07-30 00:27:45.895 | INFO | CtaStrategy | 策略TrendStrategy_TSLA_SMART移除成功
2026-07-30 00:27:45.960 | INFO | FUTU_US | [DB CHECKPOINT] FUTU_US @ 600
2026-07-30 00:27:46.265 | INFO | FUTU_US | [FUTU_US] ✅ 全套订阅成功: US.NVDA
2026-07-30 00:27:46.268 | INFO | CtaStrategy | TrendStrategy_NVDA_SMART初始化完成
2026-07-30 00:27:46.407 | INFO | CtaStrategy | [TrendStrategy_TSLA_SMART]  AI参数已加载: ['trend_window', 'entry_atr', 'fixed_size', 'stop_loss_atr']
2026-07-30 00:27:46.408 | INFO | CtaStrategy | [TrendStrategy_TSLA_SMART]  [INIT] TrendStrategy_TSLA_SMART | TSLA.SMART | US=True HK=False v1
2026-07-30 00:27:46.409 | INFO | CtaStrategy | 策略TrendStrategy_TSLA_SMART启动失败，请先初始化
2026-07-30 00:27:46.409 | INFO | CtaStrategy | TrendStrategy_TSLA_SMART开始执行初始化
2026-07-30 00:27:46.409 | INFO | CtaStrategy | [TrendStrategy_TSLA_SMART]  ✅ TrendStrategy_TSLA_SMART 初始化完成 (v1)
2026-07-30 00:27:46.410 | INFO | CtaStrategy | [TrendStrategy_TSLA_SMART]  趋势策略初始化 | 快线=10 慢线=30 ADX=20
2026-07-30 00:27:46.410 | INFO | MainEngine | 订阅行情 -> FUTU_US：SubscribeRequest(symbol='TSLA', exchange=<Exchange.SMART: 'SMART'>)
2026-07-30 00:27:46.411 | INFO | FUTU_US | [FUTU_US] 订阅参数: US.TSLA session=ALL
2026-07-30 00:27:46.412 | INFO | FUTU_US | [DB CHECKPOINT] FUTU_US @ 700
2026-07-30 00:27:46.975 | INFO | FUTU_US | [FUTU_US] ✅ 全套订阅成功: US.TSLA
2026-07-30 00:27:46.977 | INFO | CtaStrategy | TrendStrategy_TSLA_SMART初始化完成
2026-07-30 00:27:47.030 | INFO | FUTU_US | [DB CHECKPOINT] FUTU_US @ 800
2026-07-30 00:27:47.121 | INFO | FUTU_US | [DB CHECKPOINT] FUTU_US @ 900
2026-07-30 00:27:47.248 | INFO | FUTU_US | [DB CHECKPOINT] FUTU_US @ 1000
2026-07-30 00:27:47.324 | INFO | FUTU_US | [DB CHECKPOINT] FUTU_US @ 1100
2026-07-30 00:27:47.596 | INFO | FUTU_US | [DB CHECKPOINT] FUTU_US @ 1200
2026-07-30 00:27:47.714 | INFO | FUTU_US | [FUTU_US] 账户: 总资产=$9,999,887.51 现金=$9,996,058.01 证券=$3,829.50 冻结=$0.00 购买力=$19,995,945.52 (USD)
2026-07-30 00:27:48.273 | INFO | FUTU_US | [DB CHECKPOINT] FUTU_US @ 1300
2026-07-30 00:27:48.352 | INFO | FUTU_US | [DB CHECKPOINT] FUTU_US @ 1400
2026-07-30 00:27:48.598 | INFO | FUTU_US | [DB CHECKPOINT] FUTU_US @ 1500
2026-07-30 00:27:48.622 | INFO | FUTU_US | [DB CHECKPOINT] FUTU_US @ 1600
2026-07-30 00:27:48.688 | INFO | FUTU_US | [DB CHECKPOINT] FUTU_US @ 1700
2026-07-30 00:27:48.726 | INFO | FUTU_US | [DB CHECKPOINT] FUTU_US @ 1800
2026-07-30 00:27:48.770 | INFO | FUTU_US | [DB CHECKPOINT] FUTU_US @ 1900
2026-07-30 00:27:48.897 | INFO | FUTU_US | [DB CHECKPOINT] FUTU_US @ 2000
2026-07-30 00:27:48.902 | INFO | FUTU_HK | [FUTU_HK] 账户: 总资产=$823,936.69 现金=$635,296.69 证券=$188,640.00 冻结=$0.00 购买力=$635,296.69 (HKD)
2026-07-30 00:27:49.571 | INFO | FUTU_US | [DB CHECKPOINT] FUTU_US @ 2100
2026-07-30 00:27:49.919 | INFO | FUTU_US | [DB CHECKPOINT] FUTU_US @ 2200
2026-07-30 00:27:49.997 | INFO | FUTU_US | [DB CHECKPOINT] FUTU_US @ 2300
2026-07-30 00:27:50.209 | INFO | FUTU_US | [DB CHECKPOINT] FUTU_US @ 2400
2026-07-30 00:27:50.956 | INFO | FUTU_US | [DB CHECKPOINT] FUTU_US @ 2500
2026-07-30 00:27:51.070 | INFO | FUTU_US | [DB CHECKPOINT] FUTU_US @ 2600
2026-07-30 00:27:51.200 | INFO | FUTU_US | [DB CHECKPOINT] FUTU_US @ 2700
2026-07-30 00:27:52.063 | INFO | FUTU_US | [DB CHECKPOINT] FUTU_US @ 2800
2026-07-30 00:27:52.437 | INFO | FUTU_US | [DB CHECKPOINT] FUTU_US @ 2900
2026-07-30 00:27:53.023 | INFO | FUTU_US | [DB CHECKPOINT] FUTU_US @ 3000
2026-07-30 00:27:53.398 | INFO | FUTU_US | [DB CHECKPOINT] FUTU_US @ 3100
2026-07-30 00:27:53.720 | INFO | FUTU_US | [FUTU_US] 账户: 总资产=$9,999,887.51 现金=$9,996,058.01 证券=$3,829.50 冻结=$0.00 购买力=$19,995,945.52 (USD)
2026-07-30 00:27:54.325 | INFO | FUTU_US | [DB CHECKPOINT] FUTU_US @ 3200
2026-07-30 00:27:54.622 | INFO | FUTU_US | [DB CHECKPOINT] FUTU_US @ 3300
2026-07-30 00:27:54.909 | INFO | FUTU_HK | [FUTU_HK] 账户: 总资产=$823,936.69 现金=$635,296.69 证券=$188,640.00 冻结=$0.00 购买力=$635,296.69 (HKD)
2026-07-30 00:27:55.591 | INFO | FUTU_US | [DB CHECKPOINT] FUTU_US @ 3400
2026-07-30 00:27:56.193 | INFO | FUTU_US | [DB CHECKPOINT] FUTU_US @ 3500
2026-07-30 00:27:56.900 | INFO | FUTU_US | [DB CHECKPOINT] FUTU_US @ 3600
2026-07-30 00:27:57.521 | INFO | FUTU_US | [DB CHECKPOINT] FUTU_US @ 3700
2026-07-30 00:27:57.837 | INFO | FUTU_US | [DB CHECKPOINT] FUTU_US @ 3800
2026-07-30 00:27:58.802 | INFO | FUTU_US | [DB CHECKPOINT] FUTU_US @ 3900
2026-07-30 00:27:59.125 | INFO | FUTU_US | [DB CHECKPOINT] FUTU_US @ 4000
2026-07-30 00:27:59.752 | INFO | FUTU_US | [DB CHECKPOINT] FUTU_US @ 4100
2026-07-30 00:27:59.757 | INFO | FUTU_US | [FUTU_US] 账户: 总资产=$9,999,887.51 现金=$9,996,058.01 证券=$3,829.50 冻结=$0.00 购买力=$19,995,945.52 (USD)
2026-07-30 00:28:00.093 | INFO | FUTU_US | [DB CHECKPOINT] FUTU_US @ 4200
2026-07-30 00:28:00.913 | INFO | FUTU_HK | [FUTU_HK] 账户: 总资产=$823,936.69 现金=$635,296.69 证券=$188,640.00 冻结=$0.00 购买力=$635,296.69 (HKD)
2026-07-30 00:28:01.056 | INFO | FUTU_US | [DB CHECKPOINT] FUTU_US @ 4300
2026-07-30 00:28:01.341 | INFO | FUTU_US | [DB CHECKPOINT] FUTU_US @ 4400
2026-07-30 00:28:01.965 | INFO | FUTU_US | [DB CHECKPOINT] FUTU_US @ 4500
2026-07-30 00:28:02.355 | INFO | FUTU_US | [DB CHECKPOINT] FUTU_US @ 4600
2026-07-30 00:28:02.647 | INFO | FUTU_US | [DB CHECKPOINT] FUTU_US @ 4700
2026-07-30 00:28:02.976 | INFO | FUTU_US | [DB CHECKPOINT] FUTU_US @ 4800
2026-07-30 00:28:03.316 | INFO | FUTU_US | [DB CHECKPOINT] FUTU_US @ 4900
2026-07-30 00:28:03.932 | INFO | FUTU_US | [DB CHECKPOINT] FUTU_US @ 5000
2026-07-30 00:28:04.966 | INFO | FUTU_US | [DB CHECKPOINT] FUTU_US @ 5100
2026-07-30 00:28:05.285 | INFO | FUTU_US | [DB CHECKPOINT] FUTU_US @ 5200
2026-07-30 00:28:05.475 | INFO | FUTU_US | [DB CHECKPOINT] FUTU_US @ 5300
2026-07-30 00:28:05.817 | INFO | FUTU_US | [FUTU_US] 账户: 总资产=$9,999,887.51 现金=$9,996,058.01 证券=$3,829.50 冻结=$0.00 购买力=$19,995,945.52 (USD)
2026-07-30 00:28:05.932 | INFO | FUTU_US | [DB CHECKPOINT] FUTU_US @ 5400
2026-07-30 00:28:06.549 | INFO | FUTU_US | [DB CHECKPOINT] FUTU_US @ 5500
2026-07-30 00:28:06.918 | INFO | FUTU_HK | [FUTU_HK] 账户: 总资产=$823,936.69 现金=$635,296.69 证券=$188,640.00 冻结=$0.00 购买力=$635,296.69 (HKD)
2026-07-30 00:28:07.122 | INFO | FUTU_US | [DB CHECKPOINT] FUTU_US @ 5600
2026-07-30 00:28:07.856 | INFO | FUTU_US | [DB CHECKPOINT] FUTU_US @ 5700
2026-07-30 00:28:08.721 | INFO | FUTU_US | [DB CHECKPOINT] FUTU_US @ 5800
2026-07-30 00:28:09.428 | INFO | FUTU_US | [DB CHECKPOINT] FUTU_US @ 5900
2026-07-30 00:28:10.053 | INFO | FUTU_US | [DB CHECKPOINT] FUTU_US @ 6000
2026-07-30 00:28:10.672 | INFO | FUTU_US | [DB CHECKPOINT] FUTU_US @ 6100
2026-07-30 00:28:11.319 | INFO | FUTU_US | [DB CHECKPOINT] FUTU_US @ 6200
2026-07-30 00:28:11.551 | INFO | FUTU_US | [DB CHECKPOINT] FUTU_US @ 6300
2026-07-30 00:28:11.762 | INFO | FUTU_US | [FUTU_US] 账户: 总资产=$9,999,887.51 现金=$9,996,058.01 证券=$3,829.50 冻结=$0.00 购买力=$19,995,945.52 (USD)
2026-07-30 00:28:12.013 | INFO | FUTU_US | [DB CHECKPOINT] FUTU_US @ 6400
2026-07-30 00:28:12.601 | INFO | FUTU_US | [DB CHECKPOINT] FUTU_US @ 6500
2026-07-30 00:28:12.925 | INFO | FUTU_HK | [FUTU_HK] 账户: 总资产=$823,936.69 现金=$635,296.69 证券=$188,640.00 冻结=$0.00 购买力=$635,296.69 (HKD)
2026-07-30 00:28:13.248 | INFO | FUTU_US | [DB CHECKPOINT] FUTU_US @ 6600
2026-07-30 00:28:13.514 | INFO | FUTU_US | [DB CHECKPOINT] FUTU_US @ 6700
2026-07-30 00:28:14.006 | INFO | FUTU_US | [DB CHECKPOINT] FUTU_US @ 6800
2026-07-30 00:28:14.226 | INFO | FUTU_US | [DB CHECKPOINT] FUTU_US @ 6900
2026-07-30 00:28:14.626 | INFO | FUTU_US | [DB CHECKPOINT] FUTU_US @ 7000
2026-07-30 00:28:15.158 | INFO | FUTU_US | [DB CHECKPOINT] FUTU_US @ 7100
2026-07-30 00:28:15.712 | INFO | FUTU_US | [DB CHECKPOINT] FUTU_US @ 7200
2026-07-30 00:28:16.713 | INFO | FUTU_US | [DB CHECKPOINT] FUTU_US @ 7300
2026-07-30 00:28:17.174 | INFO | FUTU_US | [DB CHECKPOINT] FUTU_US @ 7400
2026-07-30 00:28:17.763 | INFO | FUTU_US | [DB CHECKPOINT] FUTU_US @ 7500
2026-07-30 00:28:17.781 | INFO | FUTU_US | [FUTU_US] 账户: 总资产=$9,999,887.51 现金=$9,996,058.01 证券=$3,829.50 冻结=$0.00 购买力=$19,995,945.52 (USD)
2026-07-30 00:28:18.745 | INFO | FUTU_US | [DB CHECKPOINT] FUTU_US @ 7600
2026-07-30 00:28:18.906 | INFO | FUTU_US | [DB CHECKPOINT] FUTU_US @ 7700
2026-07-30 00:28:19.027 | INFO | FUTU_HK | [FUTU_HK] 账户: 总资产=$823,936.69 现金=$635,296.69 证券=$188,640.00 冻结=$0.00 购买力=$635,296.69 (HKD)
2026-07-30 00:28:19.592 | INFO | FUTU_US | [DB CHECKPOINT] FUTU_US @ 7800
2026-07-30 00:28:20.063 | INFO | FUTU_US | [DB CHECKPOINT] FUTU_US @ 7900
2026-07-30 00:28:20.544 | INFO | FUTU_US | [DB CHECKPOINT] FUTU_US @ 8000
2026-07-30 00:28:21.205 | INFO | FUTU_US | [DB CHECKPOINT] FUTU_US @ 8100
2026-07-30 00:28:22.179 | INFO | FUTU_US | [DB CHECKPOINT] FUTU_US @ 8200
2026-07-30 00:28:22.511 | INFO | FUTU_US | [DB CHECKPOINT] FUTU_US @ 8300
2026-07-30 00:28:23.487 | INFO | FUTU_US | [DB CHECKPOINT] FUTU_US @ 8400
2026-07-30 00:28:23.783 | INFO | FUTU_US | [FUTU_US] 账户: 总资产=$9,999,887.51 现金=$9,996,058.01 证券=$3,829.50 冻结=$0.00 购买力=$19,995,945.52 (USD)
2026-07-30 00:28:24.408 | INFO | FUTU_US | [DB CHECKPOINT] FUTU_US @ 8500
2026-07-30 00:28:25.052 | INFO | FUTU_HK | [FUTU_HK] 账户: 总资产=$823,936.69 现金=$635,296.69 证券=$188,640.00 冻结=$0.00 购买力=$635,296.69 (HKD)
2026-07-30 00:28:25.218 | INFO | FUTU_US | [DB CHECKPOINT] FUTU_US @ 8600
2026-07-30 00:28:25.701 | INFO | FUTU_US | [DB CHECKPOINT] FUTU_US @ 8700
2026-07-30 00:28:26.336 | INFO | FUTU_US | [DB CHECKPOINT] FUTU_US @ 8800
2026-07-30 00:28:26.433 | INFO | FUTU_US | [DB CHECKPOINT] FUTU_US @ 8900
2026-07-30 00:28:26.531 | INFO | FUTU_US | [DB CHECKPOINT] FUTU_US @ 9000
2026-07-30 00:28:26.724 | INFO | FUTU_US | [DB CHECKPOINT] FUTU_US @ 9100
2026-07-30 00:28:27.029 | INFO | FUTU_US | [DB CHECKPOINT] FUTU_US @ 9200
2026-07-30 00:28:27.298 | INFO | FUTU_US | [DB CHECKPOINT] FUTU_US @ 9300
2026-07-30 00:28:28.006 | INFO | FUTU_US | [DB CHECKPOINT] FUTU_US @ 9400
2026-07-30 00:28:28.322 | INFO | FUTU_US | [DB CHECKPOINT] FUTU_US @ 9500
2026-07-30 00:28:29.783 | INFO | FUTU_US | [FUTU_US] 账户: 总资产=$9,999,887.51 现金=$9,996,058.01 证券=$3,829.50 冻结=$0.00 购买力=$19,995,945.52 (USD)
2026-07-30 00:28:30.783 | INFO | FUTU_US | [DB CHECKPOINT] FUTU_US @ 9600
2026-07-30 00:28:30.841 | INFO | FUTU_US | [DB CHECKPOINT] FUTU_US @ 9700
2026-07-30 00:28:30.901 | INFO | FUTU_US | [DB CHECKPOINT] FUTU_US @ 9800
2026-07-30 00:28:30.964 | INFO | FUTU_US | [DB CHECKPOINT] FUTU_US @ 9900
2026-07-30 00:28:31.003 | INFO | FUTU_US | [DB CHECKPOINT] FUTU_US @ 10000
2026-07-30 00:28:31.056 | INFO | FUTU_HK | [FUTU_HK] 账户: 总资产=$823,936.69 现金=$635,296.69 证券=$188,640.00 冻结=$0.00 购买力=$635,296.69 (HKD)
2026-07-30 00:28:31.078 | INFO | FUTU_US | [DB CHECKPOINT] FUTU_US @ 10100
2026-07-30 00:28:31.152 | INFO | FUTU_US | [DB CHECKPOINT] FUTU_US @ 10200
2026-07-30 00:28:31.195 | INFO | FUTU_US | [DB CHECKPOINT] FUTU_US @ 10300
2026-07-30 00:28:31.270 | INFO | FUTU_US | [DB CHECKPOINT] FUTU_US @ 10400
2026-07-30 00:28:31.324 | INFO | FUTU_US | [DB CHECKPOINT] FUTU_US @ 10500
2026-07-30 00:28:31.868 | INFO | FUTU_US | [DB CHECKPOINT] FUTU_US @ 10600
2026-07-30 00:28:32.525 | INFO | FUTU_US | [DB CHECKPOINT] FUTU_US @ 10700
2026-07-30 00:28:32.669 | INFO | FUTU_US | [DB CHECKPOINT] FUTU_US @ 10800
2026-07-30 00:28:32.951 | INFO | FUTU_US | [DB CHECKPOINT] FUTU_US @ 10900
2026-07-30 00:28:33.189 | INFO | FUTU_US | [DB CHECKPOINT] FUTU_US @ 11000
2026-07-30 00:28:33.273 | INFO | FUTU_US | [DB CHECKPOINT] FUTU_US @ 11100
2026-07-30 00:28:33.442 | INFO | FUTU_US | [DB CHECKPOINT] FUTU_US @ 11200
2026-07-30 00:28:33.573 | INFO | FUTU_US | [DB CHECKPOINT] FUTU_US @ 11300
2026-07-30 00:28:33.685 | INFO | FUTU_US | [DB CHECKPOINT] FUTU_US @ 11400
2026-07-30 00:28:33.999 | INFO | FUTU_US | [DB CHECKPOINT] FUTU_US @ 11500
2026-07-30 00:28:34.497 | INFO | FUTU_US | [DB CHECKPOINT] FUTU_US @ 11600
2026-07-30 00:28:34.601 | INFO | FUTU_US | [DB CHECKPOINT] FUTU_US @ 11700
2026-07-30 00:28:35.059 | INFO | FUTU_US | [DB CHECKPOINT] FUTU_US @ 11800
2026-07-30 00:28:35.574 | INFO | FUTU_US | [DB CHECKPOINT] FUTU_US @ 11900
2026-07-30 00:28:35.791 | INFO | FUTU_US | [FUTU_US] 账户: 总资产=$9,999,887.61 现金=$9,996,058.01 证券=$3,829.60 冻结=$0.00 购买力=$19,995,945.62 (USD)
2026-07-30 00:28:36.661 | INFO | FUTU_US | [DB CHECKPOINT] FUTU_US @ 12000
2026-07-30 00:28:36.855 | INFO | FUTU_US | [DB CHECKPOINT] FUTU_US @ 12100
2026-07-30 00:28:37.007 | INFO | FUTU_US | [DB CHECKPOINT] FUTU_US @ 12200
2026-07-30 00:28:37.101 | INFO | FUTU_HK | [FUTU_HK] 账户: 总资产=$823,936.69 现金=$635,296.69 证券=$188,640.00 冻结=$0.00 购买力=$635,296.69 (HKD)
2026-07-30 00:28:37.105 | INFO | FUTU_US | [DB CHECKPOINT] FUTU_US @ 12300
2026-07-30 00:28:37.377 | INFO | FUTU_US | [DB CHECKPOINT] FUTU_US @ 12400
2026-07-30 00:28:37.530 | INFO | FUTU_US | [DB CHECKPOINT] FUTU_US @ 12500
2026-07-30 00:28:37.963 | INFO | FUTU_US | [DB CHECKPOINT] FUTU_US @ 12600
2026-07-30 00:28:38.175 | INFO | FUTU_US | [DB CHECKPOINT] FUTU_US @ 12700
2026-07-30 00:28:38.473 | INFO | FUTU_US | [DB CHECKPOINT] FUTU_US @ 12800
2026-07-30 00:28:39.150 | INFO | FUTU_US | [DB CHECKPOINT] FUTU_US @ 12900
2026-07-30 00:28:40.033 | INFO | FUTU_US | [DB CHECKPOINT] FUTU_US @ 13000
2026-07-30 00:28:41.045 | INFO | FUTU_US | [DB CHECKPOINT] FUTU_US @ 13100
2026-07-30 00:28:41.663 | INFO | FUTU_US | [DB CHECKPOINT] FUTU_US @ 13200
2026-07-30 00:28:41.797 | INFO | FUTU_US | [FUTU_US] 账户: 总资产=$9,999,887.61 现金=$9,996,058.01 证券=$3,829.60 冻结=$0.00 购买力=$19,995,945.62 (USD)
2026-07-30 00:28:42.602 | INFO | FUTU_US | [DB CHECKPOINT] FUTU_US @ 13300
2026-07-30 00:28:43.105 | INFO | FUTU_HK | [FUTU_HK] 账户: 总资产=$823,936.69 现金=$635,296.69 证券=$188,640.00 冻结=$0.00 购买力=$635,296.69 (HKD)
2026-07-30 00:28:43.874 | INFO | FUTU_US | [DB CHECKPOINT] FUTU_US @ 13400
2026-07-30 00:28:44.711 | INFO | FUTU_US | [DB CHECKPOINT] FUTU_US @ 13500
2026-07-30 00:28:45.094 | INFO | FUTU_US | [DB CHECKPOINT] FUTU_US @ 13600
2026-07-30 00:28:45.411 | INFO | FUTU_US | [DB CHECKPOINT] FUTU_US @ 13700
2026-07-30 00:28:45.591 | INFO | FUTU_US | [DB CHECKPOINT] FUTU_US @ 13800
2026-07-30 00:28:46.152 | INFO | FUTU_US | [DB CHECKPOINT] FUTU_US @ 13900
2026-07-30 00:28:46.983 | INFO | FUTU_US | [DB CHECKPOINT] FUTU_US @ 14000
2026-07-30 00:28:47.750 | INFO | FUTU_US | [DB CHECKPOINT] FUTU_US @ 14100
2026-07-30 00:28:47.794 | INFO | FUTU_US | [FUTU_US] 账户: 总资产=$9,999,887.61 现金=$9,996,058.01 证券=$3,829.60 冻结=$0.00 购买力=$19,995,945.62 (USD)
2026-07-30 00:28:48.581 | INFO | FUTU_US | [DB CHECKPOINT] FUTU_US @ 14200
2026-07-30 00:28:49.079 | INFO | FUTU_US | [DB CHECKPOINT] FUTU_US @ 14300
2026-07-30 00:28:49.114 | INFO | FUTU_HK | [FUTU_HK] 账户: 总资产=$823,936.69 现金=$635,296.69 证券=$188,640.00 冻结=$0.00 购买力=$635,296.69 (HKD)
2026-07-30 00:28:49.642 | INFO | FUTU_US | [DB CHECKPOINT] FUTU_US @ 14400
2026-07-30 00:28:50.167 | INFO | FUTU_US | [DB CHECKPOINT] FUTU_US @ 14500
2026-07-30 00:28:50.647 | INFO | FUTU_US | [DB CHECKPOINT] FUTU_US @ 14600
2026-07-30 00:28:51.055 | INFO | FUTU_US | [DB CHECKPOINT] FUTU_US @ 14700
2026-07-30 00:28:51.662 | INFO | FUTU_US | [DB CHECKPOINT] FUTU_US @ 14800
2026-07-30 00:28:52.562 | INFO | FUTU_US | [DB CHECKPOINT] FUTU_US @ 14900
2026-07-30 00:28:52.918 | INFO | FUTU_US | [DB CHECKPOINT] FUTU_US @ 15000
2026-07-30 00:28:53.821 | INFO | FUTU_US | [FUTU_US] 账户: 总资产=$9,999,887.61 现金=$9,996,058.01 证券=$3,829.60 冻结=$0.00 购买力=$19,995,945.62 (USD)
2026-07-30 00:28:54.139 | INFO | FUTU_US | [DB CHECKPOINT] FUTU_US @ 15100
2026-07-30 00:28:54.537 | INFO | FUTU_US | [DB CHECKPOINT] FUTU_US @ 15200
2026-07-30 00:28:54.912 | INFO | FUTU_US | [DB CHECKPOINT] FUTU_US @ 15300
2026-07-30 00:28:55.215 | INFO | FUTU_HK | [FUTU_HK] 账户: 总资产=$823,936.69 现金=$635,296.69 证券=$188,640.00 冻结=$0.00 购买力=$635,296.69 (HKD)
2026-07-30 00:28:55.441 | INFO | FUTU_US | [DB CHECKPOINT] FUTU_US @ 15400
2026-07-30 00:28:55.913 | INFO | FUTU_US | [DB CHECKPOINT] FUTU_US @ 15500
2026-07-30 00:28:56.207 | INFO | FUTU_US | [DB CHECKPOINT] FUTU_US @ 15600
2026-07-30 00:28:56.481 | INFO | FUTU_US | [DB CHECKPOINT] FUTU_US @ 15700
2026-07-30 00:28:56.584 | INFO | FUTU_US | [DB CHECKPOINT] FUTU_US @ 15800
2026-07-30 00:28:56.788 | INFO | FUTU_US | [DB CHECKPOINT] FUTU_US @ 15900
2026-07-30 00:28:57.101 | INFO | FUTU_US | [DB CHECKPOINT] FUTU_US @ 16000
2026-07-30 00:28:57.355 | INFO | FUTU_US | [DB CHECKPOINT] FUTU_US @ 16100
2026-07-30 00:28:57.442 | INFO | FUTU_US | [DB CHECKPOINT] FUTU_US @ 16200
2026-07-30 00:28:58.016 | INFO | FUTU_US | [DB CHECKPOINT] FUTU_US @ 16300
2026-07-30 00:28:58.422 | INFO | FUTU_US | [DB CHECKPOINT] FUTU_US @ 16400
2026-07-30 00:28:58.512 | INFO | FUTU_US | [DB CHECKPOINT] FUTU_US @ 16500
2026-07-30 00:28:58.667 | INFO | FUTU_US | [DB CHECKPOINT] FUTU_US @ 16600
2026-07-30 00:28:58.746 | INFO | FUTU_US | [DB CHECKPOINT] FUTU_US @ 16700
2026-07-30 00:28:58.983 | INFO | FUTU_US | [DB CHECKPOINT] FUTU_US @ 16800
2026-07-30 00:28:59.708 | INFO | FUTU_US | [DB CHECKPOINT] FUTU_US @ 16900
2026-07-30 00:28:59.824 | INFO | FUTU_US | [FUTU_US] 账户: 总资产=$9,999,887.61 现金=$9,996,058.01 证券=$3,829.60 冻结=$0.00 购买力=$19,995,945.62 (USD)
2026-07-30 00:28:59.858 | INFO | FUTU_US | [DB CHECKPOINT] FUTU_US @ 17000
2026-07-30 00:28:59.952 | INFO | FUTU_US | [DB CHECKPOINT] FUTU_US @ 17100
2026-07-30 00:29:00.118 | INFO | FUTU_US | [DB CHECKPOINT] FUTU_US @ 17200
2026-07-30 00:29:00.545 | INFO | FUTU_US | [DB CHECKPOINT] FUTU_US @ 17300
2026-07-30 00:29:00.634 | INFO | FUTU_US | [DB CHECKPOINT] FUTU_US @ 17400
2026-07-30 00:29:01.185 | INFO | FUTU_HK | [FUTU_HK] 账户: 总资产=$823,936.69 现金=$635,296.69 证券=$188,640.00 冻结=$0.00 购买力=$635,296.69 (HKD)
2026-07-30 00:29:01.524 | INFO | FUTU_US | [DB CHECKPOINT] FUTU_US @ 17500
2026-07-30 00:29:01.882 | INFO | FUTU_US | [DB CHECKPOINT] FUTU_US @ 17600
2026-07-30 00:29:02.503 | INFO | FUTU_US | [DB CHECKPOINT] FUTU_US @ 17700
2026-07-30 00:29:02.867 | INFO | FUTU_US | [DB CHECKPOINT] FUTU_US @ 17800
2026-07-30 00:29:03.111 | INFO | FUTU_US | [DB CHECKPOINT] FUTU_US @ 17900
2026-07-30 00:29:03.206 | INFO | FUTU_US | [DB CHECKPOINT] FUTU_US @ 18000
2026-07-30 00:29:03.494 | INFO | FUTU_US | [DB CHECKPOINT] FUTU_US @ 18100
2026-07-30 00:29:03.745 | INFO | FUTU_US | [DB CHECKPOINT] FUTU_US @ 18200
2026-07-30 00:29:04.417 | INFO | FUTU_US | [DB CHECKPOINT] FUTU_US @ 18300
2026-07-30 00:29:04.490 | INFO | FUTU_US | [DB CHECKPOINT] FUTU_US @ 18400
2026-07-30 00:29:05.001 | INFO | FUTU_US | [DB CHECKPOINT] FUTU_US @ 18500
2026-07-30 00:29:05.072 | INFO | FUTU_US | [DB CHECKPOINT] FUTU_US @ 18600
2026-07-30 00:29:05.419 | INFO | FUTU_US | [DB CHECKPOINT] FUTU_US @ 18700
2026-07-30 00:29:05.821 | INFO | FUTU_US | [FUTU_US] 账户: 总资产=$9,999,887.61 现金=$9,996,058.01 证券=$3,829.60 冻结=$0.00 购买力=$19,995,945.62 (USD)
2026-07-30 00:29:06.090 | INFO | FUTU_US | [DB CHECKPOINT] FUTU_US @ 18800
2026-07-30 00:29:06.603 | INFO | FUTU_US | [DB CHECKPOINT] FUTU_US @ 18900
2026-07-30 00:29:07.010 | INFO | FUTU_US | [DB CHECKPOINT] FUTU_US @ 19000
2026-07-30 00:29:07.064 | INFO | FUTU_US | [DB CHECKPOINT] FUTU_US @ 19100
2026-07-30 00:29:07.190 | INFO | FUTU_HK | [FUTU_HK] 账户: 总资产=$823,936.69 现金=$635,296.69 证券=$188,640.00 冻结=$0.00 购买力=$635,296.69 (HKD)
2026-07-30 00:29:07.573 | INFO | FUTU_US | [DB CHECKPOINT] FUTU_US @ 19200
2026-07-30 00:29:08.253 | INFO | FUTU_US | [DB CHECKPOINT] FUTU_US @ 19300
2026-07-30 00:29:11.093 | INFO | FUTU_US | [DB CHECKPOINT] FUTU_US @ 19400
2026-07-30 00:29:11.156 | INFO | FUTU_US | [DB CHECKPOINT] FUTU_US @ 19500
2026-07-30 00:29:11.214 | INFO | FUTU_US | [DB CHECKPOINT] FUTU_US @ 19600
2026-07-30 00:29:11.263 | INFO | FUTU_US | [DB CHECKPOINT] FUTU_US @ 19700
2026-07-30 00:29:11.329 | INFO | FUTU_US | [DB CHECKPOINT] FUTU_US @ 19800
2026-07-30 00:29:11.389 | INFO | FUTU_US | [DB CHECKPOINT] FUTU_US @ 19900
2026-07-30 00:29:11.488 | INFO | FUTU_US | [DB CHECKPOINT] FUTU_US @ 20000
2026-07-30 00:29:11.543 | INFO | FUTU_US | [DB CHECKPOINT] FUTU_US @ 20100
2026-07-30 00:29:11.611 | INFO | FUTU_US | [DB CHECKPOINT] FUTU_US @ 20200
2026-07-30 00:29:11.667 | INFO | FUTU_US | [DB CHECKPOINT] FUTU_US @ 20300
2026-07-30 00:29:11.922 | INFO | FUTU_US | [FUTU_US] 账户: 总资产=$9,999,888.01 现金=$9,996,058.01 证券=$3,830.00 冻结=$0.00 购买力=$19,995,946.02 (USD)
2026-07-30 00:29:12.247 | INFO | FUTU_US | [DB CHECKPOINT] FUTU_US @ 20400
2026-07-30 00:29:12.464 | INFO | FUTU_US | [DB CHECKPOINT] FUTU_US @ 20500
2026-07-30 00:29:12.698 | INFO | FUTU_US | [DB CHECKPOINT] FUTU_US @ 20600
2026-07-30 00:29:13.168 | INFO | FUTU_US | [DB CHECKPOINT] FUTU_US @ 20700
2026-07-30 00:29:13.224 | INFO | FUTU_HK | [FUTU_HK] 账户: 总资产=$823,936.69 现金=$635,296.69 证券=$188,640.00 冻结=$0.00 购买力=$635,296.69 (HKD)
2026-07-30 00:29:13.588 | INFO | FUTU_US | [DB CHECKPOINT] FUTU_US @ 20800
2026-07-30 00:29:14.015 | INFO | FUTU_US | [DB CHECKPOINT] FUTU_US @ 20900
2026-07-30 00:29:14.169 | INFO | FUTU_US | [DB CHECKPOINT] FUTU_US @ 21000
2026-07-30 00:29:14.439 | INFO | FUTU_US | [DB CHECKPOINT] FUTU_US @ 21100
2026-07-30 00:29:14.783 | INFO | FUTU_US | [DB CHECKPOINT] FUTU_US @ 21200
2026-07-30 00:29:15.081 | INFO | FUTU_US | [DB CHECKPOINT] FUTU_US @ 21300
2026-07-30 00:29:15.161 | INFO | FUTU_US | [DB CHECKPOINT] FUTU_US @ 21400
2026-07-30 00:29:15.306 | INFO | FUTU_US | [DB CHECKPOINT] FUTU_US @ 21500
2026-07-30 00:29:15.434 | INFO | FUTU_US | [DB CHECKPOINT] FUTU_US @ 21600
2026-07-30 00:29:15.754 | INFO | FUTU_US | [DB CHECKPOINT] FUTU_US @ 21700
2026-07-30 00:29:16.003 | INFO | FUTU_US | [DB CHECKPOINT] FUTU_US @ 21800
2026-07-30 00:29:16.321 | INFO | FUTU_US | [DB CHECKPOINT] FUTU_US @ 21900
2026-07-30 00:29:16.464 | INFO | FUTU_US | [DB CHECKPOINT] FUTU_US @ 22000
2026-07-30 00:29:16.578 | INFO | FUTU_US | [DB CHECKPOINT] FUTU_US @ 22100
2026-07-30 00:29:16.756 | INFO | FUTU_US | [DB CHECKPOINT] FUTU_US @ 22200
2026-07-30 00:29:17.049 | INFO | FUTU_US | [DB CHECKPOINT] FUTU_US @ 22300
2026-07-30 00:29:17.371 | INFO | FUTU_US | [DB CHECKPOINT] FUTU_US @ 22400
2026-07-30 00:29:17.750 | INFO | FUTU_US | [DB CHECKPOINT] FUTU_US @ 22500
2026-07-30 00:29:17.918 | INFO | FUTU_US | [FUTU_US] 账户: 总资产=$9,999,888.01 现金=$9,996,058.01 证券=$3,830.00 冻结=$0.00 购买力=$19,995,946.02 (USD)
2026-07-30 00:29:18.009 | INFO | FUTU_US | [DB CHECKPOINT] FUTU_US @ 22600
2026-07-30 00:29:18.307 | INFO | FUTU_US | [DB CHECKPOINT] FUTU_US @ 22700
2026-07-30 00:29:18.405 | INFO | FUTU_US | [DB CHECKPOINT] FUTU_US @ 22800
2026-07-30 00:29:18.712 | INFO | FUTU_US | [DB CHECKPOINT] FUTU_US @ 22900
2026-07-30 00:29:18.879 | INFO | FUTU_US | [DB CHECKPOINT] FUTU_US @ 23000
2026-07-30 00:29:19.056 | INFO | FUTU_US | [DB CHECKPOINT] FUTU_US @ 23100
2026-07-30 00:29:19.206 | INFO | FUTU_US | [DB CHECKPOINT] FUTU_US @ 23200
2026-07-30 00:29:19.211 | INFO | FUTU_HK | [FUTU_HK] 账户: 总资产=$823,936.69 现金=$635,296.69 证券=$188,640.00 冻结=$0.00 购买力=$635,296.69 (HKD)
2026-07-30 00:29:19.522 | INFO | FUTU_US | [DB CHECKPOINT] FUTU_US @ 23300
2026-07-30 00:29:19.797 | INFO | FUTU_US | [DB CHECKPOINT] FUTU_US @ 23400
2026-07-30 00:29:19.975 | INFO | FUTU_US | [DB CHECKPOINT] FUTU_US @ 23500
2026-07-30 00:29:20.140 | INFO | FUTU_US | [DB CHECKPOINT] FUTU_US @ 23600
2026-07-30 00:29:20.507 | INFO | FUTU_US | [DB CHECKPOINT] FUTU_US @ 23700
2026-07-30 00:29:20.725 | INFO | FUTU_US | [DB CHECKPOINT] FUTU_US @ 23800
2026-07-30 00:29:20.867 | INFO | FUTU_US | [DB CHECKPOINT] FUTU_US @ 23900
2026-07-30 00:29:21.014 | INFO | FUTU_US | [DB CHECKPOINT] FUTU_US @ 24000
2026-07-30 00:29:21.225 | INFO | FUTU_US | [DB CHECKPOINT] FUTU_US @ 24100
2026-07-30 00:29:21.451 | INFO | FUTU_US | [DB CHECKPOINT] FUTU_US @ 24200
2026-07-30 00:29:21.784 | INFO | FUTU_US | [DB CHECKPOINT] FUTU_US @ 24300
2026-07-30 00:29:21.922 | INFO | FUTU_US | [DB CHECKPOINT] FUTU_US @ 24400
2026-07-30 00:29:22.726 | INFO | FUTU_US | [DB CHECKPOINT] FUTU_US @ 24500
2026-07-30 00:29:22.978 | INFO | FUTU_US | [DB CHECKPOINT] FUTU_US @ 24600
2026-07-30 00:29:23.606 | INFO | FUTU_US | [DB CHECKPOINT] FUTU_US @ 24700
2026-07-30 00:29:23.928 | INFO | FUTU_US | [FUTU_US] 账户: 总资产=$9,999,888.01 现金=$9,996,058.01 证券=$3,830.00 冻结=$0.00 购买力=$19,995,946.02 (USD)
2026-07-30 00:29:23.956 | INFO | FUTU_US | [DB CHECKPOINT] FUTU_US @ 24800
2026-07-30 00:29:24.579 | INFO | FUTU_US | [DB CHECKPOINT] FUTU_US @ 24900
2026-07-30 00:29:25.278 | INFO | FUTU_US | [DB CHECKPOINT] FUTU_US @ 25000
2026-07-30 00:29:25.376 | INFO | FUTU_HK | [FUTU_HK] 账户: 总资产=$823,936.69 现金=$635,296.69 证券=$188,640.00 冻结=$0.00 购买力=$635,296.69 (HKD)
2026-07-30 00:29:25.575 | INFO | FUTU_US | [DB CHECKPOINT] FUTU_US @ 25100
2026-07-30 00:29:25.750 | INFO | FUTU_US | [DB CHECKPOINT] FUTU_US @ 25200
2026-07-30 00:29:26.029 | INFO | FUTU_US | [DB CHECKPOINT] FUTU_US @ 25300
2026-07-30 00:29:26.176 | INFO | FUTU_US | [DB CHECKPOINT] FUTU_US @ 25400
2026-07-30 00:29:26.317 | INFO | FUTU_US | [DB CHECKPOINT] FUTU_US @ 25500
2026-07-30 00:29:26.464 | INFO | FUTU_US | [DB CHECKPOINT] FUTU_US @ 25600
2026-07-30 00:29:26.545 | INFO | FUTU_US | [DB CHECKPOINT] FUTU_US @ 25700
2026-07-30 00:29:26.634 | INFO | FUTU_US | [DB CHECKPOINT] FUTU_US @ 25800
2026-07-30 00:29:26.789 | INFO | FUTU_US | [DB CHECKPOINT] FUTU_US @ 25900
2026-07-30 00:29:26.898 | INFO | FUTU_US | [DB CHECKPOINT] FUTU_US @ 26000
2026-07-30 00:29:27.450 | INFO | FUTU_US | [DB CHECKPOINT] FUTU_US @ 26100
2026-07-30 00:29:28.451 | INFO | FUTU_US | [DB CHECKPOINT] FUTU_US @ 26200
2026-07-30 00:29:28.952 | INFO | FUTU_US | [DB CHECKPOINT] FUTU_US @ 26300
2026-07-30 00:29:29.242 | INFO | FUTU_US | [DB CHECKPOINT] FUTU_US @ 26400
2026-07-30 00:29:29.522 | INFO | FUTU_US | [DB CHECKPOINT] FUTU_US @ 26500
2026-07-30 00:29:29.821 | INFO | FUTU_US | [DB CHECKPOINT] FUTU_US @ 26600
2026-07-30 00:29:30.010 | INFO | FUTU_US | [FUTU_US] 账户: 总资产=$9,999,888.01 现金=$9,996,058.01 证券=$3,830.00 冻结=$0.00 购买力=$19,995,946.02 (USD)
2026-07-30 00:29:30.213 | INFO | FUTU_US | [DB CHECKPOINT] FUTU_US @ 26700
2026-07-30 00:29:30.425 | INFO | FUTU_US | [DB CHECKPOINT] FUTU_US @ 26800
2026-07-30 00:29:30.720 | INFO | FUTU_US | [DB CHECKPOINT] FUTU_US @ 26900
2026-07-30 00:29:31.035 | INFO | FUTU_US | [DB CHECKPOINT] FUTU_US @ 27000
2026-07-30 00:29:31.536 | INFO | FUTU_HK | [FUTU_HK] 账户: 总资产=$823,936.69 现金=$635,296.69 证券=$188,640.00 冻结=$0.00 购买力=$635,296.69 (HKD)
2026-07-30 00:29:31.773 | INFO | FUTU_US | [DB CHECKPOINT] FUTU_US @ 27100
2026-07-30 00:29:32.062 | INFO | FUTU_US | [DB CHECKPOINT] FUTU_US @ 27200
2026-07-30 00:29:33.185 | INFO | FUTU_US | [DB CHECKPOINT] FUTU_US @ 27300
2026-07-30 00:29:33.862 | INFO | FUTU_US | [DB CHECKPOINT] FUTU_US @ 27400
2026-07-30 00:29:34.483 | INFO | FUTU_US | [DB CHECKPOINT] FUTU_US @ 27500
2026-07-30 00:29:35.221 | INFO | FUTU_US | [DB CHECKPOINT] FUTU_US @ 27600
2026-07-30 00:29:35.991 | INFO | FUTU_US | [FUTU_US] 账户: 总资产=$9,999,888.01 现金=$9,996,058.01 证券=$3,830.00 冻结=$0.00 购买力=$19,995,946.02 (USD)
2026-07-30 00:29:36.758 | INFO | FUTU_US | [DB CHECKPOINT] FUTU_US @ 27700
2026-07-30 00:29:37.498 | INFO | FUTU_HK | [FUTU_HK] 账户: 总资产=$823,936.69 现金=$635,296.69 证券=$188,640.00 冻结=$0.00 购买力=$635,296.69 (HKD)
2026-07-30 00:29:37.550 | INFO | FUTU_US | [DB CHECKPOINT] FUTU_US @ 27800
2026-07-30 00:29:38.340 | INFO | FUTU_US | [DB CHECKPOINT] FUTU_US @ 27900
2026-07-30 00:29:39.907 | INFO | FUTU_US | [DB CHECKPOINT] FUTU_US @ 28000
2026-07-30 00:29:40.917 | INFO | FUTU_US | [DB CHECKPOINT] FUTU_US @ 28100
2026-07-30 00:29:41.997 | INFO | FUTU_US | [FUTU_US] 账户: 总资产=$9,999,888.01 现金=$9,996,058.01 证券=$3,830.00 冻结=$0.00 购买力=$19,995,946.02 (USD)
2026-07-30 00:29:42.164 | INFO | FUTU_US | [DB CHECKPOINT] FUTU_US @ 28200
2026-07-30 00:29:42.891 | INFO | FUTU_US | [DB CHECKPOINT] FUTU_US @ 28300
2026-07-30 00:29:43.469 | INFO | FUTU_HK | [FUTU_HK] 账户: 总资产=$823,936.69 现金=$635,296.69 证券=$188,640.00 冻结=$0.00 购买力=$635,296.69 (HKD)
2026-07-30 00:29:43.820 | INFO | FUTU_US | [DB CHECKPOINT] FUTU_US @ 28400
2026-07-30 00:29:44.068 | INFO | FUTU_US | [DB CHECKPOINT] FUTU_US @ 28500
2026-07-30 00:29:45.203 | INFO | FUTU_US | [DB CHECKPOINT] FUTU_US @ 28600
2026-07-30 00:29:46.992 | INFO | FUTU_US | [DB CHECKPOINT] FUTU_US @ 28700
2026-07-30 00:29:47.992 | INFO | FUTU_US | [FUTU_US] 账户: 总资产=$9,999,888.01 现金=$9,996,058.01 证券=$3,830.00 冻结=$0.00 购买力=$19,995,946.02 (USD)
2026-07-30 00:29:48.860 | INFO | FUTU_US | [DB CHECKPOINT] FUTU_US @ 28800
2026-07-30 00:29:49.475 | INFO | FUTU_HK | [FUTU_HK] 账户: 总资产=$823,936.69 现金=$635,296.69 证券=$188,640.00 冻结=$0.00 购买力=$635,296.69 (HKD)
2026-07-30 00:29:51.761 | INFO | FUTU_US | [DB CHECKPOINT] FUTU_US @ 28900
2026-07-30 00:29:51.815 | INFO | FUTU_US | [DB CHECKPOINT] FUTU_US @ 29000
2026-07-30 00:29:51.878 | INFO | FUTU_US | [DB CHECKPOINT] FUTU_US @ 29100
2026-07-30 00:29:51.945 | INFO | FUTU_US | [DB CHECKPOINT] FUTU_US @ 29200
2026-07-30 00:29:52.555 | INFO | FUTU_US | [DB CHECKPOINT] FUTU_US @ 29300
2026-07-30 00:29:52.616 | INFO | FUTU_US | [DB CHECKPOINT] FUTU_US @ 29400
2026-07-30 00:29:52.795 | INFO | FUTU_US | [DB CHECKPOINT] FUTU_US @ 29500
2026-07-30 00:29:52.851 | INFO | FUTU_US | [DB CHECKPOINT] FUTU_US @ 29600
2026-07-30 00:29:52.918 | INFO | FUTU_US | [DB CHECKPOINT] FUTU_US @ 29700
2026-07-30 00:29:53.192 | INFO | FUTU_US | [DB CHECKPOINT] FUTU_US @ 29800
2026-07-30 00:29:53.440 | INFO | FUTU_US | [DB CHECKPOINT] FUTU_US @ 29900
2026-07-30 00:29:53.603 | INFO | FUTU_US | [DB CHECKPOINT] FUTU_US @ 30000
2026-07-30 00:29:53.851 | INFO | FUTU_US | [DB CHECKPOINT] FUTU_US @ 30100
2026-07-30 00:29:54.020 | INFO | FUTU_US | [FUTU_US] 账户: 总资产=$9,999,889.81 现金=$9,996,058.01 证券=$3,831.80 冻结=$0.00 购买力=$19,995,947.82 (USD)
2026-07-30 00:29:54.061 | INFO | FUTU_US | [DB CHECKPOINT] FUTU_US @ 30200
2026-07-30 00:29:54.200 | INFO | FUTU_US | [DB CHECKPOINT] FUTU_US @ 30300
2026-07-30 00:29:54.475 | INFO | FUTU_US | [DB CHECKPOINT] FUTU_US @ 30400
2026-07-30 00:29:54.610 | INFO | FUTU_US | [DB CHECKPOINT] FUTU_US @ 30500
2026-07-30 00:29:54.983 | INFO | FUTU_US | [DB CHECKPOINT] FUTU_US @ 30600
2026-07-30 00:29:55.117 | INFO | FUTU_US | [DB CHECKPOINT] FUTU_US @ 30700
2026-07-30 00:29:55.276 | INFO | FUTU_US | [DB CHECKPOINT] FUTU_US @ 30800
2026-07-30 00:29:55.448 | INFO | FUTU_US | [DB CHECKPOINT] FUTU_US @ 30900
2026-07-30 00:29:55.493 | INFO | FUTU_HK | [FUTU_HK] 账户: 总资产=$823,936.69 现金=$635,296.69 证券=$188,640.00 冻结=$0.00 购买力=$635,296.69 (HKD)
2026-07-30 00:29:55.612 | INFO | FUTU_US | [DB CHECKPOINT] FUTU_US @ 31000
2026-07-30 00:29:55.791 | INFO | FUTU_US | [DB CHECKPOINT] FUTU_US @ 31100
2026-07-30 00:29:56.055 | INFO | FUTU_US | [DB CHECKPOINT] FUTU_US @ 31200
2026-07-30 00:29:56.377 | INFO | FUTU_US | [DB CHECKPOINT] FUTU_US @ 31300
2026-07-30 00:29:56.557 | INFO | FUTU_US | [DB CHECKPOINT] FUTU_US @ 31400
2026-07-30 00:29:57.249 | INFO | FUTU_US | [DB CHECKPOINT] FUTU_US @ 31500
2026-07-30 00:29:57.366 | INFO | FUTU_US | [DB CHECKPOINT] FUTU_US @ 31600
2026-07-30 00:29:57.542 | INFO | FUTU_US | [DB CHECKPOINT] FUTU_US @ 31700
2026-07-30 00:29:57.702 | INFO | FUTU_US | [DB CHECKPOINT] FUTU_US @ 31800
2026-07-30 00:29:58.056 | INFO | FUTU_US | [DB CHECKPOINT] FUTU_US @ 31900
2026-07-30 00:29:58.275 | INFO | FUTU_US | [DB CHECKPOINT] FUTU_US @ 32000
2026-07-30 00:29:58.426 | INFO | FUTU_US | [DB CHECKPOINT] FUTU_US @ 32100
2026-07-30 00:29:58.717 | INFO | FUTU_US | [DB CHECKPOINT] FUTU_US @ 32200
2026-07-30 00:29:58.962 | INFO | FUTU_US | [DB CHECKPOINT] FUTU_US @ 32300
2026-07-30 00:29:59.101 | INFO | FUTU_US | [DB CHECKPOINT] FUTU_US @ 32400
2026-07-30 00:29:59.267 | INFO | FUTU_US | [DB CHECKPOINT] FUTU_US @ 32500
2026-07-30 00:29:59.514 | INFO | FUTU_US | [DB CHECKPOINT] FUTU_US @ 32600
2026-07-30 00:29:59.772 | INFO | FUTU_US | [DB CHECKPOINT] FUTU_US @ 32700
2026-07-30 00:30:00.069 | INFO | FUTU_US | [FUTU_US] 账户: 总资产=$9,999,889.81 现金=$9,996,058.01 证券=$3,831.80 冻结=$0.00 购买力=$19,995,947.82 (USD)
2026-07-30 00:30:00.206 | INFO | FUTU_US | [DB CHECKPOINT] FUTU_US @ 32800
2026-07-30 00:30:00.578 | INFO | FUTU_US | [DB CHECKPOINT] FUTU_US @ 32900
2026-07-30 00:30:00.803 | INFO | FUTU_US | [DB CHECKPOINT] FUTU_US @ 33000
2026-07-30 00:30:00.914 | INFO | FUTU_US | [DB CHECKPOINT] FUTU_US @ 33100
2026-07-30 00:30:01.099 | INFO | FUTU_US | [DB CHECKPOINT] FUTU_US @ 33200
2026-07-30 00:30:01.484 | INFO | FUTU_HK | [FUTU_HK] 账户: 总资产=$823,936.69 现金=$635,296.69 证券=$188,640.00 冻结=$0.00 购买力=$635,296.69 (HKD)
2026-07-30 00:30:02.112 | INFO | FUTU_US | [DB CHECKPOINT] FUTU_US @ 33300
2026-07-30 00:30:02.351 | INFO | FUTU_US | [DB CHECKPOINT] FUTU_US @ 33400
2026-07-30 00:30:02.492 | INFO | FUTU_US | [DB CHECKPOINT] FUTU_US @ 33500
2026-07-30 00:30:02.747 | INFO | FUTU_US | [DB CHECKPOINT] FUTU_US @ 33600
2026-07-30 00:30:02.928 | INFO | FUTU_US | [DB CHECKPOINT] FUTU_US @ 33700
2026-07-30 00:30:03.069 | INFO | FUTU_US | [DB CHECKPOINT] FUTU_US @ 33800
2026-07-30 00:30:03.220 | INFO | FUTU_US | [DB CHECKPOINT] FUTU_US @ 33900
2026-07-30 00:30:03.440 | INFO | FUTU_US | [DB CHECKPOINT] FUTU_US @ 34000
2026-07-30 00:30:03.786 | INFO | FUTU_US | [DB CHECKPOINT] FUTU_US @ 34100
2026-07-30 00:30:04.028 | INFO | FUTU_US | [DB CHECKPOINT] FUTU_US @ 34200
2026-07-30 00:30:04.276 | INFO | FUTU_US | [DB CHECKPOINT] FUTU_US @ 34300
2026-07-30 00:30:04.464 | INFO | FUTU_US | [DB CHECKPOINT] FUTU_US @ 34400
2026-07-30 00:30:04.688 | INFO | FUTU_US | [DB CHECKPOINT] FUTU_US @ 34500
2026-07-30 00:30:04.733 | INFO | FUTU_US | [DB CHECKPOINT] FUTU_US @ 34600
2026-07-30 00:30:04.878 | INFO | FUTU_US | [DB CHECKPOINT] FUTU_US @ 34700
2026-07-30 00:30:05.056 | INFO | FUTU_US | [DB CHECKPOINT] FUTU_US @ 34800
2026-07-30 00:30:05.245 | INFO | FUTU_US | [DB CHECKPOINT] FUTU_US @ 34900
2026-07-30 00:30:06.020 | INFO | FUTU_US | [FUTU_US] 账户: 总资产=$9,999,889.81 现金=$9,996,058.01 证券=$3,831.80 冻结=$0.00 购买力=$19,995,947.82 (USD)
2026-07-30 00:30:06.038 | INFO | FUTU_US | [DB CHECKPOINT] FUTU_US @ 35000
2026-07-30 00:30:06.169 | INFO | FUTU_US | [DB CHECKPOINT] FUTU_US @ 35100
2026-07-30 00:30:06.255 | INFO | FUTU_US | [DB CHECKPOINT] FUTU_US @ 35200
2026-07-30 00:44:54.890 | INFO | FUTU_US | [FUTU_US] 行情接口连接成功（含多周期K线+TICKER）
2026-07-30 00:44:54.904 | INFO | FUTU_US | [FUTU_US] 交易接口解锁提示: 请使用OpenD页面右上角解锁按钮解锁交易，GUI版本OpenD已屏蔽解锁接口
2026-07-30 00:44:54.908 | INFO | FUTU_US | [FUTU_US] 账户列表 (共 2 个):
2026-07-30 00:44:54.909 | INFO | FUTU_US |   acc_id=281756478840044880 env=REAL type=MARGIN sim_type=N/A status=ACTIVE
2026-07-30 00:44:54.909 | INFO | FUTU_US |   acc_id=20074546 env=SIMULATE type=MARGIN sim_type=STOCK_AND_OPTION status=ACTIVE
2026-07-30 00:44:54.909 | INFO | FUTU_US | [FUTU_US] ✅ 选中: 美股模拟(股票+期权) acc_id=20074546
2026-07-30 00:44:54.910 | INFO | FUTU_US | [FUTU_US] 交易接口连接成功 (最终 acc_id=20074546)
2026-07-30 00:44:54.910 | INFO | FUTU_US | [FUTU_US] 警告：main_engine 为 None，无法自注册
2026-07-30 00:44:54.941 | INFO | FUTU_US | [FUTU_US] ✅ Tick 落盘监听器已注册 (EVENT_TICK)
2026-07-30 00:44:54.947 | INFO | FUTU_HK | [FUTU_HK] 行情接口连接成功（含多周期K线+TICKER）
2026-07-30 00:44:54.958 | INFO | FUTU_HK | [FUTU_HK] 交易接口解锁提示: 请使用OpenD页面右上角解锁按钮解锁交易，GUI版本OpenD已屏蔽解锁接口
2026-07-30 00:44:54.963 | INFO | FUTU_HK | [FUTU_HK] 账户列表 (共 3 个):
2026-07-30 00:44:54.964 | INFO | FUTU_HK |   acc_id=281756478840044880 env=REAL type=MARGIN sim_type=N/A status=ACTIVE
2026-07-30 00:44:54.964 | INFO | FUTU_HK |   acc_id=19110066 env=SIMULATE type=CASH sim_type=STOCK status=ACTIVE
2026-07-30 00:44:54.966 | INFO | FUTU_HK |   acc_id=19110071 env=SIMULATE type=MARGIN sim_type=OPTION status=ACTIVE
2026-07-30 00:44:54.966 | INFO | FUTU_HK | [FUTU_HK] ⚠️ 降级现金模拟 acc_id=19110066
2026-07-30 00:44:54.967 | INFO | FUTU_HK | [FUTU_HK] 交易接口连接成功 (最终 acc_id=19110066)
2026-07-30 00:44:54.967 | INFO | FUTU_HK | [FUTU_HK] 警告：main_engine 为 None，无法自注册
2026-07-30 00:44:56.951 | INFO | CtaStrategy | CTA策略引擎初始化成功
2026-07-30 00:44:57.101 | INFO | CtaStrategy | CTA策略引擎初始化成功
2026-07-30 00:45:05.075 | INFO | FUTU_HK | [FUTU_HK] 合约查询完成: 21367 个
2026-07-30 00:45:05.081 | INFO | FUTU_HK | [FUTU_HK] 查询成交失败: 模拟交易不支持成交数据
2026-07-30 00:45:05.103 | INFO | FUTU_HK | [FUTU_HK] 调试 accinfo 字段: ['power', 'max_power_short', 'net_cash_power', 'total_assets', 'securities_assets', 'fund_assets', 'bond_assets', 'cash', 'market_val', 'long_mv', 'short_mv', 'pending_asset', 'interest_charged_amount', 'frozen_cash', 'avl_withdrawal_cash', 'max_withdrawal', 'currency', 'available_funds', 'unrealized_pl', 'realized_pl', 'risk_level', 'risk_status', 'initial_margin', 'margin_call_margin', 'maintenance_margin', 'hk_cash', 'hk_avl_withdrawal_cash', 'hkd_net_cash_power', 'hkd_assets', 'us_cash', 'us_avl_withdrawal_cash', 'usd_net_cash_power', 'usd_assets', 'cn_cash', 'cn_avl_withdrawal_cash', 'cnh_net_cash_power', 'cnh_assets', 'jp_cash', 'jp_avl_withdrawal_cash', 'jpy_net_cash_power', 'jpy_assets', 'sg_cash', 'sg_avl_withdrawal_cash', 'sgd_net_cash_power', 'sgd_assets', 'au_cash', 'au_avl_withdrawal_cash', 'aud_net_cash_power', 'aud_assets', 'ca_cash', 'ca_avl_withdrawal_cash', 'cad_net_cash_power', 'cad_assets', 'my_cash', 'my_avl_withdrawal_cash', 'myr_net_cash_power', 'myr_assets', 'is_pdt', 'pdt_seq', 'beginning_dtbp', 'remaining_dtbp', 'dt_call_amount', 'dt_status']
2026-07-30 00:45:05.104 | INFO | FUTU_HK | [FUTU_HK] 账户: 总资产=$823,936.69 现金=$635,296.69 证券=$188,640.00 冻结=$0.00 购买力=$635,296.69 (HKD)
2026-07-30 00:45:06.536 | INFO | FUTU_US | [FUTU_US] 合约查询完成: 20579 个
2026-07-30 00:45:06.543 | INFO | FUTU_US | [FUTU_US] 查询成交失败: 模拟交易不支持成交数据
2026-07-30 00:45:06.565 | INFO | FUTU_US | [FUTU_US] 调试 accinfo 字段: ['power', 'max_power_short', 'net_cash_power', 'total_assets', 'securities_assets', 'fund_assets', 'bond_assets', 'cash', 'market_val', 'long_mv', 'short_mv', 'pending_asset', 'interest_charged_amount', 'frozen_cash', 'avl_withdrawal_cash', 'max_withdrawal', 'currency', 'available_funds', 'unrealized_pl', 'realized_pl', 'risk_level', 'risk_status', 'initial_margin', 'margin_call_margin', 'maintenance_margin', 'hk_cash', 'hk_avl_withdrawal_cash', 'hkd_net_cash_power', 'hkd_assets', 'us_cash', 'us_avl_withdrawal_cash', 'usd_net_cash_power', 'usd_assets', 'cn_cash', 'cn_avl_withdrawal_cash', 'cnh_net_cash_power', 'cnh_assets', 'jp_cash', 'jp_avl_withdrawal_cash', 'jpy_net_cash_power', 'jpy_assets', 'sg_cash', 'sg_avl_withdrawal_cash', 'sgd_net_cash_power', 'sgd_assets', 'au_cash', 'au_avl_withdrawal_cash', 'aud_net_cash_power', 'aud_assets', 'ca_cash', 'ca_avl_withdrawal_cash', 'cad_net_cash_power', 'cad_assets', 'my_cash', 'my_avl_withdrawal_cash', 'myr_net_cash_power', 'myr_assets', 'is_pdt', 'pdt_seq', 'beginning_dtbp', 'remaining_dtbp', 'dt_call_amount', 'dt_status']
2026-07-30 00:45:06.565 | INFO | FUTU_US | [FUTU_US] 账户: 总资产=$9,999,886.41 现金=$9,996,058.01 证券=$3,828.40 冻结=$0.00 购买力=$19,995,944.42 (USD)
2026-07-30 00:45:07.936 | INFO | FUTU_HK | [FUTU_HK] 账户: 总资产=$823,936.69 现金=$635,296.69 证券=$188,640.00 冻结=$0.00 购买力=$635,296.69 (HKD)
2026-07-30 00:45:08.825 | INFO | FUTU_US | [FUTU_US] 账户: 总资产=$9,999,886.41 现金=$9,996,058.01 证券=$3,828.40 冻结=$0.00 购买力=$19,995,944.42 (USD)
2026-07-30 00:45:13.940 | INFO | FUTU_HK | [FUTU_HK] 账户: 总资产=$823,936.69 现金=$635,296.69 证券=$188,640.00 冻结=$0.00 购买力=$635,296.69 (HKD)
2026-07-30 00:45:14.832 | INFO | FUTU_US | [FUTU_US] 账户: 总资产=$9,999,886.41 现金=$9,996,058.01 证券=$3,828.40 冻结=$0.00 购买力=$19,995,944.42 (USD)
2026-07-30 00:45:19.944 | INFO | FUTU_HK | [FUTU_HK] 账户: 总资产=$823,936.69 现金=$635,296.69 证券=$188,640.00 冻结=$0.00 购买力=$635,296.69 (HKD)
2026-07-30 00:45:20.834 | INFO | FUTU_US | [FUTU_US] 账户: 总资产=$9,999,886.41 现金=$9,996,058.01 证券=$3,828.40 冻结=$0.00 购买力=$19,995,944.42 (USD)
2026-07-30 00:45:25.946 | INFO | FUTU_HK | [FUTU_HK] 账户: 总资产=$823,936.69 现金=$635,296.69 证券=$188,640.00 冻结=$0.00 购买力=$635,296.69 (HKD)
2026-07-30 00:45:26.837 | INFO | FUTU_US | [FUTU_US] 账户: 总资产=$9,999,886.41 现金=$9,996,058.01 证券=$3,828.40 冻结=$0.00 购买力=$19,995,944.42 (USD)
2026-07-30 00:45:31.950 | INFO | FUTU_HK | [FUTU_HK] 账户: 总资产=$823,936.69 现金=$635,296.69 证券=$188,640.00 冻结=$0.00 购买力=$635,296.69 (HKD)
2026-07-30 00:45:32.838 | INFO | FUTU_US | [FUTU_US] 账户: 总资产=$9,999,888.61 现金=$9,996,058.01 证券=$3,830.60 冻结=$0.00 购买力=$19,995,946.62 (USD)
2026-07-30 00:45:35.373 | INFO | CtaStrategy | 策略TrendStrategy_AMD_SMART移除成功
2026-07-30 00:45:35.876 | INFO | CtaStrategy | [TrendStrategy_AMD_SMART]  AI参数已加载: ['trend_window', 'entry_atr', 'fixed_size', 'stop_loss_atr']
2026-07-30 00:45:35.877 | INFO | CtaStrategy | [TrendStrategy_AMD_SMART]  [INIT] TrendStrategy_AMD_SMART | AMD.SMART | US=True HK=False v1
2026-07-30 00:45:35.880 | INFO | CtaStrategy | TrendStrategy_AMD_SMART开始执行初始化
2026-07-30 00:45:35.880 | INFO | CtaStrategy | [TrendStrategy_AMD_SMART]  ✅ TrendStrategy_AMD_SMART 初始化完成 (v1)
2026-07-30 00:45:35.881 | INFO | CtaStrategy | [TrendStrategy_AMD_SMART]  趋势策略初始化 | 快线=10 慢线=30 ADX=20
2026-07-30 00:45:35.881 | INFO | MainEngine | 订阅行情 -> FUTU_US：SubscribeRequest(symbol='AMD', exchange=<Exchange.SMART: 'SMART'>)
2026-07-30 00:45:35.881 | INFO | FUTU_US | [FUTU_US] 订阅参数: US.AMD session=ALL
2026-07-30 00:45:35.882 | INFO | CtaStrategy | 策略TrendStrategy_AMD_SMART启动失败，请先初始化
2026-07-30 00:45:35.885 | INFO | CtaStrategy | 策略TrendStrategy_BABA_SMART移除成功
2026-07-30 00:45:36.313 | INFO | FUTU_US | [FUTU_US] ✅ 全套订阅成功: US.AMD
2026-07-30 00:45:36.314 | INFO | CtaStrategy | TrendStrategy_AMD_SMART初始化完成
2026-07-30 00:45:36.352 | INFO | FUTU_US | [DB CHECKPOINT] FUTU_US @ 100
2026-07-30 00:45:36.384 | INFO | FUTU_US | [DB CHECKPOINT] FUTU_US @ 200
2026-07-30 00:45:36.388 | INFO | CtaStrategy | [TrendStrategy_BABA_SMART]  AI参数已加载: ['trend_window', 'entry_atr', 'fixed_size', 'stop_loss_atr']
2026-07-30 00:45:36.389 | INFO | CtaStrategy | [TrendStrategy_BABA_SMART]  [INIT] TrendStrategy_BABA_SMART | BABA.SMART | US=True HK=False v1
2026-07-30 00:45:36.390 | INFO | CtaStrategy | 策略TrendStrategy_BABA_SMART启动失败，请先初始化
2026-07-30 00:45:36.391 | INFO | CtaStrategy | TrendStrategy_BABA_SMART开始执行初始化
2026-07-30 00:45:36.391 | INFO | CtaStrategy | [TrendStrategy_BABA_SMART]  ✅ TrendStrategy_BABA_SMART 初始化完成 (v1)
2026-07-30 00:45:36.391 | INFO | CtaStrategy | [TrendStrategy_BABA_SMART]  趋势策略初始化 | 快线=10 慢线=30 ADX=20
2026-07-30 00:45:36.391 | INFO | MainEngine | 订阅行情 -> FUTU_US：SubscribeRequest(symbol='BABA', exchange=<Exchange.SMART: 'SMART'>)
2026-07-30 00:45:36.392 | INFO | FUTU_US | [FUTU_US] 订阅参数: US.BABA session=ALL
2026-07-30 00:45:36.395 | INFO | CtaStrategy | 策略TrendStrategy_GOOGL_SMART移除成功
2026-07-30 00:45:36.899 | INFO | CtaStrategy | [TrendStrategy_GOOGL_SMART]  AI参数已加载: ['trend_window', 'entry_atr', 'fixed_size', 'stop_loss_atr']
2026-07-30 00:45:36.900 | INFO | CtaStrategy | [TrendStrategy_GOOGL_SMART]  [INIT] TrendStrategy_GOOGL_SMART | GOOGL.SMART | US=True HK=False v1
2026-07-30 00:45:36.902 | INFO | CtaStrategy | 策略TrendStrategy_GOOGL_SMART启动失败，请先初始化
2026-07-30 00:45:36.905 | INFO | CtaStrategy | 策略TrendStrategy_NFLX_SMART移除成功
2026-07-30 00:45:36.968 | INFO | FUTU_US | [FUTU_US] ✅ 全套订阅成功: US.BABA
2026-07-30 00:45:36.969 | INFO | CtaStrategy | TrendStrategy_BABA_SMART初始化完成
2026-07-30 00:45:36.969 | INFO | CtaStrategy | TrendStrategy_GOOGL_SMART开始执行初始化
2026-07-30 00:45:36.969 | INFO | CtaStrategy | [TrendStrategy_GOOGL_SMART]  ✅ TrendStrategy_GOOGL_SMART 初始化完成 (v1)
2026-07-30 00:45:36.970 | INFO | CtaStrategy | [TrendStrategy_GOOGL_SMART]  趋势策略初始化 | 快线=10 慢线=30 ADX=20
2026-07-30 00:45:36.970 | INFO | MainEngine | 订阅行情 -> FUTU_US：SubscribeRequest(symbol='GOOGL', exchange=<Exchange.SMART: 'SMART'>)
2026-07-30 00:45:36.970 | INFO | FUTU_US | [FUTU_US] 订阅参数: US.GOOGL session=ALL
2026-07-30 00:45:37.410 | INFO | CtaStrategy | [TrendStrategy_NFLX_SMART]  AI参数已加载: ['trend_window', 'entry_atr', 'fixed_size', 'stop_loss_atr']
2026-07-30 00:45:37.411 | INFO | CtaStrategy | [TrendStrategy_NFLX_SMART]  [INIT] TrendStrategy_NFLX_SMART | NFLX.SMART | US=True HK=False v1
2026-07-30 00:45:37.413 | INFO | CtaStrategy | 策略TrendStrategy_NFLX_SMART启动失败，请先初始化
2026-07-30 00:45:37.416 | INFO | CtaStrategy | 策略TrendStrategy_NVDA_SMART移除成功
2026-07-30 00:45:37.945 | INFO | FUTU_US | [FUTU_US] ✅ 全套订阅成功: US.GOOGL
2026-07-30 00:45:37.945 | INFO | CtaStrategy | TrendStrategy_GOOGL_SMART初始化完成
2026-07-30 00:45:37.949 | INFO | CtaStrategy | TrendStrategy_NFLX_SMART开始执行初始化
2026-07-30 00:45:37.950 | INFO | CtaStrategy | [TrendStrategy_NFLX_SMART]  ✅ TrendStrategy_NFLX_SMART 初始化完成 (v1)
2026-07-30 00:45:37.952 | INFO | CtaStrategy | [TrendStrategy_NFLX_SMART]  趋势策略初始化 | 快线=10 慢线=30 ADX=20
2026-07-30 00:45:37.953 | INFO | MainEngine | 订阅行情 -> FUTU_US：SubscribeRequest(symbol='NFLX', exchange=<Exchange.SMART: 'SMART'>)
2026-07-30 00:45:37.958 | INFO | FUTU_US | [FUTU_US] 订阅参数: US.NFLX session=ALL
2026-07-30 00:45:37.966 | INFO | CtaStrategy | [TrendStrategy_NVDA_SMART]  AI参数已加载: ['trend_window', 'entry_atr', 'fixed_size', 'stop_loss_atr']
2026-07-30 00:45:37.968 | INFO | CtaStrategy | [TrendStrategy_NVDA_SMART]  [INIT] TrendStrategy_NVDA_SMART | NVDA.SMART | US=True HK=False v1
2026-07-30 00:45:37.971 | INFO | CtaStrategy | 策略TrendStrategy_NVDA_SMART启动失败，请先初始化
2026-07-30 00:45:37.991 | INFO | FUTU_HK | [FUTU_HK] 账户: 总资产=$823,936.69 现金=$635,296.69 证券=$188,640.00 冻结=$0.00 购买力=$635,296.69 (HKD)
2026-07-30 00:45:38.094 | INFO | FUTU_US | [FUTU_US] ✅ 全套订阅成功: US.NFLX
2026-07-30 00:45:38.098 | INFO | CtaStrategy | TrendStrategy_NFLX_SMART初始化完成
2026-07-30 00:45:38.099 | INFO | CtaStrategy | TrendStrategy_NVDA_SMART开始执行初始化
2026-07-30 00:45:38.101 | INFO | CtaStrategy | [TrendStrategy_NVDA_SMART]  ✅ TrendStrategy_NVDA_SMART 初始化完成 (v1)
2026-07-30 00:45:38.101 | INFO | CtaStrategy | [TrendStrategy_NVDA_SMART]  趋势策略初始化 | 快线=10 慢线=30 ADX=20
2026-07-30 00:45:38.101 | INFO | MainEngine | 订阅行情 -> FUTU_US：SubscribeRequest(symbol='NVDA', exchange=<Exchange.SMART: 'SMART'>)
2026-07-30 00:45:38.101 | INFO | FUTU_US | [FUTU_US] 订阅参数: US.NVDA session=ALL
2026-07-30 00:45:38.148 | INFO | FUTU_US | [FUTU_US] ✅ 全套订阅成功: US.NVDA
2026-07-30 00:45:38.151 | INFO | CtaStrategy | TrendStrategy_NVDA_SMART初始化完成
2026-07-30 00:45:38.269 | INFO | FUTU_US | [DB CHECKPOINT] FUTU_US @ 300
2026-07-30 00:45:38.841 | INFO | FUTU_US | [FUTU_US] 账户: 总资产=$9,999,888.61 现金=$9,996,058.01 证券=$3,830.60 冻结=$0.00 购买力=$19,995,946.62 (USD)
2026-07-30 00:45:39.845 | INFO | FUTU_US | [DB CHECKPOINT] FUTU_US @ 400
2026-07-30 00:45:40.609 | INFO | FUTU_US | [DB CHECKPOINT] FUTU_US @ 500
2026-07-30 00:45:40.779 | INFO | FUTU_US | [DB CHECKPOINT] FUTU_US @ 600
2026-07-30 00:45:41.148 | INFO | FUTU_US | [DB CHECKPOINT] FUTU_US @ 700
2026-07-30 00:45:42.504 | INFO | FUTU_US | [DB CHECKPOINT] FUTU_US @ 800
2026-07-30 00:45:43.959 | INFO | FUTU_HK | [FUTU_HK] 账户: 总资产=$823,936.69 现金=$635,296.69 证券=$188,640.00 冻结=$0.00 购买力=$635,296.69 (HKD)
2026-07-30 00:45:44.419 | INFO | FUTU_US | [DB CHECKPOINT] FUTU_US @ 900
2026-07-30 00:45:44.848 | INFO | FUTU_US | [FUTU_US] 账户: 总资产=$9,999,888.61 现金=$9,996,058.01 证券=$3,830.60 冻结=$0.00 购买力=$19,995,946.62 (USD)
2026-07-30 00:45:46.566 | INFO | FUTU_US | [DB CHECKPOINT] FUTU_US @ 1000
2026-07-30 00:45:49.205 | INFO | FUTU_US | [DB CHECKPOINT] FUTU_US @ 1100
2026-07-30 00:45:49.963 | INFO | FUTU_HK | [FUTU_HK] 账户: 总资产=$823,936.69 现金=$635,296.69 证券=$188,640.00 冻结=$0.00 购买力=$635,296.69 (HKD)
2026-07-30 00:45:50.653 | INFO | FUTU_US | [DB CHECKPOINT] FUTU_US @ 1200
2026-07-30 00:45:50.848 | INFO | FUTU_US | [FUTU_US] 账户: 总资产=$9,999,888.61 现金=$9,996,058.01 证券=$3,830.60 冻结=$0.00 购买力=$19,995,946.62 (USD)
2026-07-30 00:45:51.362 | INFO | FUTU_US | [DB CHECKPOINT] FUTU_US @ 1300
2026-07-30 00:45:53.645 | INFO | FUTU_US | [DB CHECKPOINT] FUTU_US @ 1400
2026-07-30 00:45:55.967 | INFO | FUTU_HK | [FUTU_HK] 账户: 总资产=$823,936.69 现金=$635,296.69 证券=$188,640.00 冻结=$0.00 购买力=$635,296.69 (HKD)
2026-07-30 00:45:56.799 | INFO | FUTU_US | [DB CHECKPOINT] FUTU_US @ 1500
2026-07-30 00:45:56.853 | INFO | FUTU_US | [FUTU_US] 账户: 总资产=$9,999,888.61 现金=$9,996,058.01 证券=$3,830.60 冻结=$0.00 购买力=$19,995,946.62 (USD)
2026-07-30 00:45:59.712 | INFO | FUTU_US | [DB CHECKPOINT] FUTU_US @ 1600
2026-07-30 00:46:01.966 | INFO | FUTU_HK | [FUTU_HK] 账户: 总资产=$823,936.69 现金=$635,296.69 证券=$188,640.00 冻结=$0.00 购买力=$635,296.69 (HKD)
2026-07-30 00:46:02.255 | INFO | FUTU_US | [DB CHECKPOINT] FUTU_US @ 1700
2026-07-30 00:46:02.862 | INFO | FUTU_US | [FUTU_US] 账户: 总资产=$9,999,888.61 现金=$9,996,058.01 证券=$3,830.60 冻结=$0.00 购买力=$19,995,946.62 (USD)
2026-07-30 00:46:06.392 | INFO | FUTU_US | [DB CHECKPOINT] FUTU_US @ 1800
2026-07-30 00:46:06.788 | INFO | FUTU_US | [DB CHECKPOINT] FUTU_US @ 1900
2026-07-30 00:46:07.146 | INFO | FUTU_US | [DB CHECKPOINT] FUTU_US @ 2000
2026-07-30 00:46:07.968 | INFO | FUTU_HK | [FUTU_HK] 账户: 总资产=$823,936.69 现金=$635,296.69 证券=$188,640.00 冻结=$0.00 购买力=$635,296.69 (HKD)
2026-07-30 00:46:08.864 | INFO | FUTU_US | [FUTU_US] 账户: 总资产=$9,999,888.61 现金=$9,996,058.01 证券=$3,830.60 冻结=$0.00 购买力=$19,995,946.62 (USD)
2026-07-30 00:46:08.991 | INFO | FUTU_US | [DB CHECKPOINT] FUTU_US @ 2100
2026-07-30 00:46:12.826 | INFO | FUTU_US | [DB CHECKPOINT] FUTU_US @ 2200
2026-07-30 00:46:12.898 | INFO | FUTU_US | [DB CHECKPOINT] FUTU_US @ 2300
2026-07-30 00:46:12.964 | INFO | FUTU_US | [DB CHECKPOINT] FUTU_US @ 2400
2026-07-30 00:46:13.003 | INFO | FUTU_US | [DB CHECKPOINT] FUTU_US @ 2500
2026-07-30 00:46:13.039 | INFO | FUTU_US | [DB CHECKPOINT] FUTU_US @ 2600
2026-07-30 00:46:13.506 | INFO | FUTU_US | [DB CHECKPOINT] FUTU_US @ 2700
2026-07-30 00:46:13.974 | INFO | FUTU_HK | [FUTU_HK] 账户: 总资产=$823,936.69 现金=$635,296.69 证券=$188,640.00 冻结=$0.00 购买力=$635,296.69 (HKD)
2026-07-30 00:46:14.776 | INFO | FUTU_US | [DB CHECKPOINT] FUTU_US @ 2800
2026-07-30 00:46:14.865 | INFO | FUTU_US | [FUTU_US] 账户: 总资产=$9,999,889.41 现金=$9,996,058.01 证券=$3,831.40 冻结=$0.00 购买力=$19,995,947.42 (USD)
2026-07-30 00:46:15.408 | INFO | FUTU_US | [DB CHECKPOINT] FUTU_US @ 2900
2026-07-30 00:46:16.355 | INFO | FUTU_US | [DB CHECKPOINT] FUTU_US @ 3000
2026-07-30 00:46:17.140 | INFO | FUTU_US | [DB CHECKPOINT] FUTU_US @ 3100
2026-07-30 00:46:17.309 | INFO | FUTU_US | [DB CHECKPOINT] FUTU_US @ 3200
2026-07-30 00:46:18.269 | INFO | FUTU_US | [DB CHECKPOINT] FUTU_US @ 3300
2026-07-30 00:46:19.876 | INFO | FUTU_US | [DB CHECKPOINT] FUTU_US @ 3400
2026-07-30 00:46:19.979 | INFO | FUTU_HK | [FUTU_HK] 账户: 总资产=$823,936.69 现金=$635,296.69 证券=$188,640.00 冻结=$0.00 购买力=$635,296.69 (HKD)
2026-07-30 00:46:20.886 | INFO | FUTU_US | [FUTU_US] 账户: 总资产=$9,999,889.41 现金=$9,996,058.01 证券=$3,831.40 冻结=$0.00 购买力=$19,995,947.42 (USD)
2026-07-30 00:46:22.088 | INFO | FUTU_US | [DB CHECKPOINT] FUTU_US @ 3500
2026-07-30 00:46:24.021 | INFO | FUTU_US | [DB CHECKPOINT] FUTU_US @ 3600
2026-07-30 00:46:25.981 | INFO | FUTU_HK | [FUTU_HK] 账户: 总资产=$823,936.69 现金=$635,296.69 证券=$188,640.00 冻结=$0.00 购买力=$635,296.69 (HKD)
2026-07-30 00:46:26.252 | INFO | FUTU_US | [DB CHECKPOINT] FUTU_US @ 3700
2026-07-30 00:46:26.891 | INFO | FUTU_US | [FUTU_US] 账户: 总资产=$9,999,889.41 现金=$9,996,058.01 证券=$3,831.40 冻结=$0.00 购买力=$19,995,947.42 (USD)
2026-07-30 00:46:28.491 | INFO | FUTU_US | [DB CHECKPOINT] FUTU_US @ 3800
2026-07-30 00:46:30.582 | INFO | FUTU_US | [DB CHECKPOINT] FUTU_US @ 3900
2026-07-30 00:46:31.028 | INFO | FUTU_US | [DB CHECKPOINT] FUTU_US @ 4000
2026-07-30 00:46:32.085 | INFO | FUTU_US | [DB CHECKPOINT] FUTU_US @ 4100
2026-07-30 00:46:32.119 | INFO | FUTU_HK | [FUTU_HK] 账户: 总资产=$823,936.69 现金=$635,296.69 证券=$188,640.00 冻结=$0.00 购买力=$635,296.69 (HKD)
2026-07-30 00:46:32.376 | INFO | FUTU_US | [DB CHECKPOINT] FUTU_US @ 4200
2026-07-30 00:46:32.889 | INFO | FUTU_US | [FUTU_US] 账户: 总资产=$9,999,889.41 现金=$9,996,058.01 证券=$3,831.40 冻结=$0.00 购买力=$19,995,947.42 (USD)
2026-07-30 00:46:34.623 | INFO | FUTU_US | [DB CHECKPOINT] FUTU_US @ 4300
2026-07-30 00:46:35.508 | INFO | FUTU_US | [DB CHECKPOINT] FUTU_US @ 4400
2026-07-30 00:46:35.699 | INFO | FUTU_US | [DB CHECKPOINT] FUTU_US @ 4500
2026-07-30 00:46:35.828 | INFO | FUTU_US | [DB CHECKPOINT] FUTU_US @ 4600
2026-07-30 00:46:36.346 | INFO | FUTU_US | [DB CHECKPOINT] FUTU_US @ 4700
2026-07-30 00:46:36.579 | INFO | FUTU_US | [DB CHECKPOINT] FUTU_US @ 4800
2026-07-30 00:46:37.131 | INFO | FUTU_US | [DB CHECKPOINT] FUTU_US @ 4900
2026-07-30 00:46:38.112 | INFO | FUTU_US | [DB CHECKPOINT] FUTU_US @ 5000
2026-07-30 00:46:38.122 | INFO | FUTU_HK | [FUTU_HK] 账户: 总资产=$823,936.69 现金=$635,296.69 证券=$188,640.00 冻结=$0.00 购买力=$635,296.69 (HKD)
2026-07-30 00:46:38.510 | INFO | FUTU_US | [DB CHECKPOINT] FUTU_US @ 5100
2026-07-30 00:46:38.692 | INFO | FUTU_US | [DB CHECKPOINT] FUTU_US @ 5200
2026-07-30 00:46:38.906 | INFO | FUTU_US | [FUTU_US] 账户: 总资产=$9,999,889.41 现金=$9,996,058.01 证券=$3,831.40 冻结=$0.00 购买力=$19,995,947.42 (USD)
2026-07-30 00:46:39.403 | INFO | FUTU_US | [DB CHECKPOINT] FUTU_US @ 5300
2026-07-30 00:46:40.443 | INFO | FUTU_US | [DB CHECKPOINT] FUTU_US @ 5400
2026-07-30 00:46:41.618 | INFO | FUTU_US | [DB CHECKPOINT] FUTU_US @ 5500
2026-07-30 00:46:42.595 | INFO | FUTU_US | [DB CHECKPOINT] FUTU_US @ 5600
2026-07-30 00:46:43.559 | INFO | FUTU_US | [DB CHECKPOINT] FUTU_US @ 5700
2026-07-30 00:46:44.323 | INFO | FUTU_HK | [FUTU_HK] 账户: 总资产=$823,936.69 现金=$635,296.69 证券=$188,640.00 冻结=$0.00 购买力=$635,296.69 (HKD)
2026-07-30 00:46:44.899 | INFO | FUTU_US | [FUTU_US] 账户: 总资产=$9,999,889.41 现金=$9,996,058.01 证券=$3,831.40 冻结=$0.00 购买力=$19,995,947.42 (USD)
2026-07-30 00:46:46.448 | INFO | FUTU_US | [DB CHECKPOINT] FUTU_US @ 5800
2026-07-30 00:46:49.613 | INFO | FUTU_US | [DB CHECKPOINT] FUTU_US @ 5900
2026-07-30 00:46:50.333 | INFO | FUTU_HK | [FUTU_HK] 账户: 总资产=$823,936.69 现金=$635,296.69 证券=$188,640.00 冻结=$0.00 购买力=$635,296.69 (HKD)
2026-07-30 00:46:50.912 | INFO | FUTU_US | [FUTU_US] 账户: 总资产=$9,999,889.41 现金=$9,996,058.01 证券=$3,831.40 冻结=$0.00 购买力=$19,995,947.42 (USD)
2026-07-30 00:46:55.732 | INFO | FUTU_US | [DB CHECKPOINT] FUTU_US @ 6000
2026-07-30 00:46:55.826 | INFO | FUTU_US | [DB CHECKPOINT] FUTU_US @ 6100
2026-07-30 00:46:56.292 | INFO | FUTU_US | [DB CHECKPOINT] FUTU_US @ 6200
2026-07-30 00:46:56.383 | INFO | FUTU_HK | [FUTU_HK] 账户: 总资产=$823,936.69 现金=$635,296.69 证券=$188,640.00 冻结=$0.00 购买力=$635,296.69 (HKD)
2026-07-30 00:46:56.481 | INFO | FUTU_US | [DB CHECKPOINT] FUTU_US @ 6300
2026-07-30 00:46:56.571 | INFO | FUTU_US | [DB CHECKPOINT] FUTU_US @ 6400
2026-07-30 00:46:56.931 | INFO | FUTU_US | [FUTU_US] 账户: 总资产=$9,999,889.41 现金=$9,996,058.01 证券=$3,831.40 冻结=$0.00 购买力=$19,995,947.42 (USD)
2026-07-30 00:46:57.969 | INFO | FUTU_US | [DB CHECKPOINT] FUTU_US @ 6500
2026-07-30 00:46:59.075 | INFO | FUTU_US | [DB CHECKPOINT] FUTU_US @ 6600
2026-07-30 00:47:00.653 | INFO | FUTU_US | [DB CHECKPOINT] FUTU_US @ 6700
2026-07-30 00:47:01.508 | INFO | FUTU_US | [DB CHECKPOINT] FUTU_US @ 6800
2026-07-30 00:47:02.347 | INFO | FUTU_HK | [FUTU_HK] 账户: 总资产=$823,936.69 现金=$635,296.69 证券=$188,640.00 冻结=$0.00 购买力=$635,296.69 (HKD)
2026-07-30 00:47:02.939 | INFO | FUTU_US | [FUTU_US] 账户: 总资产=$9,999,889.41 现金=$9,996,058.01 证券=$3,831.40 冻结=$0.00 购买力=$19,995,947.42 (USD)
2026-07-30 00:47:04.389 | INFO | FUTU_US | [DB CHECKPOINT] FUTU_US @ 6900
2026-07-30 00:47:05.116 | INFO | FUTU_US | [DB CHECKPOINT] FUTU_US @ 7000
2026-07-30 00:47:06.608 | INFO | FUTU_US | [DB CHECKPOINT] FUTU_US @ 7100
2026-07-30 00:47:08.352 | INFO | FUTU_HK | [FUTU_HK] 账户: 总资产=$823,936.69 现金=$635,296.69 证券=$188,640.00 冻结=$0.00 购买力=$635,296.69 (HKD)
2026-07-30 00:47:08.516 | INFO | FUTU_US | [DB CHECKPOINT] FUTU_US @ 7200
2026-07-30 00:47:09.351 | INFO | FUTU_US | [FUTU_US] 账户: 总资产=$9,999,889.41 现金=$9,996,058.01 证券=$3,831.40 冻结=$0.00 购买力=$19,995,947.42 (USD)
2026-07-30 00:47:09.390 | INFO | FUTU_US | [DB CHECKPOINT] FUTU_US @ 7300
2026-07-30 00:47:10.636 | INFO | FUTU_US | [DB CHECKPOINT] FUTU_US @ 7400
2026-07-30 00:47:10.854 | INFO | FUTU_US | [DB CHECKPOINT] FUTU_US @ 7500
2026-07-30 00:47:12.210 | INFO | FUTU_US | [DB CHECKPOINT] FUTU_US @ 7600
2026-07-30 00:47:12.540 | INFO | FUTU_US | [DB CHECKPOINT] FUTU_US @ 7700
2026-07-30 00:47:12.741 | INFO | FUTU_US | [DB CHECKPOINT] FUTU_US @ 7800
2026-07-30 00:47:12.842 | INFO | FUTU_US | [DB CHECKPOINT] FUTU_US @ 7900
2026-07-30 00:47:14.670 | INFO | FUTU_HK | [FUTU_HK] 账户: 总资产=$823,936.69 现金=$635,296.69 证券=$188,640.00 冻结=$0.00 购买力=$635,296.69 (HKD)
2026-07-30 00:47:14.935 | INFO | FUTU_US | [DB CHECKPOINT] FUTU_US @ 8000
2026-07-30 00:47:15.091 | INFO | FUTU_US | [FUTU_US] 账户: 总资产=$9,999,889.41 现金=$9,996,058.01 证券=$3,831.40 冻结=$0.00 购买力=$19,995,947.42 (USD)
2026-07-30 00:47:17.451 | INFO | FUTU_US | [DB CHECKPOINT] FUTU_US @ 8100
2026-07-30 00:47:18.548 | INFO | FUTU_US | [DB CHECKPOINT] FUTU_US @ 8200
2026-07-30 00:47:19.188 | INFO | FUTU_US | [DB CHECKPOINT] FUTU_US @ 8300
2026-07-30 00:47:19.298 | INFO | FUTU_US | [DB CHECKPOINT] FUTU_US @ 8400
2026-07-30 00:47:19.504 | INFO | FUTU_US | [DB CHECKPOINT] FUTU_US @ 8500
2026-07-30 00:47:19.716 | INFO | FUTU_US | [DB CHECKPOINT] FUTU_US @ 8600
2026-07-30 00:47:20.829 | INFO | FUTU_HK | [FUTU_HK] 账户: 总资产=$823,936.69 现金=$635,296.69 证券=$188,640.00 冻结=$0.00 购买力=$635,296.69 (HKD)
2026-07-30 00:47:21.096 | INFO | FUTU_US | [FUTU_US] 账户: 总资产=$9,999,889.41 现金=$9,996,058.01 证券=$3,831.40 冻结=$0.00 购买力=$19,995,947.42 (USD)
2026-07-30 00:47:21.615 | INFO | FUTU_US | [DB CHECKPOINT] FUTU_US @ 8700
2026-07-30 00:47:22.654 | INFO | FUTU_US | [DB CHECKPOINT] FUTU_US @ 8800
2026-07-30 00:47:25.162 | INFO | FUTU_US | [DB CHECKPOINT] FUTU_US @ 8900
2026-07-30 00:47:25.832 | INFO | FUTU_US | [DB CHECKPOINT] FUTU_US @ 9000
2026-07-30 00:47:26.154 | INFO | FUTU_US | [DB CHECKPOINT] FUTU_US @ 9100
2026-07-30 00:47:26.835 | INFO | FUTU_HK | [FUTU_HK] 账户: 总资产=$823,936.69 现金=$635,296.69 证券=$188,640.00 冻结=$0.00 购买力=$635,296.69 (HKD)
2026-07-30 00:47:27.082 | INFO | FUTU_US | [DB CHECKPOINT] FUTU_US @ 9200
2026-07-30 00:47:27.112 | INFO | FUTU_US | [FUTU_US] 账户: 总资产=$9,999,889.41 现金=$9,996,058.01 证券=$3,831.40 冻结=$0.00 购买力=$19,995,947.42 (USD)
2026-07-30 00:47:28.974 | INFO | FUTU_US | [DB CHECKPOINT] FUTU_US @ 9300
2026-07-30 00:47:30.182 | INFO | FUTU_US | [DB CHECKPOINT] FUTU_US @ 9400
2026-07-30 00:47:30.816 | INFO | FUTU_US | [DB CHECKPOINT] FUTU_US @ 9500
2026-07-30 00:47:31.050 | INFO | FUTU_US | [DB CHECKPOINT] FUTU_US @ 9600
2026-07-30 00:47:31.248 | INFO | FUTU_US | [DB CHECKPOINT] FUTU_US @ 9700
2026-07-30 00:47:31.406 | INFO | FUTU_US | [DB CHECKPOINT] FUTU_US @ 9800
2026-07-30 00:47:31.553 | INFO | FUTU_US | [DB CHECKPOINT] FUTU_US @ 9900
2026-07-30 00:47:31.627 | INFO | FUTU_US | [DB CHECKPOINT] FUTU_US @ 10000
2026-07-30 00:47:32.836 | INFO | FUTU_HK | [FUTU_HK] 账户: 总资产=$823,936.69 现金=$635,296.69 证券=$188,640.00 冻结=$0.00 购买力=$635,296.69 (HKD)
2026-07-30 00:47:33.114 | INFO | FUTU_US | [FUTU_US] 账户: 总资产=$9,999,889.41 现金=$9,996,058.01 证券=$3,831.40 冻结=$0.00 购买力=$19,995,947.42 (USD)
2026-07-30 00:47:34.139 | INFO | FUTU_US | [DB CHECKPOINT] FUTU_US @ 10100
2026-07-30 00:47:34.199 | INFO | FUTU_US | [DB CHECKPOINT] FUTU_US @ 10200
2026-07-30 00:47:34.263 | INFO | FUTU_US | [DB CHECKPOINT] FUTU_US @ 10300
2026-07-30 00:47:34.333 | INFO | FUTU_US | [DB CHECKPOINT] FUTU_US @ 10400
2026-07-30 00:47:34.834 | INFO | FUTU_US | [DB CHECKPOINT] FUTU_US @ 10500
2026-07-30 00:47:35.420 | INFO | FUTU_US | [DB CHECKPOINT] FUTU_US @ 10600
2026-07-30 00:47:35.762 | INFO | FUTU_US | [DB CHECKPOINT] FUTU_US @ 10700
2026-07-30 00:47:36.359 | INFO | FUTU_US | [DB CHECKPOINT] FUTU_US @ 10800
2026-07-30 00:47:36.692 | INFO | FUTU_US | [DB CHECKPOINT] FUTU_US @ 10900
2026-07-30 00:47:37.081 | INFO | FUTU_US | [DB CHECKPOINT] FUTU_US @ 11000
2026-07-30 00:47:37.653 | INFO | FUTU_US | [DB CHECKPOINT] FUTU_US @ 11100
2026-07-30 00:47:38.313 | INFO | FUTU_US | [DB CHECKPOINT] FUTU_US @ 11200
2026-07-30 00:47:38.657 | INFO | FUTU_US | [DB CHECKPOINT] FUTU_US @ 11300
2026-07-30 00:47:38.986 | INFO | FUTU_HK | [FUTU_HK] 账户: 总资产=$823,936.69 现金=$635,296.69 证券=$188,640.00 冻结=$0.00 购买力=$635,296.69 (HKD)
2026-07-30 00:47:39.114 | INFO | FUTU_US | [FUTU_US] 账户: 总资产=$9,999,892.81 现金=$9,996,058.01 证券=$3,834.80 冻结=$0.00 购买力=$19,995,950.82 (USD)
2026-07-30 00:47:39.416 | INFO | FUTU_US | [DB CHECKPOINT] FUTU_US @ 11400
2026-07-30 00:47:39.870 | INFO | FUTU_US | [DB CHECKPOINT] FUTU_US @ 11500
2026-07-30 00:47:40.560 | INFO | FUTU_US | [DB CHECKPOINT] FUTU_US @ 11600
2026-07-30 00:47:41.142 | INFO | FUTU_US | [DB CHECKPOINT] FUTU_US @ 11700
2026-07-30 00:47:41.450 | INFO | FUTU_US | [DB CHECKPOINT] FUTU_US @ 11800
2026-07-30 00:47:42.272 | INFO | FUTU_US | [DB CHECKPOINT] FUTU_US @ 11900
2026-07-30 00:47:42.484 | INFO | FUTU_US | [DB CHECKPOINT] FUTU_US @ 12000
2026-07-30 00:47:43.075 | INFO | FUTU_US | [DB CHECKPOINT] FUTU_US @ 12100
2026-07-30 00:47:43.478 | INFO | FUTU_US | [DB CHECKPOINT] FUTU_US @ 12200
2026-07-30 00:47:44.053 | INFO | FUTU_US | [DB CHECKPOINT] FUTU_US @ 12300
2026-07-30 00:47:44.438 | INFO | FUTU_US | [DB CHECKPOINT] FUTU_US @ 12400
2026-07-30 00:47:45.021 | INFO | FUTU_HK | [FUTU_HK] 账户: 总资产=$823,936.69 现金=$635,296.69 证券=$188,640.00 冻结=$0.00 购买力=$635,296.69 (HKD)
2026-07-30 00:47:45.028 | INFO | FUTU_US | [DB CHECKPOINT] FUTU_US @ 12500
2026-07-30 00:47:45.128 | INFO | FUTU_US | [FUTU_US] 账户: 总资产=$9,999,892.81 现金=$9,996,058.01 证券=$3,834.80 冻结=$0.00 购买力=$19,995,950.82 (USD)
2026-07-30 00:47:45.408 | INFO | FUTU_US | [DB CHECKPOINT] FUTU_US @ 12600
2026-07-30 00:47:45.999 | INFO | FUTU_US | [DB CHECKPOINT] FUTU_US @ 12700
2026-07-30 00:47:46.750 | INFO | FUTU_US | [DB CHECKPOINT] FUTU_US @ 12800
2026-07-30 00:47:51.027 | INFO | FUTU_HK | [FUTU_HK] 账户: 总资产=$823,936.69 现金=$635,296.69 证券=$188,640.00 冻结=$0.00 购买力=$635,296.69 (HKD)
2026-07-30 00:47:51.127 | INFO | FUTU_US | [FUTU_US] 账户: 总资产=$9,999,892.81 现金=$9,996,058.01 证券=$3,834.80 冻结=$0.00 购买力=$19,995,950.82 (USD)
2026-07-30 00:47:54.009 | INFO | FUTU_US | [DB CHECKPOINT] FUTU_US @ 12900
2026-07-30 00:47:57.030 | INFO | FUTU_HK | [FUTU_HK] 账户: 总资产=$823,936.69 现金=$635,296.69 证券=$188,640.00 冻结=$0.00 购买力=$635,296.69 (HKD)
2026-07-30 00:47:57.127 | INFO | FUTU_US | [FUTU_US] 账户: 总资产=$9,999,892.81 现金=$9,996,058.01 证券=$3,834.80 冻结=$0.00 购买力=$19,995,950.82 (USD)
2026-07-30 00:48:03.034 | INFO | FUTU_HK | [FUTU_HK] 账户: 总资产=$823,936.69 现金=$635,296.69 证券=$188,640.00 冻结=$0.00 购买力=$635,296.69 (HKD)
2026-07-30 00:48:03.133 | INFO | FUTU_US | [FUTU_US] 账户: 总资产=$9,999,892.81 现金=$9,996,058.01 证券=$3,834.80 冻结=$0.00 购买力=$19,995,950.82 (USD)
2026-07-30 00:48:09.035 | INFO | FUTU_HK | [FUTU_HK] 账户: 总资产=$823,936.69 现金=$635,296.69 证券=$188,640.00 冻结=$0.00 购买力=$635,296.69 (HKD)
2026-07-30 00:48:09.137 | INFO | FUTU_US | [FUTU_US] 账户: 总资产=$9,999,892.81 现金=$9,996,058.01 证券=$3,834.80 冻结=$0.00 购买力=$19,995,950.82 (USD)
2026-07-30 00:48:15.042 | INFO | FUTU_HK | [FUTU_HK] 账户: 总资产=$823,936.69 现金=$635,296.69 证券=$188,640.00 冻结=$0.00 购买力=$635,296.69 (HKD)
2026-07-30 00:48:15.138 | INFO | FUTU_US | [FUTU_US] 账户: 总资产=$9,999,892.81 现金=$9,996,058.01 证券=$3,834.80 冻结=$0.00 购买力=$19,995,950.82 (USD)
2026-07-30 00:48:21.038 | INFO | FUTU_HK | [FUTU_HK] 账户: 总资产=$823,936.69 现金=$635,296.69 证券=$188,640.00 冻结=$0.00 购买力=$635,296.69 (HKD)
2026-07-30 00:48:21.146 | INFO | FUTU_US | [FUTU_US] 账户: 总资产=$9,999,892.81 现金=$9,996,058.01 证券=$3,834.80 冻结=$0.00 购买力=$19,995,950.82 (USD)
2026-07-30 00:48:24.746 | INFO | FUTU_US | [DB CHECKPOINT] FUTU_US @ 13000
2026-07-30 00:48:26.437 | INFO | FUTU_US | [DB CHECKPOINT] FUTU_US @ 13100
2026-07-30 00:48:26.609 | INFO | FUTU_US | [DB CHECKPOINT] FUTU_US @ 13200
2026-07-30 00:48:26.896 | INFO | FUTU_US | [DB CHECKPOINT] FUTU_US @ 13300
2026-07-30 00:48:26.973 | INFO | FUTU_US | [DB CHECKPOINT] FUTU_US @ 13400
2026-07-30 00:48:27.060 | INFO | FUTU_HK | [FUTU_HK] 账户: 总资产=$823,936.69 现金=$635,296.69 证券=$188,640.00 冻结=$0.00 购买力=$635,296.69 (HKD)
2026-07-30 00:48:27.164 | INFO | FUTU_US | [FUTU_US] 账户: 总资产=$9,999,893.01 现金=$9,996,058.01 证券=$3,835.00 冻结=$0.00 购买力=$19,995,951.02 (USD)
2026-07-30 00:48:27.191 | INFO | FUTU_US | [DB CHECKPOINT] FUTU_US @ 13500
2026-07-30 00:48:27.395 | INFO | FUTU_US | [DB CHECKPOINT] FUTU_US @ 13600
2026-07-30 00:48:27.564 | INFO | FUTU_US | [DB CHECKPOINT] FUTU_US @ 13700
2026-07-30 00:48:27.718 | INFO | FUTU_US | [DB CHECKPOINT] FUTU_US @ 13800
2026-07-30 00:48:28.565 | INFO | FUTU_US | [DB CHECKPOINT] FUTU_US @ 13900
2026-07-30 00:48:28.833 | INFO | FUTU_US | [DB CHECKPOINT] FUTU_US @ 14000
2026-07-30 00:48:30.200 | INFO | FUTU_US | [DB CHECKPOINT] FUTU_US @ 14100
2026-07-30 00:48:30.342 | INFO | FUTU_US | [DB CHECKPOINT] FUTU_US @ 14200
2026-07-30 00:48:30.492 | INFO | FUTU_US | [DB CHECKPOINT] FUTU_US @ 14300
2026-07-30 00:48:31.052 | INFO | FUTU_US | [DB CHECKPOINT] FUTU_US @ 14400
2026-07-30 00:48:32.424 | INFO | FUTU_US | [DB CHECKPOINT] FUTU_US @ 14500
2026-07-30 00:48:33.049 | INFO | FUTU_HK | [FUTU_HK] 账户: 总资产=$823,936.69 现金=$635,296.69 证券=$188,640.00 冻结=$0.00 购买力=$635,296.69 (HKD)
2026-07-30 00:48:33.150 | INFO | FUTU_US | [FUTU_US] 账户: 总资产=$9,999,893.01 现金=$9,996,058.01 证券=$3,835.00 冻结=$0.00 购买力=$19,995,951.02 (USD)
2026-07-30 00:48:33.964 | INFO | FUTU_US | [DB CHECKPOINT] FUTU_US @ 14600
2026-07-30 00:48:34.917 | INFO | FUTU_US | [DB CHECKPOINT] FUTU_US @ 14700
2026-07-30 00:48:35.863 | INFO | FUTU_US | [DB CHECKPOINT] FUTU_US @ 14800
2026-07-30 00:48:37.822 | INFO | FUTU_US | [DB CHECKPOINT] FUTU_US @ 14900
2026-07-30 00:48:39.057 | INFO | FUTU_HK | [FUTU_HK] 账户: 总资产=$823,936.69 现金=$635,296.69 证券=$188,640.00 冻结=$0.00 购买力=$635,296.69 (HKD)
2026-07-30 00:48:39.159 | INFO | FUTU_US | [FUTU_US] 账户: 总资产=$9,999,893.01 现金=$9,996,058.01 证券=$3,835.00 冻结=$0.00 购买力=$19,995,951.02 (USD)
2026-07-30 00:48:39.999 | INFO | FUTU_US | [DB CHECKPOINT] FUTU_US @ 15000
2026-07-30 00:48:41.101 | INFO | FUTU_US | [DB CHECKPOINT] FUTU_US @ 15100
2026-07-30 00:48:41.254 | INFO | FUTU_US | [DB CHECKPOINT] FUTU_US @ 15200
2026-07-30 00:48:41.431 | INFO | FUTU_US | [DB CHECKPOINT] FUTU_US @ 15300
2026-07-30 00:48:42.608 | INFO | FUTU_US | [DB CHECKPOINT] FUTU_US @ 15400
2026-07-30 00:48:42.860 | INFO | FUTU_US | [DB CHECKPOINT] FUTU_US @ 15500
2026-07-30 00:48:43.940 | INFO | FUTU_US | [DB CHECKPOINT] FUTU_US @ 15600
2026-07-30 00:48:45.052 | INFO | FUTU_HK | [FUTU_HK] 账户: 总资产=$823,936.69 现金=$635,296.69 证券=$188,640.00 冻结=$0.00 购买力=$635,296.69 (HKD)
2026-07-30 00:48:45.161 | INFO | FUTU_US | [FUTU_US] 账户: 总资产=$9,999,893.01 现金=$9,996,058.01 证券=$3,835.00 冻结=$0.00 购买力=$19,995,951.02 (USD)
2026-07-30 00:48:46.744 | INFO | FUTU_US | [DB CHECKPOINT] FUTU_US @ 15700
2026-07-30 00:48:50.262 | INFO | FUTU_US | [DB CHECKPOINT] FUTU_US @ 15800
2026-07-30 00:48:51.061 | INFO | FUTU_HK | [FUTU_HK] 账户: 总资产=$823,936.69 现金=$635,296.69 证券=$188,640.00 冻结=$0.00 购买力=$635,296.69 (HKD)
2026-07-30 00:48:51.168 | INFO | FUTU_US | [FUTU_US] 账户: 总资产=$9,999,893.01 现金=$9,996,058.01 证券=$3,835.00 冻结=$0.00 购买力=$19,995,951.02 (USD)
2026-07-30 00:48:52.198 | INFO | FUTU_US | [DB CHECKPOINT] FUTU_US @ 15900
2026-07-30 00:48:53.117 | INFO | FUTU_US | [DB CHECKPOINT] FUTU_US @ 16000
2026-07-30 00:48:54.051 | INFO | FUTU_US | [DB CHECKPOINT] FUTU_US @ 16100
2026-07-30 00:48:56.340 | INFO | FUTU_US | [DB CHECKPOINT] FUTU_US @ 16200
2026-07-30 00:48:57.065 | INFO | FUTU_HK | [FUTU_HK] 账户: 总资产=$823,936.69 现金=$635,296.69 证券=$188,640.00 冻结=$0.00 购买力=$635,296.69 (HKD)
2026-07-30 00:48:57.172 | INFO | FUTU_US | [FUTU_US] 账户: 总资产=$9,999,893.01 现金=$9,996,058.01 证券=$3,835.00 冻结=$0.00 购买力=$19,995,951.02 (USD)
2026-07-30 00:48:59.565 | INFO | FUTU_US | [DB CHECKPOINT] FUTU_US @ 16300
2026-07-30 00:49:02.981 | INFO | FUTU_US | [DB CHECKPOINT] FUTU_US @ 16400
2026-07-30 00:49:03.084 | INFO | FUTU_HK | [FUTU_HK] 查询账户失败: 网络中断
2026-07-30 00:49:03.165 | INFO | FUTU_US | [FUTU_US] 查询账户失败: 网络中断
2026-07-30 00:49:05.334 | INFO | FUTU_US | [DB CHECKPOINT] FUTU_US @ 16500
2026-07-30 00:49:05.641 | INFO | FUTU_US | [DB CHECKPOINT] FUTU_US @ 16600
2026-07-30 00:49:05.685 | INFO | FUTU_US | [DB CHECKPOINT] FUTU_US @ 16700
2026-07-30 00:49:05.960 | INFO | FUTU_US | [DB CHECKPOINT] FUTU_US @ 16800
2026-07-30 00:49:06.072 | INFO | FUTU_US | [DB CHECKPOINT] FUTU_US @ 16900
2026-07-30 00:49:07.212 | INFO | FUTU_US | [DB CHECKPOINT] FUTU_US @ 17000
2026-07-30 00:49:08.974 | INFO | FUTU_US | [DB CHECKPOINT] FUTU_US @ 17100
2026-07-30 00:49:09.094 | INFO | FUTU_HK | [FUTU_HK] 账户: 总资产=$823,936.69 现金=$635,296.69 证券=$188,640.00 冻结=$0.00 购买力=$635,296.69 (HKD)
2026-07-30 00:49:09.180 | INFO | FUTU_US | [FUTU_US] 账户: 总资产=$9,999,893.21 现金=$9,996,058.01 证券=$3,835.20 冻结=$0.00 购买力=$19,995,951.22 (USD)
2026-07-30 00:49:10.888 | INFO | FUTU_US | [DB CHECKPOINT] FUTU_US @ 17200
2026-07-30 00:49:14.176 | INFO | FUTU_US | [DB CHECKPOINT] FUTU_US @ 17300
2026-07-30 00:49:15.095 | INFO | FUTU_HK | [FUTU_HK] 账户: 总资产=$823,936.69 现金=$635,296.69 证券=$188,640.00 冻结=$0.00 购买力=$635,296.69 (HKD)
2026-07-30 00:49:15.178 | INFO | FUTU_US | [FUTU_US] 账户: 总资产=$9,999,893.21 现金=$9,996,058.01 证券=$3,835.20 冻结=$0.00 购买力=$19,995,951.22 (USD)
2026-07-30 00:49:18.448 | INFO | FUTU_US | [DB CHECKPOINT] FUTU_US @ 17400
2026-07-30 00:49:21.237 | INFO | FUTU_HK | [FUTU_HK] 账户: 总资产=$823,936.69 现金=$635,296.69 证券=$188,640.00 冻结=$0.00 购买力=$635,296.69 (HKD)
2026-07-30 00:49:21.242 | INFO | FUTU_US | [FUTU_US] 账户: 总资产=$9,999,893.21 现金=$9,996,058.01 证券=$3,835.20 冻结=$0.00 购买力=$19,995,951.22 (USD)
2026-07-30 00:49:21.653 | INFO | FUTU_US | [DB CHECKPOINT] FUTU_US @ 17500
2026-07-30 00:49:27.237 | INFO | FUTU_US | [FUTU_US] 账户: 总资产=$9,999,893.21 现金=$9,996,058.01 证券=$3,835.20 冻结=$0.00 购买力=$19,995,951.22 (USD)
2026-07-30 00:49:27.241 | INFO | FUTU_HK | [FUTU_HK] 账户: 总资产=$823,936.69 现金=$635,296.69 证券=$188,640.00 冻结=$0.00 购买力=$635,296.69 (HKD)
2026-07-30 00:49:32.518 | INFO | FUTU_US | [DB CHECKPOINT] FUTU_US @ 17600
2026-07-30 00:49:33.237 | INFO | FUTU_HK | [FUTU_HK] 账户: 总资产=$823,936.69 现金=$635,296.69 证券=$188,640.00 冻结=$0.00 购买力=$635,296.69 (HKD)
2026-07-30 00:49:33.242 | INFO | FUTU_US | [FUTU_US] 账户: 总资产=$9,999,893.21 现金=$9,996,058.01 证券=$3,835.20 冻结=$0.00 购买力=$19,995,951.22 (USD)
2026-07-30 00:49:35.051 | INFO | FUTU_US | [DB CHECKPOINT] FUTU_US @ 17700
2026-07-30 00:49:35.414 | INFO | FUTU_US | [DB CHECKPOINT] FUTU_US @ 17800
2026-07-30 00:49:35.674 | INFO | FUTU_US | [DB CHECKPOINT] FUTU_US @ 17900
2026-07-30 00:49:36.388 | INFO | FUTU_US | [DB CHECKPOINT] FUTU_US @ 18000
2026-07-30 00:49:36.670 | INFO | FUTU_US | [DB CHECKPOINT] FUTU_US @ 18100
2026-07-30 00:49:37.995 | INFO | FUTU_US | [DB CHECKPOINT] FUTU_US @ 18200
2026-07-30 00:49:39.285 | INFO | FUTU_HK | [FUTU_HK] 账户: 总资产=$823,936.69 现金=$635,296.69 证券=$188,640.00 冻结=$0.00 购买力=$635,296.69 (HKD)
2026-07-30 00:49:39.290 | INFO | FUTU_US | [FUTU_US] 账户: 总资产=$9,999,893.21 现金=$9,996,058.01 证券=$3,835.20 冻结=$0.00 购买力=$19,995,951.22 (USD)
2026-07-30 00:49:39.566 | INFO | FUTU_US | [DB CHECKPOINT] FUTU_US @ 18300
2026-07-30 00:49:40.366 | INFO | FUTU_US | [DB CHECKPOINT] FUTU_US @ 18400
2026-07-30 00:49:40.639 | INFO | FUTU_US | [DB CHECKPOINT] FUTU_US @ 18500
2026-07-30 00:49:40.961 | INFO | FUTU_US | [DB CHECKPOINT] FUTU_US @ 18600
2026-07-30 00:49:41.187 | INFO | FUTU_US | [DB CHECKPOINT] FUTU_US @ 18700
2026-07-30 00:49:42.447 | INFO | FUTU_US | [DB CHECKPOINT] FUTU_US @ 18800
2026-07-30 00:49:43.792 | INFO | FUTU_US | [DB CHECKPOINT] FUTU_US @ 18900
2026-07-30 00:49:45.287 | INFO | FUTU_US | [FUTU_US] 查询账户失败: 网络中断
2026-07-30 00:49:45.288 | INFO | FUTU_HK | [FUTU_HK] 查询账户失败: 网络中断
2026-07-30 00:49:47.407 | INFO | FUTU_US | [DB CHECKPOINT] FUTU_US @ 19000
2026-07-30 00:49:47.473 | INFO | FUTU_US | [DB CHECKPOINT] FUTU_US @ 19100
2026-07-30 00:49:47.565 | INFO | FUTU_US | [DB CHECKPOINT] FUTU_US @ 19200
2026-07-30 00:49:47.665 | INFO | FUTU_US | [DB CHECKPOINT] FUTU_US @ 19300
2026-07-30 00:49:47.751 | INFO | FUTU_US | [DB CHECKPOINT] FUTU_US @ 19400
2026-07-30 00:49:49.096 | INFO | FUTU_US | [DB CHECKPOINT] FUTU_US @ 19500
2026-07-30 00:49:49.369 | INFO | FUTU_US | [DB CHECKPOINT] FUTU_US @ 19600
2026-07-30 00:49:49.513 | INFO | FUTU_US | [DB CHECKPOINT] FUTU_US @ 19700
2026-07-30 00:49:49.807 | INFO | FUTU_US | [DB CHECKPOINT] FUTU_US @ 19800
2026-07-30 00:49:50.584 | INFO | FUTU_US | [DB CHECKPOINT] FUTU_US @ 19900
2026-07-30 00:49:51.271 | INFO | FUTU_US | [DB CHECKPOINT] FUTU_US @ 20000
2026-07-30 00:49:51.292 | INFO | FUTU_HK | [FUTU_HK] 账户: 总资产=$823,936.69 现金=$635,296.69 证券=$188,640.00 冻结=$0.00 购买力=$635,296.69 (HKD)
2026-07-30 00:49:51.305 | INFO | FUTU_US | [FUTU_US] 账户: 总资产=$9,999,895.61 现金=$9,996,058.01 证券=$3,837.60 冻结=$0.00 购买力=$19,995,953.62 (USD)
2026-07-30 00:49:51.341 | INFO | FUTU_US | [DB CHECKPOINT] FUTU_US @ 20100
2026-07-30 00:49:51.504 | INFO | FUTU_US | [DB CHECKPOINT] FUTU_US @ 20200
2026-07-30 00:49:51.714 | INFO | FUTU_US | [DB CHECKPOINT] FUTU_US @ 20300
2026-07-30 00:49:51.798 | INFO | FUTU_US | [DB CHECKPOINT] FUTU_US @ 20400
2026-07-30 00:49:51.852 | INFO | FUTU_US | [DB CHECKPOINT] FUTU_US @ 20500
2026-07-30 00:49:52.022 | INFO | FUTU_US | [DB CHECKPOINT] FUTU_US @ 20600
2026-07-30 00:49:52.381 | INFO | FUTU_US | [DB CHECKPOINT] FUTU_US @ 20700
2026-07-30 00:49:52.975 | INFO | FUTU_US | [DB CHECKPOINT] FUTU_US @ 20800
2026-07-30 00:49:53.347 | INFO | FUTU_US | [DB CHECKPOINT] FUTU_US @ 20900
2026-07-30 00:49:54.406 | INFO | FUTU_US | [DB CHECKPOINT] FUTU_US @ 21000
2026-07-30 00:49:54.665 | INFO | FUTU_US | [DB CHECKPOINT] FUTU_US @ 21100
2026-07-30 00:49:55.624 | INFO | FUTU_US | [DB CHECKPOINT] FUTU_US @ 21200
2026-07-30 00:49:55.933 | INFO | FUTU_US | [DB CHECKPOINT] FUTU_US @ 21300
2026-07-30 00:49:56.957 | INFO | FUTU_US | [DB CHECKPOINT] FUTU_US @ 21400
2026-07-30 00:49:57.485 | INFO | FUTU_US | [FUTU_US] 账户: 总资产=$9,999,895.61 现金=$9,996,058.01 证券=$3,837.60 冻结=$0.00 购买力=$19,995,953.62 (USD)
2026-07-30 00:49:57.495 | INFO | FUTU_HK | [FUTU_HK] 账户: 总资产=$823,936.69 现金=$635,296.69 证券=$188,640.00 冻结=$0.00 购买力=$635,296.69 (HKD)
2026-07-30 00:49:58.428 | INFO | FUTU_US | [DB CHECKPOINT] FUTU_US @ 21500
2026-07-30 00:49:58.747 | INFO | FUTU_US | [DB CHECKPOINT] FUTU_US @ 21600
2026-07-30 00:50:00.715 | INFO | FUTU_US | [DB CHECKPOINT] FUTU_US @ 21700
2026-07-30 00:50:02.912 | INFO | FUTU_US | [DB CHECKPOINT] FUTU_US @ 21800
2026-07-30 00:50:03.343 | INFO | FUTU_US | [DB CHECKPOINT] FUTU_US @ 21900
2026-07-30 00:50:03.518 | INFO | FUTU_HK | [FUTU_HK] 账户: 总资产=$823,936.69 现金=$635,296.69 证券=$188,640.00 冻结=$0.00 购买力=$635,296.69 (HKD)
2026-07-30 00:50:03.525 | INFO | FUTU_US | [FUTU_US] 账户: 总资产=$9,999,895.61 现金=$9,996,058.01 证券=$3,837.60 冻结=$0.00 购买力=$19,995,953.62 (USD)
2026-07-30 00:50:03.556 | INFO | FUTU_US | [DB CHECKPOINT] FUTU_US @ 22000
2026-07-30 00:50:03.666 | INFO | FUTU_US | [DB CHECKPOINT] FUTU_US @ 22100
2026-07-30 00:50:03.912 | INFO | FUTU_US | [DB CHECKPOINT] FUTU_US @ 22200
2026-07-30 00:50:06.444 | INFO | FUTU_US | [DB CHECKPOINT] FUTU_US @ 22300
2026-07-30 00:50:09.495 | INFO | FUTU_US | [FUTU_US] 账户: 总资产=$9,999,895.61 现金=$9,996,058.01 证券=$3,837.60 冻结=$0.00 购买力=$19,995,953.62 (USD)
2026-07-30 00:50:09.509 | INFO | FUTU_HK | [FUTU_HK] 账户: 总资产=$823,936.69 现金=$635,296.69 证券=$188,640.00 冻结=$0.00 购买力=$635,296.69 (HKD)
2026-07-30 00:50:09.637 | INFO | FUTU_US | [DB CHECKPOINT] FUTU_US @ 22400
2026-07-30 00:50:11.578 | INFO | FUTU_US | [DB CHECKPOINT] FUTU_US @ 22500
2026-07-30 00:50:13.035 | INFO | FUTU_US | [DB CHECKPOINT] FUTU_US @ 22600
2026-07-30 00:50:14.107 | INFO | FUTU_US | [DB CHECKPOINT] FUTU_US @ 22700
2026-07-30 00:50:15.507 | INFO | FUTU_US | [FUTU_US] 账户: 总资产=$9,999,895.61 现金=$9,996,058.01 证券=$3,837.60 冻结=$0.00 购买力=$19,995,953.62 (USD)
2026-07-30 00:50:15.517 | INFO | FUTU_HK | [FUTU_HK] 账户: 总资产=$823,936.69 现金=$635,296.69 证券=$188,640.00 冻结=$0.00 购买力=$635,296.69 (HKD)
2026-07-30 00:50:17.923 | INFO | FUTU_US | [DB CHECKPOINT] FUTU_US @ 22800
2026-07-30 00:50:19.270 | INFO | FUTU_US | [DB CHECKPOINT] FUTU_US @ 22900
2026-07-30 00:50:21.483 | INFO | FUTU_US | [DB CHECKPOINT] FUTU_US @ 23000
2026-07-30 00:50:21.504 | INFO | FUTU_US | [FUTU_US] 账户: 总资产=$9,999,895.61 现金=$9,996,058.01 证券=$3,837.60 冻结=$0.00 购买力=$19,995,953.62 (USD)
2026-07-30 00:50:21.513 | INFO | FUTU_HK | [FUTU_HK] 账户: 总资产=$823,936.69 现金=$635,296.69 证券=$188,640.00 冻结=$0.00 购买力=$635,296.69 (HKD)
2026-07-30 00:50:23.075 | INFO | FUTU_US | [DB CHECKPOINT] FUTU_US @ 23100
2026-07-30 00:50:24.457 | INFO | FUTU_US | [DB CHECKPOINT] FUTU_US @ 23200
2026-07-30 00:50:24.729 | INFO | FUTU_US | [DB CHECKPOINT] FUTU_US @ 23300
2026-07-30 00:50:25.677 | INFO | FUTU_US | [DB CHECKPOINT] FUTU_US @ 23400
2026-07-30 00:50:26.295 | INFO | FUTU_US | [DB CHECKPOINT] FUTU_US @ 23500
2026-07-30 00:50:27.513 | INFO | FUTU_US | [FUTU_US] 账户: 总资产=$9,999,895.61 现金=$9,996,058.01 证券=$3,837.60 冻结=$0.00 购买力=$19,995,953.62 (USD)
2026-07-30 00:50:27.519 | INFO | FUTU_HK | [FUTU_HK] 账户: 总资产=$823,936.69 现金=$635,296.69 证券=$188,640.00 冻结=$0.00 购买力=$635,296.69 (HKD)
2026-07-30 00:50:28.540 | INFO | FUTU_US | [DB CHECKPOINT] FUTU_US @ 23600
2026-07-30 00:50:28.603 | INFO | FUTU_US | [DB CHECKPOINT] FUTU_US @ 23700
2026-07-30 00:50:28.644 | INFO | FUTU_US | [DB CHECKPOINT] FUTU_US @ 23800
2026-07-30 00:50:28.699 | INFO | FUTU_US | [DB CHECKPOINT] FUTU_US @ 23900
2026-07-30 00:50:29.275 | INFO | FUTU_US | [DB CHECKPOINT] FUTU_US @ 24000
2026-07-30 00:50:29.389 | INFO | FUTU_US | [DB CHECKPOINT] FUTU_US @ 24100
2026-07-30 00:50:30.457 | INFO | FUTU_US | [DB CHECKPOINT] FUTU_US @ 24200
2026-07-30 00:50:33.521 | INFO | FUTU_US | [FUTU_US] 账户: 总资产=$9,999,894.31 现金=$9,996,058.01 证券=$3,836.30 冻结=$0.00 购买力=$19,995,952.32 (USD)
2026-07-30 00:50:33.530 | INFO | FUTU_HK | [FUTU_HK] 账户: 总资产=$823,936.69 现金=$635,296.69 证券=$188,640.00 冻结=$0.00 购买力=$635,296.69 (HKD)
2026-07-30 00:50:39.522 | INFO | FUTU_US | [FUTU_US] 账户: 总资产=$9,999,894.31 现金=$9,996,058.01 证券=$3,836.30 冻结=$0.00 购买力=$19,995,952.32 (USD)
2026-07-30 00:50:39.539 | INFO | FUTU_HK | [FUTU_HK] 账户: 总资产=$823,936.69 现金=$635,296.69 证券=$188,640.00 冻结=$0.00 购买力=$635,296.69 (HKD)
2026-07-30 00:50:45.519 | INFO | FUTU_US | [FUTU_US] 账户: 总资产=$9,999,894.31 现金=$9,996,058.01 证券=$3,836.30 冻结=$0.00 购买力=$19,995,952.32 (USD)
2026-07-30 00:50:45.532 | INFO | FUTU_HK | [FUTU_HK] 账户: 总资产=$823,936.69 现金=$635,296.69 证券=$188,640.00 冻结=$0.00 购买力=$635,296.69 (HKD)
2026-07-30 00:50:51.518 | INFO | FUTU_US | [FUTU_US] 账户: 总资产=$9,999,894.31 现金=$9,996,058.01 证券=$3,836.30 冻结=$0.00 购买力=$19,995,952.32 (USD)
2026-07-30 00:50:51.531 | INFO | FUTU_HK | [FUTU_HK] 账户: 总资产=$823,936.69 现金=$635,296.69 证券=$188,640.00 冻结=$0.00 购买力=$635,296.69 (HKD)
2026-07-30 00:50:57.524 | INFO | FUTU_US | [FUTU_US] 账户: 总资产=$9,999,894.31 现金=$9,996,058.01 证券=$3,836.30 冻结=$0.00 购买力=$19,995,952.32 (USD)
2026-07-30 00:50:57.534 | INFO | FUTU_HK | [FUTU_HK] 账户: 总资产=$823,936.69 现金=$635,296.69 证券=$188,640.00 冻结=$0.00 购买力=$635,296.69 (HKD)
2026-07-30 00:51:03.600 | INFO | FUTU_US | [FUTU_US] 账户: 总资产=$9,999,894.31 现金=$9,996,058.01 证券=$3,836.30 冻结=$0.00 购买力=$19,995,952.32 (USD)
2026-07-30 00:51:03.698 | INFO | FUTU_HK | [FUTU_HK] 账户: 总资产=$823,936.69 现金=$635,296.69 证券=$188,640.00 冻结=$0.00 购买力=$635,296.69 (HKD)
2026-07-30 00:51:09.599 | INFO | FUTU_US | [FUTU_US] 查询账户失败: 网络中断
2026-07-30 00:51:09.699 | INFO | FUTU_HK | [FUTU_HK] 查询账户失败: 网络中断
2026-07-30 00:51:15.005 | INFO | FUTU_US | [DB CHECKPOINT] FUTU_US @ 24300
2026-07-30 00:51:15.077 | INFO | FUTU_US | [DB CHECKPOINT] FUTU_US @ 24400
2026-07-30 00:51:15.155 | INFO | FUTU_US | [DB CHECKPOINT] FUTU_US @ 24500
2026-07-30 00:51:15.316 | INFO | FUTU_US | [DB CHECKPOINT] FUTU_US @ 24600
2026-07-30 00:51:15.399 | INFO | FUTU_US | [DB CHECKPOINT] FUTU_US @ 24700
2026-07-30 00:51:15.650 | INFO | FUTU_US | [DB CHECKPOINT] FUTU_US @ 24800
2026-07-30 00:51:15.655 | INFO | FUTU_US | [FUTU_US] 账户: 总资产=$9,999,895.31 现金=$9,996,058.01 证券=$3,837.30 冻结=$0.00 购买力=$19,995,953.32 (USD)
2026-07-30 00:51:15.711 | INFO | FUTU_HK | [FUTU_HK] 账户: 总资产=$823,936.69 现金=$635,296.69 证券=$188,640.00 冻结=$0.00 购买力=$635,296.69 (HKD)
2026-07-30 00:51:15.925 | INFO | FUTU_US | [DB CHECKPOINT] FUTU_US @ 24900
2026-07-30 00:51:16.363 | INFO | FUTU_US | [DB CHECKPOINT] FUTU_US @ 25000
2026-07-30 00:51:16.919 | INFO | FUTU_US | [DB CHECKPOINT] FUTU_US @ 25100
2026-07-30 00:51:17.335 | INFO | FUTU_US | [DB CHECKPOINT] FUTU_US @ 25200
2026-07-30 00:51:17.872 | INFO | FUTU_US | [DB CHECKPOINT] FUTU_US @ 25300
2026-07-30 00:51:18.524 | INFO | FUTU_US | [DB CHECKPOINT] FUTU_US @ 25400
2026-07-30 00:51:19.122 | INFO | FUTU_US | [DB CHECKPOINT] FUTU_US @ 25500
2026-07-30 00:51:19.836 | INFO | FUTU_US | [DB CHECKPOINT] FUTU_US @ 25600
2026-07-30 00:51:20.161 | INFO | FUTU_US | [DB CHECKPOINT] FUTU_US @ 25700
2026-07-30 00:51:21.140 | INFO | FUTU_US | [DB CHECKPOINT] FUTU_US @ 25800
2026-07-30 00:51:21.223 | INFO | FUTU_US | [DB CHECKPOINT] FUTU_US @ 25900
2026-07-30 00:51:21.322 | INFO | FUTU_US | [DB CHECKPOINT] FUTU_US @ 26000
2026-07-30 00:51:21.454 | INFO | FUTU_US | [DB CHECKPOINT] FUTU_US @ 26100
2026-07-30 00:51:21.647 | INFO | FUTU_US | [FUTU_US] 账户: 总资产=$9,999,895.31 现金=$9,996,058.01 证券=$3,837.30 冻结=$0.00 购买力=$19,995,953.32 (USD)
2026-07-30 00:51:21.743 | INFO | FUTU_HK | [FUTU_HK] 账户: 总资产=$823,936.69 现金=$635,296.69 证券=$188,640.00 冻结=$0.00 购买力=$635,296.69 (HKD)
2026-07-30 00:51:21.819 | INFO | FUTU_US | [DB CHECKPOINT] FUTU_US @ 26200
2026-07-30 00:51:22.081 | INFO | FUTU_US | [DB CHECKPOINT] FUTU_US @ 26300
2026-07-30 00:51:22.247 | INFO | FUTU_US | [DB CHECKPOINT] FUTU_US @ 26400
2026-07-30 00:51:22.418 | INFO | FUTU_US | [DB CHECKPOINT] FUTU_US @ 26500
2026-07-30 00:51:22.663 | INFO | FUTU_US | [DB CHECKPOINT] FUTU_US @ 26600
2026-07-30 00:51:22.812 | INFO | FUTU_US | [DB CHECKPOINT] FUTU_US @ 26700
2026-07-30 00:51:22.968 | INFO | FUTU_US | [DB CHECKPOINT] FUTU_US @ 26800
2026-07-30 00:51:23.459 | INFO | FUTU_US | [DB CHECKPOINT] FUTU_US @ 26900
2026-07-30 00:51:23.659 | INFO | FUTU_US | [DB CHECKPOINT] FUTU_US @ 27000
2026-07-30 00:51:24.037 | INFO | FUTU_US | [DB CHECKPOINT] FUTU_US @ 27100
2026-07-30 00:51:24.305 | INFO | FUTU_US | [DB CHECKPOINT] FUTU_US @ 27200
2026-07-30 00:51:24.584 | INFO | FUTU_US | [DB CHECKPOINT] FUTU_US @ 27300
2026-07-30 00:51:24.850 | INFO | FUTU_US | [DB CHECKPOINT] FUTU_US @ 27400
2026-07-30 00:51:25.120 | INFO | FUTU_US | [DB CHECKPOINT] FUTU_US @ 27500
2026-07-30 00:51:25.393 | INFO | FUTU_US | [DB CHECKPOINT] FUTU_US @ 27600
2026-07-30 00:51:25.726 | INFO | FUTU_US | [DB CHECKPOINT] FUTU_US @ 27700
2026-07-30 00:51:26.063 | INFO | FUTU_US | [DB CHECKPOINT] FUTU_US @ 27800
2026-07-30 00:51:26.330 | INFO | FUTU_US | [DB CHECKPOINT] FUTU_US @ 27900
2026-07-30 00:51:26.547 | INFO | FUTU_US | [DB CHECKPOINT] FUTU_US @ 28000
2026-07-30 00:51:26.836 | INFO | FUTU_US | [DB CHECKPOINT] FUTU_US @ 28100
2026-07-30 00:51:27.209 | INFO | FUTU_US | [DB CHECKPOINT] FUTU_US @ 28200
2026-07-30 00:51:27.432 | INFO | FUTU_US | [DB CHECKPOINT] FUTU_US @ 28300
2026-07-30 00:51:27.769 | INFO | FUTU_HK | [FUTU_HK] 账户: 总资产=$823,936.69 现金=$635,296.69 证券=$188,640.00 冻结=$0.00 购买力=$635,296.69 (HKD)
2026-07-30 00:51:27.769 | INFO | FUTU_US | [FUTU_US] 账户: 总资产=$9,999,895.31 现金=$9,996,058.01 证券=$3,837.30 冻结=$0.00 购买力=$19,995,953.32 (USD)
2026-07-30 00:51:27.862 | INFO | FUTU_US | [DB CHECKPOINT] FUTU_US @ 28400
2026-07-30 00:51:28.236 | INFO | FUTU_US | [DB CHECKPOINT] FUTU_US @ 28500
2026-07-30 00:51:28.680 | INFO | FUTU_US | [DB CHECKPOINT] FUTU_US @ 28600
2026-07-30 00:51:28.909 | INFO | FUTU_US | [DB CHECKPOINT] FUTU_US @ 28700
2026-07-30 00:51:29.642 | INFO | FUTU_US | [DB CHECKPOINT] FUTU_US @ 28800
2026-07-30 00:51:29.930 | INFO | FUTU_US | [DB CHECKPOINT] FUTU_US @ 28900
2026-07-30 00:51:30.451 | INFO | FUTU_US | [DB CHECKPOINT] FUTU_US @ 29000
2026-07-30 00:51:31.071 | INFO | FUTU_US | [DB CHECKPOINT] FUTU_US @ 29100
2026-07-30 00:51:31.668 | INFO | FUTU_US | [DB CHECKPOINT] FUTU_US @ 29200
2026-07-30 00:51:32.131 | INFO | FUTU_US | [DB CHECKPOINT] FUTU_US @ 29300
2026-07-30 00:51:32.600 | INFO | FUTU_US | [DB CHECKPOINT] FUTU_US @ 29400
2026-07-30 00:51:32.998 | INFO | FUTU_US | [DB CHECKPOINT] FUTU_US @ 29500
2026-07-30 00:51:33.418 | INFO | FUTU_US | [DB CHECKPOINT] FUTU_US @ 29600
2026-07-30 00:51:33.646 | INFO | FUTU_US | [FUTU_US] 账户: 总资产=$9,999,895.31 现金=$9,996,058.01 证券=$3,837.30 冻结=$0.00 购买力=$19,995,953.32 (USD)
2026-07-30 00:51:33.737 | INFO | FUTU_HK | [FUTU_HK] 账户: 总资产=$823,936.69 现金=$635,296.69 证券=$188,640.00 冻结=$0.00 购买力=$635,296.69 (HKD)
2026-07-30 00:51:33.944 | INFO | FUTU_US | [DB CHECKPOINT] FUTU_US @ 29700
2026-07-30 00:51:34.394 | INFO | FUTU_US | [DB CHECKPOINT] FUTU_US @ 29800
2026-07-30 00:51:34.904 | INFO | FUTU_US | [DB CHECKPOINT] FUTU_US @ 29900
2026-07-30 00:51:35.565 | INFO | FUTU_US | [DB CHECKPOINT] FUTU_US @ 30000
2026-07-30 00:51:35.934 | INFO | FUTU_US | [DB CHECKPOINT] FUTU_US @ 30100
2026-07-30 00:51:36.433 | INFO | FUTU_US | [DB CHECKPOINT] FUTU_US @ 30200
2026-07-30 00:51:36.701 | INFO | FUTU_US | [DB CHECKPOINT] FUTU_US @ 30300
2026-07-30 00:51:37.226 | INFO | FUTU_US | [DB CHECKPOINT] FUTU_US @ 30400
2026-07-30 00:51:37.853 | INFO | FUTU_US | [DB CHECKPOINT] FUTU_US @ 30500
2026-07-30 00:51:38.449 | INFO | FUTU_US | [DB CHECKPOINT] FUTU_US @ 30600
2026-07-30 00:51:38.733 | INFO | FUTU_US | [DB CHECKPOINT] FUTU_US @ 30700
2026-07-30 00:51:39.125 | INFO | FUTU_US | [DB CHECKPOINT] FUTU_US @ 30800
2026-07-30 00:51:39.517 | INFO | FUTU_US | [DB CHECKPOINT] FUTU_US @ 30900
2026-07-30 00:51:39.646 | INFO | FUTU_US | [FUTU_US] 账户: 总资产=$9,999,895.31 现金=$9,996,058.01 证券=$3,837.30 冻结=$0.00 购买力=$19,995,953.32 (USD)
2026-07-30 00:51:39.749 | INFO | FUTU_HK | [FUTU_HK] 账户: 总资产=$823,936.69 现金=$635,296.69 证券=$188,640.00 冻结=$0.00 购买力=$635,296.69 (HKD)
2026-07-30 00:51:39.865 | INFO | FUTU_US | [DB CHECKPOINT] FUTU_US @ 31000
2026-07-30 00:51:40.265 | INFO | FUTU_US | [DB CHECKPOINT] FUTU_US @ 31100
2026-07-30 00:51:40.925 | INFO | FUTU_US | [DB CHECKPOINT] FUTU_US @ 31200
2026-07-30 00:51:41.306 | INFO | FUTU_US | [DB CHECKPOINT] FUTU_US @ 31300
2026-07-30 00:51:42.044 | INFO | FUTU_US | [DB CHECKPOINT] FUTU_US @ 31400
2026-07-30 00:51:42.208 | INFO | FUTU_US | [DB CHECKPOINT] FUTU_US @ 31500
2026-07-30 00:51:42.425 | INFO | FUTU_US | [DB CHECKPOINT] FUTU_US @ 31600
2026-07-30 00:51:42.741 | INFO | FUTU_US | [DB CHECKPOINT] FUTU_US @ 31700
2026-07-30 00:51:43.203 | INFO | FUTU_US | [DB CHECKPOINT] FUTU_US @ 31800
2026-07-30 00:51:43.520 | INFO | FUTU_US | [DB CHECKPOINT] FUTU_US @ 31900
2026-07-30 00:51:43.895 | INFO | FUTU_US | [DB CHECKPOINT] FUTU_US @ 32000
2026-07-30 00:51:44.304 | INFO | FUTU_US | [DB CHECKPOINT] FUTU_US @ 32100
2026-07-30 00:57:05.041 | INFO | FUTU_US | [FUTU_US] 行情接口连接成功（含多周期K线+TICKER）
2026-07-30 00:57:05.055 | INFO | FUTU_US | [FUTU_US] 交易接口解锁提示: 请使用OpenD页面右上角解锁按钮解锁交易，GUI版本OpenD已屏蔽解锁接口
2026-07-30 00:57:05.059 | INFO | FUTU_US | [FUTU_US] 账户列表 (共 2 个):
2026-07-30 00:57:05.060 | INFO | FUTU_US |   acc_id=281756478840044880 env=REAL type=MARGIN sim_type=N/A status=ACTIVE
2026-07-30 00:57:05.060 | INFO | FUTU_US |   acc_id=20074546 env=SIMULATE type=MARGIN sim_type=STOCK_AND_OPTION status=ACTIVE
2026-07-30 00:57:05.060 | INFO | FUTU_US | [FUTU_US] ✅ 选中: 美股模拟(股票+期权) acc_id=20074546
2026-07-30 00:57:05.060 | INFO | FUTU_US | [FUTU_US] 交易接口连接成功 (最终 acc_id=20074546)
2026-07-30 00:57:05.061 | INFO | FUTU_US | [FUTU_US] 警告：main_engine 为 None，无法自注册
2026-07-30 00:57:05.092 | INFO | FUTU_US | [FUTU_US] ✅ Tick 落盘监听器已注册 (EVENT_TICK)
2026-07-30 00:57:05.097 | INFO | FUTU_HK | [FUTU_HK] 行情接口连接成功（含多周期K线+TICKER）
2026-07-30 00:57:05.111 | INFO | FUTU_HK | [FUTU_HK] 交易接口解锁提示: 请使用OpenD页面右上角解锁按钮解锁交易，GUI版本OpenD已屏蔽解锁接口
2026-07-30 00:57:05.115 | INFO | FUTU_HK | [FUTU_HK] 账户列表 (共 3 个):
2026-07-30 00:57:05.116 | INFO | FUTU_HK |   acc_id=281756478840044880 env=REAL type=MARGIN sim_type=N/A status=ACTIVE
2026-07-30 00:57:05.117 | INFO | FUTU_HK |   acc_id=19110066 env=SIMULATE type=CASH sim_type=STOCK status=ACTIVE
2026-07-30 00:57:05.118 | INFO | FUTU_HK |   acc_id=19110071 env=SIMULATE type=MARGIN sim_type=OPTION status=ACTIVE
2026-07-30 00:57:05.118 | INFO | FUTU_HK | [FUTU_HK] ⚠️ 降级现金模拟 acc_id=19110066
2026-07-30 00:57:05.118 | INFO | FUTU_HK | [FUTU_HK] 交易接口连接成功 (最终 acc_id=19110066)
2026-07-30 00:57:05.118 | INFO | FUTU_HK | [FUTU_HK] 警告：main_engine 为 None，无法自注册
2026-07-30 00:57:06.006 | INFO | CtaStrategy | CTA策略引擎初始化成功
2026-07-30 00:57:06.155 | INFO | CtaStrategy | CTA策略引擎初始化成功
2026-07-30 00:57:15.451 | INFO | FUTU_HK | [FUTU_HK] 合约查询完成: 21367 个
2026-07-30 00:57:15.458 | INFO | FUTU_HK | [FUTU_HK] 查询成交失败: 模拟交易不支持成交数据
2026-07-30 00:57:15.481 | INFO | FUTU_HK | [FUTU_HK] 调试 accinfo 字段: ['power', 'max_power_short', 'net_cash_power', 'total_assets', 'securities_assets', 'fund_assets', 'bond_assets', 'cash', 'market_val', 'long_mv', 'short_mv', 'pending_asset', 'interest_charged_amount', 'frozen_cash', 'avl_withdrawal_cash', 'max_withdrawal', 'currency', 'available_funds', 'unrealized_pl', 'realized_pl', 'risk_level', 'risk_status', 'initial_margin', 'margin_call_margin', 'maintenance_margin', 'hk_cash', 'hk_avl_withdrawal_cash', 'hkd_net_cash_power', 'hkd_assets', 'us_cash', 'us_avl_withdrawal_cash', 'usd_net_cash_power', 'usd_assets', 'cn_cash', 'cn_avl_withdrawal_cash', 'cnh_net_cash_power', 'cnh_assets', 'jp_cash', 'jp_avl_withdrawal_cash', 'jpy_net_cash_power', 'jpy_assets', 'sg_cash', 'sg_avl_withdrawal_cash', 'sgd_net_cash_power', 'sgd_assets', 'au_cash', 'au_avl_withdrawal_cash', 'aud_net_cash_power', 'aud_assets', 'ca_cash', 'ca_avl_withdrawal_cash', 'cad_net_cash_power', 'cad_assets', 'my_cash', 'my_avl_withdrawal_cash', 'myr_net_cash_power', 'myr_assets', 'is_pdt', 'pdt_seq', 'beginning_dtbp', 'remaining_dtbp', 'dt_call_amount', 'dt_status']
2026-07-30 00:57:15.481 | INFO | FUTU_HK | [FUTU_HK] 账户: 总资产=$823,936.69 现金=$635,296.69 证券=$188,640.00 冻结=$0.00 购买力=$635,296.69 (HKD)
2026-07-30 00:57:17.070 | INFO | FUTU_US | [FUTU_US] 合约查询完成: 20579 个
2026-07-30 00:57:17.076 | INFO | FUTU_US | [FUTU_US] 查询成交失败: 模拟交易不支持成交数据
2026-07-30 00:57:17.098 | INFO | FUTU_US | [FUTU_US] 调试 accinfo 字段: ['power', 'max_power_short', 'net_cash_power', 'total_assets', 'securities_assets', 'fund_assets', 'bond_assets', 'cash', 'market_val', 'long_mv', 'short_mv', 'pending_asset', 'interest_charged_amount', 'frozen_cash', 'avl_withdrawal_cash', 'max_withdrawal', 'currency', 'available_funds', 'unrealized_pl', 'realized_pl', 'risk_level', 'risk_status', 'initial_margin', 'margin_call_margin', 'maintenance_margin', 'hk_cash', 'hk_avl_withdrawal_cash', 'hkd_net_cash_power', 'hkd_assets', 'us_cash', 'us_avl_withdrawal_cash', 'usd_net_cash_power', 'usd_assets', 'cn_cash', 'cn_avl_withdrawal_cash', 'cnh_net_cash_power', 'cnh_assets', 'jp_cash', 'jp_avl_withdrawal_cash', 'jpy_net_cash_power', 'jpy_assets', 'sg_cash', 'sg_avl_withdrawal_cash', 'sgd_net_cash_power', 'sgd_assets', 'au_cash', 'au_avl_withdrawal_cash', 'aud_net_cash_power', 'aud_assets', 'ca_cash', 'ca_avl_withdrawal_cash', 'cad_net_cash_power', 'cad_assets', 'my_cash', 'my_avl_withdrawal_cash', 'myr_net_cash_power', 'myr_assets', 'is_pdt', 'pdt_seq', 'beginning_dtbp', 'remaining_dtbp', 'dt_call_amount', 'dt_status']
2026-07-30 00:57:17.098 | INFO | FUTU_US | [FUTU_US] 账户: 总资产=$9,999,895.21 现金=$9,996,058.01 证券=$3,837.20 冻结=$0.00 购买力=$19,995,953.22 (USD)
2026-07-30 00:57:18.081 | INFO | FUTU_HK | [FUTU_HK] 账户: 总资产=$823,936.69 现金=$635,296.69 证券=$188,640.00 冻结=$0.00 购买力=$635,296.69 (HKD)
2026-07-30 00:57:18.761 | INFO | CtaStrategy | 策略TrendStrategy_AAPL_SMART移除成功
2026-07-30 00:57:19.267 | INFO | CtaStrategy | [TrendStrategy_AAPL_SMART]  AI参数已加载: ['trend_window', 'entry_atr', 'fixed_size', 'stop_loss_atr']
2026-07-30 00:57:19.268 | INFO | CtaStrategy | [TrendStrategy_AAPL_SMART]  [INIT] TrendStrategy_AAPL_SMART | AAPL.SMART | US=True HK=False v1
2026-07-30 00:57:19.272 | INFO | CtaStrategy | TrendStrategy_AAPL_SMART开始执行初始化
2026-07-30 00:57:19.272 | INFO | CtaStrategy | [TrendStrategy_AAPL_SMART]  ✅ TrendStrategy_AAPL_SMART 初始化完成 (v1)
2026-07-30 00:57:19.273 | INFO | CtaStrategy | [TrendStrategy_AAPL_SMART]  趋势策略初始化 | 快线=10 慢线=30 ADX=20
2026-07-30 00:57:19.273 | INFO | MainEngine | 订阅行情 -> FUTU_US：SubscribeRequest(symbol='AAPL', exchange=<Exchange.SMART: 'SMART'>)
2026-07-30 00:57:19.273 | INFO | FUTU_US | [FUTU_US] 订阅参数: US.AAPL session=ALL
2026-07-30 00:57:19.274 | INFO | CtaStrategy | 策略TrendStrategy_AAPL_SMART启动失败，请先初始化
2026-07-30 00:57:19.278 | INFO | CtaStrategy | 策略TrendStrategy_AMD_SMART移除成功
2026-07-30 00:57:19.373 | INFO | FUTU_US | [FUTU_US] ✅ 全套订阅成功: US.AAPL
2026-07-30 00:57:19.373 | INFO | CtaStrategy | TrendStrategy_AAPL_SMART初始化完成
2026-07-30 00:57:19.782 | INFO | CtaStrategy | [TrendStrategy_AMD_SMART]  AI参数已加载: ['trend_window', 'entry_atr', 'fixed_size', 'stop_loss_atr']
2026-07-30 00:57:19.783 | INFO | CtaStrategy | [TrendStrategy_AMD_SMART]  [INIT] TrendStrategy_AMD_SMART | AMD.SMART | US=True HK=False v1
2026-07-30 00:57:19.786 | INFO | CtaStrategy | 策略TrendStrategy_AMD_SMART启动失败，请先初始化
2026-07-30 00:57:19.786 | INFO | CtaStrategy | TrendStrategy_AMD_SMART开始执行初始化
2026-07-30 00:57:19.787 | INFO | CtaStrategy | [TrendStrategy_AMD_SMART]  ✅ TrendStrategy_AMD_SMART 初始化完成 (v1)
2026-07-30 00:57:19.787 | INFO | CtaStrategy | [TrendStrategy_AMD_SMART]  趋势策略初始化 | 快线=10 慢线=30 ADX=20
2026-07-30 00:57:19.787 | INFO | MainEngine | 订阅行情 -> FUTU_US：SubscribeRequest(symbol='AMD', exchange=<Exchange.SMART: 'SMART'>)
2026-07-30 00:57:19.788 | INFO | FUTU_US | [FUTU_US] 订阅参数: US.AMD session=ALL
2026-07-30 00:57:19.792 | INFO | CtaStrategy | 策略TrendStrategy_AMZN_SMART移除成功
2026-07-30 00:57:19.995 | INFO | FUTU_US | [FUTU_US] 账户: 总资产=$9,999,895.21 现金=$9,996,058.01 证券=$3,837.20 冻结=$0.00 购买力=$19,995,953.22 (USD)
2026-07-30 00:57:20.055 | INFO | FUTU_US | [FUTU_US] ✅ 全套订阅成功: US.AMD
2026-07-30 00:57:20.056 | INFO | CtaStrategy | TrendStrategy_AMD_SMART初始化完成
2026-07-30 00:57:20.296 | INFO | CtaStrategy | [TrendStrategy_AMZN_SMART]  AI参数已加载: ['trend_window', 'entry_atr', 'fixed_size', 'stop_loss_atr']
2026-07-30 00:57:20.297 | INFO | CtaStrategy | [TrendStrategy_AMZN_SMART]  [INIT] TrendStrategy_AMZN_SMART | AMZN.SMART | US=True HK=False v1
2026-07-30 00:57:20.299 | INFO | CtaStrategy | 策略TrendStrategy_AMZN_SMART启动失败，请先初始化
2026-07-30 00:57:20.300 | INFO | CtaStrategy | TrendStrategy_AMZN_SMART开始执行初始化
2026-07-30 00:57:20.301 | INFO | CtaStrategy | [TrendStrategy_AMZN_SMART]  ✅ TrendStrategy_AMZN_SMART 初始化完成 (v1)
2026-07-30 00:57:20.301 | INFO | CtaStrategy | [TrendStrategy_AMZN_SMART]  趋势策略初始化 | 快线=10 慢线=30 ADX=20
2026-07-30 00:57:20.302 | INFO | MainEngine | 订阅行情 -> FUTU_US：SubscribeRequest(symbol='AMZN', exchange=<Exchange.SMART: 'SMART'>)
2026-07-30 00:57:20.302 | INFO | FUTU_US | [FUTU_US] 订阅参数: US.AMZN session=ALL
2026-07-30 00:57:20.305 | INFO | CtaStrategy | 策略TrendStrategy_BABA_SMART移除成功
2026-07-30 00:57:20.348 | INFO | FUTU_US | [FUTU_US] ✅ 全套订阅成功: US.AMZN
2026-07-30 00:57:20.352 | INFO | CtaStrategy | TrendStrategy_AMZN_SMART初始化完成
2026-07-30 00:57:20.811 | INFO | CtaStrategy | [TrendStrategy_BABA_SMART]  AI参数已加载: ['trend_window', 'entry_atr', 'fixed_size', 'stop_loss_atr']
2026-07-30 00:57:20.812 | INFO | CtaStrategy | [TrendStrategy_BABA_SMART]  [INIT] TrendStrategy_BABA_SMART | BABA.SMART | US=True HK=False v1
2026-07-30 00:57:20.814 | INFO | CtaStrategy | 策略TrendStrategy_BABA_SMART启动失败，请先初始化
2026-07-30 00:57:20.814 | INFO | CtaStrategy | TrendStrategy_BABA_SMART开始执行初始化
2026-07-30 00:57:20.815 | INFO | CtaStrategy | [TrendStrategy_BABA_SMART]  ✅ TrendStrategy_BABA_SMART 初始化完成 (v1)
2026-07-30 00:57:20.815 | INFO | CtaStrategy | [TrendStrategy_BABA_SMART]  趋势策略初始化 | 快线=10 慢线=30 ADX=20
2026-07-30 00:57:20.815 | INFO | MainEngine | 订阅行情 -> FUTU_US：SubscribeRequest(symbol='BABA', exchange=<Exchange.SMART: 'SMART'>)
2026-07-30 00:57:20.816 | INFO | FUTU_US | [FUTU_US] 订阅参数: US.BABA session=ALL
2026-07-30 00:57:20.818 | INFO | CtaStrategy | 策略TrendStrategy_GOOGL_SMART移除成功
2026-07-30 00:57:20.854 | INFO | FUTU_US | [FUTU_US] ✅ 全套订阅成功: US.BABA
2026-07-30 00:57:20.854 | INFO | CtaStrategy | TrendStrategy_BABA_SMART初始化完成
2026-07-30 00:57:20.894 | INFO | FUTU_US | [DB CHECKPOINT] FUTU_US @ 100
2026-07-30 00:57:21.290 | INFO | FUTU_US | [DB CHECKPOINT] FUTU_US @ 200
2026-07-30 00:57:21.324 | INFO | CtaStrategy | [TrendStrategy_GOOGL_SMART]  AI参数已加载: ['trend_window', 'entry_atr', 'fixed_size', 'stop_loss_atr']
2026-07-30 00:57:21.325 | INFO | CtaStrategy | [TrendStrategy_GOOGL_SMART]  [INIT] TrendStrategy_GOOGL_SMART | GOOGL.SMART | US=True HK=False v1
2026-07-30 00:57:21.328 | INFO | CtaStrategy | 策略TrendStrategy_GOOGL_SMART启动失败，请先初始化
2026-07-30 00:57:21.329 | INFO | CtaStrategy | TrendStrategy_GOOGL_SMART开始执行初始化
2026-07-30 00:57:21.329 | INFO | CtaStrategy | [TrendStrategy_GOOGL_SMART]  ✅ TrendStrategy_GOOGL_SMART 初始化完成 (v1)
2026-07-30 00:57:21.329 | INFO | CtaStrategy | [TrendStrategy_GOOGL_SMART]  趋势策略初始化 | 快线=10 慢线=30 ADX=20
2026-07-30 00:57:21.329 | INFO | MainEngine | 订阅行情 -> FUTU_US：SubscribeRequest(symbol='GOOGL', exchange=<Exchange.SMART: 'SMART'>)
2026-07-30 00:57:21.330 | INFO | FUTU_US | [FUTU_US] 订阅参数: US.GOOGL session=ALL
2026-07-30 00:57:21.335 | INFO | CtaStrategy | 策略TrendStrategy_META_SMART移除成功
2026-07-30 00:57:21.398 | INFO | FUTU_US | [FUTU_US] ✅ 全套订阅成功: US.GOOGL
2026-07-30 00:57:21.399 | INFO | CtaStrategy | TrendStrategy_GOOGL_SMART初始化完成
2026-07-30 00:57:21.434 | INFO | FUTU_US | [DB CHECKPOINT] FUTU_US @ 300
2026-07-30 00:57:21.461 | INFO | FUTU_US | [DB CHECKPOINT] FUTU_US @ 400
2026-07-30 00:57:21.489 | INFO | FUTU_US | [DB CHECKPOINT] FUTU_US @ 500
2026-07-30 00:57:21.855 | INFO | CtaStrategy | [TrendStrategy_META_SMART]  AI参数已加载: ['trend_window', 'entry_atr', 'fixed_size', 'stop_loss_atr']
2026-07-30 00:57:21.855 | INFO | CtaStrategy | [TrendStrategy_META_SMART]  [INIT] TrendStrategy_META_SMART | META.SMART | US=True HK=False v1
2026-07-30 00:57:21.856 | INFO | CtaStrategy | 策略TrendStrategy_META_SMART启动失败，请先初始化
2026-07-30 00:57:21.856 | INFO | CtaStrategy | TrendStrategy_META_SMART开始执行初始化
2026-07-30 00:57:21.856 | INFO | CtaStrategy | [TrendStrategy_META_SMART]  ✅ TrendStrategy_META_SMART 初始化完成 (v1)
2026-07-30 00:57:21.856 | INFO | CtaStrategy | [TrendStrategy_META_SMART]  趋势策略初始化 | 快线=10 慢线=30 ADX=20
2026-07-30 00:57:21.857 | INFO | MainEngine | 订阅行情 -> FUTU_US：SubscribeRequest(symbol='META', exchange=<Exchange.SMART: 'SMART'>)
2026-07-30 00:57:21.857 | INFO | FUTU_US | [FUTU_US] 订阅参数: US.META session=ALL
2026-07-30 00:57:21.857 | INFO | FUTU_US | [DB CHECKPOINT] FUTU_US @ 600
2026-07-30 00:57:21.863 | INFO | CtaStrategy | 策略TrendStrategy_MSFT_SMART移除成功
2026-07-30 00:57:21.905 | INFO | FUTU_US | [FUTU_US] ✅ 全套订阅成功: US.META
2026-07-30 00:57:21.907 | INFO | CtaStrategy | TrendStrategy_META_SMART初始化完成
2026-07-30 00:57:22.359 | INFO | CtaStrategy | [TrendStrategy_MSFT_SMART]  AI参数已加载: ['trend_window', 'entry_atr', 'fixed_size', 'stop_loss_atr']
2026-07-30 00:57:22.360 | INFO | CtaStrategy | [TrendStrategy_MSFT_SMART]  [INIT] TrendStrategy_MSFT_SMART | MSFT.SMART | US=True HK=False v1
2026-07-30 00:57:22.362 | INFO | CtaStrategy | 策略TrendStrategy_MSFT_SMART启动失败，请先初始化
2026-07-30 00:57:22.363 | INFO | CtaStrategy | TrendStrategy_MSFT_SMART开始执行初始化
2026-07-30 00:57:22.363 | INFO | CtaStrategy | [TrendStrategy_MSFT_SMART]  ✅ TrendStrategy_MSFT_SMART 初始化完成 (v1)
2026-07-30 00:57:22.363 | INFO | CtaStrategy | [TrendStrategy_MSFT_SMART]  趋势策略初始化 | 快线=10 慢线=30 ADX=20
2026-07-30 00:57:22.363 | INFO | MainEngine | 订阅行情 -> FUTU_US：SubscribeRequest(symbol='MSFT', exchange=<Exchange.SMART: 'SMART'>)
2026-07-30 00:57:22.364 | INFO | FUTU_US | [FUTU_US] 订阅参数: US.MSFT session=ALL
2026-07-30 00:57:22.367 | INFO | CtaStrategy | 策略TrendStrategy_NFLX_SMART移除成功
2026-07-30 00:57:22.422 | INFO | FUTU_US | [FUTU_US] ✅ 全套订阅成功: US.MSFT
2026-07-30 00:57:22.423 | INFO | CtaStrategy | TrendStrategy_MSFT_SMART初始化完成
2026-07-30 00:57:22.457 | INFO | FUTU_US | [DB CHECKPOINT] FUTU_US @ 700
2026-07-30 00:57:22.875 | INFO | CtaStrategy | [TrendStrategy_NFLX_SMART]  AI参数已加载: ['trend_window', 'entry_atr', 'fixed_size', 'stop_loss_atr']
2026-07-30 00:57:22.875 | INFO | CtaStrategy | [TrendStrategy_NFLX_SMART]  [INIT] TrendStrategy_NFLX_SMART | NFLX.SMART | US=True HK=False v1
2026-07-30 00:57:22.877 | INFO | CtaStrategy | 策略TrendStrategy_NFLX_SMART启动失败，请先初始化
2026-07-30 00:57:22.878 | INFO | CtaStrategy | TrendStrategy_NFLX_SMART开始执行初始化
2026-07-30 00:57:22.878 | INFO | CtaStrategy | [TrendStrategy_NFLX_SMART]  ✅ TrendStrategy_NFLX_SMART 初始化完成 (v1)
2026-07-30 00:57:22.878 | INFO | CtaStrategy | [TrendStrategy_NFLX_SMART]  趋势策略初始化 | 快线=10 慢线=30 ADX=20
2026-07-30 00:57:22.879 | INFO | MainEngine | 订阅行情 -> FUTU_US：SubscribeRequest(symbol='NFLX', exchange=<Exchange.SMART: 'SMART'>)
2026-07-30 00:57:22.879 | INFO | FUTU_US | [FUTU_US] 订阅参数: US.NFLX session=ALL
2026-07-30 00:57:22.882 | INFO | CtaStrategy | 策略TrendStrategy_NVDA_SMART移除成功
2026-07-30 00:57:22.907 | INFO | FUTU_US | [DB CHECKPOINT] FUTU_US @ 800
2026-07-30 00:57:22.922 | INFO | FUTU_US | [FUTU_US] ✅ 全套订阅成功: US.NFLX
2026-07-30 00:57:22.922 | INFO | CtaStrategy | TrendStrategy_NFLX_SMART初始化完成
2026-07-30 00:57:23.106 | INFO | FUTU_US | [DB CHECKPOINT] FUTU_US @ 900
2026-07-30 00:57:23.385 | INFO | CtaStrategy | [TrendStrategy_NVDA_SMART]  AI参数已加载: ['trend_window', 'entry_atr', 'fixed_size', 'stop_loss_atr']
2026-07-30 00:57:23.386 | INFO | CtaStrategy | [TrendStrategy_NVDA_SMART]  [INIT] TrendStrategy_NVDA_SMART | NVDA.SMART | US=True HK=False v1
2026-07-30 00:57:23.388 | INFO | CtaStrategy | 策略TrendStrategy_NVDA_SMART启动失败，请先初始化
2026-07-30 00:57:23.389 | INFO | CtaStrategy | TrendStrategy_NVDA_SMART开始执行初始化
2026-07-30 00:57:23.389 | INFO | CtaStrategy | [TrendStrategy_NVDA_SMART]  ✅ TrendStrategy_NVDA_SMART 初始化完成 (v1)
2026-07-30 00:57:23.390 | INFO | CtaStrategy | [TrendStrategy_NVDA_SMART]  趋势策略初始化 | 快线=10 慢线=30 ADX=20
2026-07-30 00:57:23.390 | INFO | MainEngine | 订阅行情 -> FUTU_US：SubscribeRequest(symbol='NVDA', exchange=<Exchange.SMART: 'SMART'>)
2026-07-30 00:57:23.390 | INFO | FUTU_US | [FUTU_US] 订阅参数: US.NVDA session=ALL
2026-07-30 00:57:23.394 | INFO | CtaStrategy | 策略TrendStrategy_TSLA_SMART移除成功
2026-07-30 00:57:23.439 | INFO | FUTU_US | [FUTU_US] ✅ 全套订阅成功: US.NVDA
2026-07-30 00:57:23.442 | INFO | CtaStrategy | TrendStrategy_NVDA_SMART初始化完成
2026-07-30 00:57:23.461 | INFO | FUTU_US | [DB CHECKPOINT] FUTU_US @ 1000
2026-07-30 00:57:23.746 | INFO | FUTU_US | [DB CHECKPOINT] FUTU_US @ 1100
2026-07-30 00:57:23.913 | INFO | CtaStrategy | [TrendStrategy_TSLA_SMART]  AI参数已加载: ['trend_window', 'entry_atr', 'fixed_size', 'stop_loss_atr']
2026-07-30 00:57:23.914 | INFO | CtaStrategy | [TrendStrategy_TSLA_SMART]  [INIT] TrendStrategy_TSLA_SMART | TSLA.SMART | US=True HK=False v1
2026-07-30 00:57:23.916 | INFO | CtaStrategy | 策略TrendStrategy_TSLA_SMART启动失败，请先初始化
2026-07-30 00:57:23.917 | INFO | CtaStrategy | TrendStrategy_TSLA_SMART开始执行初始化
2026-07-30 00:57:23.917 | INFO | CtaStrategy | [TrendStrategy_TSLA_SMART]  ✅ TrendStrategy_TSLA_SMART 初始化完成 (v1)
2026-07-30 00:57:23.917 | INFO | CtaStrategy | [TrendStrategy_TSLA_SMART]  趋势策略初始化 | 快线=10 慢线=30 ADX=20
2026-07-30 00:57:23.917 | INFO | MainEngine | 订阅行情 -> FUTU_US：SubscribeRequest(symbol='TSLA', exchange=<Exchange.SMART: 'SMART'>)
2026-07-30 00:57:23.918 | INFO | FUTU_US | [FUTU_US] 订阅参数: US.TSLA session=ALL
2026-07-30 00:57:23.974 | INFO | FUTU_US | [FUTU_US] ✅ 全套订阅成功: US.TSLA
2026-07-30 00:57:23.978 | INFO | CtaStrategy | TrendStrategy_TSLA_SMART初始化完成
2026-07-30 00:57:24.010 | INFO | FUTU_US | [DB CHECKPOINT] FUTU_US @ 1200
2026-07-30 00:57:24.087 | INFO | FUTU_HK | [FUTU_HK] 账户: 总资产=$823,936.69 现金=$635,296.69 证券=$188,640.00 冻结=$0.00 购买力=$635,296.69 (HKD)
2026-07-30 00:57:24.286 | INFO | FUTU_US | [DB CHECKPOINT] FUTU_US @ 1300
2026-07-30 00:57:24.537 | INFO | FUTU_US | [DB CHECKPOINT] FUTU_US @ 1400
2026-07-30 00:57:24.739 | INFO | FUTU_US | [DB CHECKPOINT] FUTU_US @ 1500
2026-07-30 00:57:25.020 | INFO | FUTU_US | [DB CHECKPOINT] FUTU_US @ 1600
2026-07-30 00:57:25.214 | INFO | FUTU_US | [DB CHECKPOINT] FUTU_US @ 1700
2026-07-30 00:57:25.496 | INFO | FUTU_US | [DB CHECKPOINT] FUTU_US @ 1800
2026-07-30 00:57:25.745 | INFO | FUTU_US | [DB CHECKPOINT] FUTU_US @ 1900
2026-07-30 00:57:25.914 | INFO | FUTU_US | [DB CHECKPOINT] FUTU_US @ 2000
2026-07-30 00:57:25.947 | INFO | FUTU_US | [DB CHECKPOINT] FUTU_US @ 2100
2026-07-30 00:57:26.014 | INFO | FUTU_US | [FUTU_US] 账户: 总资产=$9,999,895.21 现金=$9,996,058.01 证券=$3,837.20 冻结=$0.00 购买力=$19,995,953.22 (USD)
2026-07-30 00:57:26.100 | INFO | FUTU_US | [DB CHECKPOINT] FUTU_US @ 2200
2026-07-30 00:57:26.153 | INFO | FUTU_US | [DB CHECKPOINT] FUTU_US @ 2300
2026-07-30 00:57:26.228 | INFO | FUTU_US | [DB CHECKPOINT] FUTU_US @ 2400
2026-07-30 00:57:26.350 | INFO | FUTU_US | [DB CHECKPOINT] FUTU_US @ 2500
2026-07-30 00:57:26.563 | INFO | FUTU_US | [DB CHECKPOINT] FUTU_US @ 2600
2026-07-30 00:57:27.148 | INFO | FUTU_US | [DB CHECKPOINT] FUTU_US @ 2700
2026-07-30 00:57:27.265 | INFO | FUTU_US | [DB CHECKPOINT] FUTU_US @ 2800
2026-07-30 00:57:27.392 | INFO | FUTU_US | [DB CHECKPOINT] FUTU_US @ 2900
2026-07-30 00:57:27.484 | INFO | FUTU_US | [DB CHECKPOINT] FUTU_US @ 3000
2026-07-30 00:57:27.579 | INFO | FUTU_US | [DB CHECKPOINT] FUTU_US @ 3100
2026-07-30 00:57:27.655 | INFO | FUTU_US | [DB CHECKPOINT] FUTU_US @ 3200
2026-07-30 00:57:27.760 | INFO | FUTU_US | [DB CHECKPOINT] FUTU_US @ 3300
2026-07-30 00:57:28.005 | INFO | FUTU_US | [DB CHECKPOINT] FUTU_US @ 3400
2026-07-30 00:57:28.212 | INFO | FUTU_US | [DB CHECKPOINT] FUTU_US @ 3500
2026-07-30 00:57:28.495 | INFO | FUTU_US | [DB CHECKPOINT] FUTU_US @ 3600
2026-07-30 00:57:28.648 | INFO | FUTU_US | [DB CHECKPOINT] FUTU_US @ 3700
2026-07-30 00:57:28.732 | INFO | FUTU_US | [DB CHECKPOINT] FUTU_US @ 3800
2026-07-30 00:57:28.855 | INFO | FUTU_US | [DB CHECKPOINT] FUTU_US @ 3900
2026-07-30 00:57:29.120 | INFO | FUTU_US | [DB CHECKPOINT] FUTU_US @ 4000
2026-07-30 00:57:29.407 | INFO | FUTU_US | [DB CHECKPOINT] FUTU_US @ 4100
2026-07-30 00:57:29.703 | INFO | FUTU_US | [DB CHECKPOINT] FUTU_US @ 4200
2026-07-30 00:57:29.873 | INFO | FUTU_US | [DB CHECKPOINT] FUTU_US @ 4300
2026-07-30 00:57:30.095 | INFO | FUTU_US | [DB CHECKPOINT] FUTU_US @ 4400
2026-07-30 00:57:30.106 | INFO | FUTU_HK | [FUTU_HK] 账户: 总资产=$823,936.69 现金=$635,296.69 证券=$188,640.00 冻结=$0.00 购买力=$635,296.69 (HKD)
2026-07-30 00:57:30.302 | INFO | FUTU_US | [DB CHECKPOINT] FUTU_US @ 4500
2026-07-30 00:57:30.575 | INFO | FUTU_US | [DB CHECKPOINT] FUTU_US @ 4600
2026-07-30 00:57:30.767 | INFO | FUTU_US | [DB CHECKPOINT] FUTU_US @ 4700
2026-07-30 00:57:30.962 | INFO | FUTU_US | [DB CHECKPOINT] FUTU_US @ 4800
2026-07-30 00:57:31.224 | INFO | FUTU_US | [DB CHECKPOINT] FUTU_US @ 4900
2026-07-30 00:57:31.961 | INFO | FUTU_US | [DB CHECKPOINT] FUTU_US @ 5000
2026-07-30 00:57:32.021 | INFO | FUTU_US | [FUTU_US] 账户: 总资产=$9,999,896.21 现金=$9,996,058.01 证券=$3,838.20 冻结=$0.00 购买力=$19,995,954.22 (USD)
2026-07-30 00:57:32.118 | INFO | FUTU_US | [DB CHECKPOINT] FUTU_US @ 5100
2026-07-30 00:57:32.204 | INFO | FUTU_US | [DB CHECKPOINT] FUTU_US @ 5200
2026-07-30 00:57:32.296 | INFO | FUTU_US | [DB CHECKPOINT] FUTU_US @ 5300
2026-07-30 00:57:32.434 | INFO | FUTU_US | [DB CHECKPOINT] FUTU_US @ 5400
2026-07-30 00:57:32.725 | INFO | FUTU_US | [DB CHECKPOINT] FUTU_US @ 5500
2026-07-30 00:57:33.019 | INFO | FUTU_US | [DB CHECKPOINT] FUTU_US @ 5600
2026-07-30 00:57:33.196 | INFO | FUTU_US | [DB CHECKPOINT] FUTU_US @ 5700
2026-07-30 00:57:33.316 | INFO | FUTU_US | [DB CHECKPOINT] FUTU_US @ 5800
2026-07-30 00:57:33.561 | INFO | FUTU_US | [DB CHECKPOINT] FUTU_US @ 5900
2026-07-30 00:57:33.933 | INFO | FUTU_US | [DB CHECKPOINT] FUTU_US @ 6000
2026-07-30 00:57:34.256 | INFO | FUTU_US | [DB CHECKPOINT] FUTU_US @ 6100
2026-07-30 00:57:34.576 | INFO | FUTU_US | [DB CHECKPOINT] FUTU_US @ 6200
2026-07-30 00:57:34.874 | INFO | FUTU_US | [DB CHECKPOINT] FUTU_US @ 6300
2026-07-30 00:57:35.097 | INFO | FUTU_US | [DB CHECKPOINT] FUTU_US @ 6400
2026-07-30 00:57:35.422 | INFO | FUTU_US | [DB CHECKPOINT] FUTU_US @ 6500
2026-07-30 00:57:35.563 | INFO | FUTU_US | [DB CHECKPOINT] FUTU_US @ 6600
2026-07-30 00:57:35.743 | INFO | FUTU_US | [DB CHECKPOINT] FUTU_US @ 6700
2026-07-30 00:57:35.888 | INFO | FUTU_US | [DB CHECKPOINT] FUTU_US @ 6800
2026-07-30 00:57:35.998 | INFO | FUTU_US | [DB CHECKPOINT] FUTU_US @ 6900
2026-07-30 00:57:36.114 | INFO | FUTU_HK | [FUTU_HK] 账户: 总资产=$823,936.69 现金=$635,296.69 证券=$188,640.00 冻结=$0.00 购买力=$635,296.69 (HKD)
2026-07-30 00:57:36.271 | INFO | FUTU_US | [DB CHECKPOINT] FUTU_US @ 7000
2026-07-30 00:57:36.596 | INFO | FUTU_US | [DB CHECKPOINT] FUTU_US @ 7100
2026-07-30 00:57:36.895 | INFO | FUTU_US | [DB CHECKPOINT] FUTU_US @ 7200
2026-07-30 00:57:37.319 | INFO | FUTU_US | [DB CHECKPOINT] FUTU_US @ 7300
2026-07-30 00:57:37.439 | INFO | FUTU_US | [DB CHECKPOINT] FUTU_US @ 7400
2026-07-30 00:57:37.655 | INFO | FUTU_US | [DB CHECKPOINT] FUTU_US @ 7500
2026-07-30 00:57:37.902 | INFO | FUTU_US | [DB CHECKPOINT] FUTU_US @ 7600
2026-07-30 00:57:38.010 | INFO | FUTU_US | [FUTU_US] 账户: 总资产=$9,999,896.21 现金=$9,996,058.01 证券=$3,838.20 冻结=$0.00 购买力=$19,995,954.22 (USD)
2026-07-30 00:57:38.281 | INFO | FUTU_US | [DB CHECKPOINT] FUTU_US @ 7700
2026-07-30 00:57:38.410 | INFO | FUTU_US | [DB CHECKPOINT] FUTU_US @ 7800
2026-07-30 00:57:38.706 | INFO | FUTU_US | [DB CHECKPOINT] FUTU_US @ 7900
2026-07-30 00:57:38.955 | INFO | FUTU_US | [DB CHECKPOINT] FUTU_US @ 8000
2026-07-30 00:57:39.312 | INFO | FUTU_US | [DB CHECKPOINT] FUTU_US @ 8100
2026-07-30 00:57:39.595 | INFO | FUTU_US | [DB CHECKPOINT] FUTU_US @ 8200
2026-07-30 00:57:39.757 | INFO | FUTU_US | [DB CHECKPOINT] FUTU_US @ 8300
2026-07-30 00:57:40.068 | INFO | FUTU_US | [DB CHECKPOINT] FUTU_US @ 8400
2026-07-30 00:57:41.750 | INFO | FUTU_US | [DB CHECKPOINT] FUTU_US @ 8500
2026-07-30 00:57:42.049 | INFO | FUTU_US | [DB CHECKPOINT] FUTU_US @ 8600
2026-07-30 00:57:42.126 | INFO | FUTU_HK | [FUTU_HK] 账户: 总资产=$823,936.69 现金=$635,296.69 证券=$188,640.00 冻结=$0.00 购买力=$635,296.69 (HKD)
2026-07-30 00:57:42.327 | INFO | FUTU_US | [DB CHECKPOINT] FUTU_US @ 8700
2026-07-30 00:57:42.474 | INFO | FUTU_US | [DB CHECKPOINT] FUTU_US @ 8800
2026-07-30 00:57:42.742 | INFO | FUTU_US | [DB CHECKPOINT] FUTU_US @ 8900
2026-07-30 00:57:42.960 | INFO | FUTU_US | [DB CHECKPOINT] FUTU_US @ 9000
2026-07-30 00:57:43.291 | INFO | FUTU_US | [DB CHECKPOINT] FUTU_US @ 9100
2026-07-30 00:57:43.868 | INFO | FUTU_US | [DB CHECKPOINT] FUTU_US @ 9200
2026-07-30 00:57:44.083 | INFO | FUTU_US | [FUTU_US] 账户: 总资产=$9,999,896.21 现金=$9,996,058.01 证券=$3,838.20 冻结=$0.00 购买力=$19,995,954.22 (USD)
2026-07-30 00:57:44.208 | INFO | FUTU_US | [DB CHECKPOINT] FUTU_US @ 9300
2026-07-30 00:57:44.578 | INFO | FUTU_US | [DB CHECKPOINT] FUTU_US @ 9400
2026-07-30 00:57:44.771 | INFO | FUTU_US | [DB CHECKPOINT] FUTU_US @ 9500
2026-07-30 00:57:45.047 | INFO | FUTU_US | [DB CHECKPOINT] FUTU_US @ 9600
2026-07-30 00:57:45.622 | INFO | FUTU_US | [DB CHECKPOINT] FUTU_US @ 9700
2026-07-30 00:57:45.872 | INFO | FUTU_US | [DB CHECKPOINT] FUTU_US @ 9800
2026-07-30 00:57:46.139 | INFO | FUTU_US | [DB CHECKPOINT] FUTU_US @ 9900
2026-07-30 00:57:46.409 | INFO | FUTU_US | [DB CHECKPOINT] FUTU_US @ 10000
2026-07-30 00:57:46.709 | INFO | FUTU_US | [DB CHECKPOINT] FUTU_US @ 10100
2026-07-30 00:57:47.243 | INFO | FUTU_US | [DB CHECKPOINT] FUTU_US @ 10200
2026-07-30 00:57:47.441 | INFO | FUTU_US | [DB CHECKPOINT] FUTU_US @ 10300
2026-07-30 00:57:47.672 | INFO | FUTU_US | [DB CHECKPOINT] FUTU_US @ 10400
2026-07-30 00:57:47.833 | INFO | FUTU_US | [DB CHECKPOINT] FUTU_US @ 10500
2026-07-30 00:57:48.038 | INFO | FUTU_US | [DB CHECKPOINT] FUTU_US @ 10600
2026-07-30 00:57:48.133 | INFO | FUTU_HK | [FUTU_HK] 账户: 总资产=$823,936.69 现金=$635,296.69 证券=$188,640.00 冻结=$0.00 购买力=$635,296.69 (HKD)
2026-07-30 00:57:48.136 | INFO | FUTU_US | [DB CHECKPOINT] FUTU_US @ 10700
2026-07-30 00:57:48.231 | INFO | FUTU_US | [DB CHECKPOINT] FUTU_US @ 10800
2026-07-30 00:57:48.386 | INFO | FUTU_US | [DB CHECKPOINT] FUTU_US @ 10900
2026-07-30 00:57:48.492 | INFO | FUTU_US | [DB CHECKPOINT] FUTU_US @ 11000
2026-07-30 00:57:48.827 | INFO | FUTU_US | [DB CHECKPOINT] FUTU_US @ 11100
2026-07-30 00:57:49.000 | INFO | FUTU_US | [DB CHECKPOINT] FUTU_US @ 11200
2026-07-30 00:57:49.397 | INFO | FUTU_US | [DB CHECKPOINT] FUTU_US @ 11300
2026-07-30 00:57:49.685 | INFO | FUTU_US | [DB CHECKPOINT] FUTU_US @ 11400
2026-07-30 00:57:49.951 | INFO | FUTU_US | [DB CHECKPOINT] FUTU_US @ 11500
2026-07-30 00:57:50.054 | INFO | FUTU_US | [FUTU_US] 账户: 总资产=$9,999,896.21 现金=$9,996,058.01 证券=$3,838.20 冻结=$0.00 购买力=$19,995,954.22 (USD)
2026-07-30 00:57:50.170 | INFO | FUTU_US | [DB CHECKPOINT] FUTU_US @ 11600
2026-07-30 00:57:50.272 | INFO | FUTU_US | [DB CHECKPOINT] FUTU_US @ 11700
2026-07-30 00:57:50.514 | INFO | FUTU_US | [DB CHECKPOINT] FUTU_US @ 11800
2026-07-30 00:57:50.646 | INFO | FUTU_US | [DB CHECKPOINT] FUTU_US @ 11900
2026-07-30 00:57:50.707 | INFO | FUTU_US | [DB CHECKPOINT] FUTU_US @ 12000
2026-07-30 00:57:50.767 | INFO | FUTU_US | [DB CHECKPOINT] FUTU_US @ 12100
2026-07-30 00:57:50.827 | INFO | FUTU_US | [DB CHECKPOINT] FUTU_US @ 12200
2026-07-30 00:57:50.934 | INFO | FUTU_US | [DB CHECKPOINT] FUTU_US @ 12300
2026-07-30 00:57:51.038 | INFO | FUTU_US | [DB CHECKPOINT] FUTU_US @ 12400
2026-07-30 00:57:51.134 | INFO | FUTU_US | [DB CHECKPOINT] FUTU_US @ 12500
2026-07-30 00:57:51.221 | INFO | FUTU_US | [DB CHECKPOINT] FUTU_US @ 12600
2026-07-30 00:57:51.349 | INFO | FUTU_US | [DB CHECKPOINT] FUTU_US @ 12700
2026-07-30 00:57:51.476 | INFO | FUTU_US | [DB CHECKPOINT] FUTU_US @ 12800
2026-07-30 00:57:51.565 | INFO | FUTU_US | [DB CHECKPOINT] FUTU_US @ 12900
2026-07-30 00:57:51.672 | INFO | FUTU_US | [DB CHECKPOINT] FUTU_US @ 13000
2026-07-30 00:57:51.898 | INFO | FUTU_US | [DB CHECKPOINT] FUTU_US @ 13100
2026-07-30 00:57:51.953 | INFO | FUTU_US | [DB CHECKPOINT] FUTU_US @ 13200
2026-07-30 00:57:52.061 | INFO | FUTU_US | [DB CHECKPOINT] FUTU_US @ 13300
2026-07-30 00:57:52.277 | INFO | FUTU_US | [DB CHECKPOINT] FUTU_US @ 13400
2026-07-30 00:57:52.537 | INFO | FUTU_US | [DB CHECKPOINT] FUTU_US @ 13500
2026-07-30 00:57:52.616 | INFO | FUTU_US | [DB CHECKPOINT] FUTU_US @ 13600
2026-07-30 00:57:52.701 | INFO | FUTU_US | [DB CHECKPOINT] FUTU_US @ 13700
2026-07-30 00:57:52.989 | INFO | FUTU_US | [DB CHECKPOINT] FUTU_US @ 13800
2026-07-30 00:57:53.831 | INFO | FUTU_US | [DB CHECKPOINT] FUTU_US @ 13900
2026-07-30 00:57:54.140 | INFO | FUTU_HK | [FUTU_HK] 账户: 总资产=$823,936.69 现金=$635,296.69 证券=$188,640.00 冻结=$0.00 购买力=$635,296.69 (HKD)
2026-07-30 00:57:54.163 | INFO | FUTU_US | [DB CHECKPOINT] FUTU_US @ 14000
2026-07-30 00:57:54.361 | INFO | FUTU_US | [DB CHECKPOINT] FUTU_US @ 14100
2026-07-30 00:57:54.547 | INFO | FUTU_US | [DB CHECKPOINT] FUTU_US @ 14200
2026-07-30 00:57:54.958 | INFO | FUTU_US | [DB CHECKPOINT] FUTU_US @ 14300
2026-07-30 00:57:55.265 | INFO | FUTU_US | [DB CHECKPOINT] FUTU_US @ 14400
2026-07-30 00:57:55.576 | INFO | FUTU_US | [DB CHECKPOINT] FUTU_US @ 14500
2026-07-30 00:57:55.944 | INFO | FUTU_US | [DB CHECKPOINT] FUTU_US @ 14600
2026-07-30 00:57:56.048 | INFO | FUTU_US | [FUTU_US] 账户: 总资产=$9,999,896.21 现金=$9,996,058.01 证券=$3,838.20 冻结=$0.00 购买力=$19,995,954.22 (USD)
2026-07-30 00:57:56.213 | INFO | FUTU_US | [DB CHECKPOINT] FUTU_US @ 14700
2026-07-30 00:57:56.467 | INFO | FUTU_US | [DB CHECKPOINT] FUTU_US @ 14800
2026-07-30 00:57:56.676 | INFO | FUTU_US | [DB CHECKPOINT] FUTU_US @ 14900
2026-07-30 00:57:57.113 | INFO | FUTU_US | [DB CHECKPOINT] FUTU_US @ 15000
2026-07-30 00:57:57.667 | INFO | FUTU_US | [DB CHECKPOINT] FUTU_US @ 15100
2026-07-30 00:57:57.955 | INFO | FUTU_US | [DB CHECKPOINT] FUTU_US @ 15200
2026-07-30 00:57:58.266 | INFO | FUTU_US | [DB CHECKPOINT] FUTU_US @ 15300
2026-07-30 00:57:58.748 | INFO | FUTU_US | [DB CHECKPOINT] FUTU_US @ 15400
2026-07-30 00:57:59.067 | INFO | FUTU_US | [DB CHECKPOINT] FUTU_US @ 15500
2026-07-30 00:57:59.282 | INFO | FUTU_US | [DB CHECKPOINT] FUTU_US @ 15600
2026-07-30 00:57:59.522 | INFO | FUTU_US | [DB CHECKPOINT] FUTU_US @ 15700
2026-07-30 00:57:59.749 | INFO | FUTU_US | [DB CHECKPOINT] FUTU_US @ 15800
2026-07-30 00:57:59.986 | INFO | FUTU_US | [DB CHECKPOINT] FUTU_US @ 15900
2026-07-30 00:58:00.161 | INFO | FUTU_HK | [FUTU_HK] 账户: 总资产=$823,936.69 现金=$635,296.69 证券=$188,640.00 冻结=$0.00 购买力=$635,296.69 (HKD)
2026-07-30 00:58:00.277 | INFO | FUTU_US | [DB CHECKPOINT] FUTU_US @ 16000
2026-07-30 00:58:00.952 | INFO | FUTU_US | [DB CHECKPOINT] FUTU_US @ 16100
2026-07-30 00:58:01.145 | INFO | FUTU_US | [DB CHECKPOINT] FUTU_US @ 16200
2026-07-30 00:58:01.258 | INFO | FUTU_US | [DB CHECKPOINT] FUTU_US @ 16300
2026-07-30 00:58:01.364 | INFO | FUTU_US | [DB CHECKPOINT] FUTU_US @ 16400
2026-07-30 00:58:01.488 | INFO | FUTU_US | [DB CHECKPOINT] FUTU_US @ 16500
2026-07-30 00:58:01.640 | INFO | FUTU_US | [DB CHECKPOINT] FUTU_US @ 16600
2026-07-30 00:58:01.808 | INFO | FUTU_US | [DB CHECKPOINT] FUTU_US @ 16700
2026-07-30 00:58:01.917 | INFO | FUTU_US | [DB CHECKPOINT] FUTU_US @ 16800
2026-07-30 00:58:01.998 | INFO | FUTU_US | [DB CHECKPOINT] FUTU_US @ 16900
2026-07-30 00:58:02.056 | INFO | FUTU_US | [FUTU_US] 账户: 总资产=$9,999,896.21 现金=$9,996,058.01 证券=$3,838.20 冻结=$0.00 购买力=$19,995,954.22 (USD)
2026-07-30 00:58:02.153 | INFO | FUTU_US | [DB CHECKPOINT] FUTU_US @ 17000
2026-07-30 00:58:02.272 | INFO | FUTU_US | [DB CHECKPOINT] FUTU_US @ 17100
2026-07-30 00:58:02.423 | INFO | FUTU_US | [DB CHECKPOINT] FUTU_US @ 17200
2026-07-30 00:58:02.509 | INFO | FUTU_US | [DB CHECKPOINT] FUTU_US @ 17300
2026-07-30 00:58:02.645 | INFO | FUTU_US | [DB CHECKPOINT] FUTU_US @ 17400
2026-07-30 00:58:02.794 | INFO | FUTU_US | [DB CHECKPOINT] FUTU_US @ 17500
2026-07-30 00:58:02.946 | INFO | FUTU_US | [DB CHECKPOINT] FUTU_US @ 17600
2026-07-30 00:58:03.043 | INFO | FUTU_US | [DB CHECKPOINT] FUTU_US @ 17700
2026-07-30 00:58:03.168 | INFO | FUTU_US | [DB CHECKPOINT] FUTU_US @ 17800
2026-07-30 00:58:03.255 | INFO | FUTU_US | [DB CHECKPOINT] FUTU_US @ 17900
2026-07-30 00:58:03.404 | INFO | FUTU_US | [DB CHECKPOINT] FUTU_US @ 18000
2026-07-30 00:58:03.532 | INFO | FUTU_US | [DB CHECKPOINT] FUTU_US @ 18100
2026-07-30 00:58:03.921 | INFO | FUTU_US | [DB CHECKPOINT] FUTU_US @ 18200
2026-07-30 00:58:04.133 | INFO | FUTU_US | [DB CHECKPOINT] FUTU_US @ 18300
2026-07-30 00:58:04.260 | INFO | FUTU_US | [DB CHECKPOINT] FUTU_US @ 18400
2026-07-30 00:58:04.393 | INFO | FUTU_US | [DB CHECKPOINT] FUTU_US @ 18500
2026-07-30 00:58:04.472 | INFO | FUTU_US | [DB CHECKPOINT] FUTU_US @ 18600
2026-07-30 00:58:04.600 | INFO | FUTU_US | [DB CHECKPOINT] FUTU_US @ 18700
2026-07-30 00:58:04.733 | INFO | FUTU_US | [DB CHECKPOINT] FUTU_US @ 18800
2026-07-30 00:58:04.855 | INFO | FUTU_US | [DB CHECKPOINT] FUTU_US @ 18900
2026-07-30 00:58:05.107 | INFO | FUTU_US | [DB CHECKPOINT] FUTU_US @ 19000
2026-07-30 00:58:05.302 | INFO | FUTU_US | [DB CHECKPOINT] FUTU_US @ 19100
2026-07-30 00:58:05.419 | INFO | FUTU_US | [DB CHECKPOINT] FUTU_US @ 19200
2026-07-30 00:58:06.148 | INFO | FUTU_HK | [FUTU_HK] 账户: 总资产=$823,936.69 现金=$635,296.69 证券=$188,640.00 冻结=$0.00 购买力=$635,296.69 (HKD)
2026-07-30 00:58:06.148 | INFO | FUTU_US | [DB CHECKPOINT] FUTU_US @ 19300
2026-07-30 00:58:06.434 | INFO | FUTU_US | [DB CHECKPOINT] FUTU_US @ 19400
2026-07-30 00:58:06.511 | INFO | FUTU_US | [DB CHECKPOINT] FUTU_US @ 19500
2026-07-30 00:58:06.866 | INFO | FUTU_US | [DB CHECKPOINT] FUTU_US @ 19600
2026-07-30 00:58:07.065 | INFO | FUTU_US | [DB CHECKPOINT] FUTU_US @ 19700
2026-07-30 00:58:07.103 | INFO | FUTU_US | [DB CHECKPOINT] FUTU_US @ 19800
2026-07-30 00:58:07.204 | INFO | FUTU_US | [DB CHECKPOINT] FUTU_US @ 19900
2026-07-30 00:58:07.316 | INFO | FUTU_US | [DB CHECKPOINT] FUTU_US @ 20000
2026-07-30 00:58:07.414 | INFO | FUTU_US | [DB CHECKPOINT] FUTU_US @ 20100
2026-07-30 00:58:07.564 | INFO | FUTU_US | [DB CHECKPOINT] FUTU_US @ 20200
2026-07-30 00:58:07.634 | INFO | FUTU_US | [DB CHECKPOINT] FUTU_US @ 20300
2026-07-30 00:58:07.798 | INFO | FUTU_US | [DB CHECKPOINT] FUTU_US @ 20400
2026-07-30 00:58:08.036 | INFO | FUTU_US | [DB CHECKPOINT] FUTU_US @ 20500
2026-07-30 00:58:08.060 | INFO | FUTU_US | [FUTU_US] 账户: 总资产=$9,999,896.21 现金=$9,996,058.01 证券=$3,838.20 冻结=$0.00 购买力=$19,995,954.22 (USD)
2026-07-30 00:58:08.181 | INFO | FUTU_US | [DB CHECKPOINT] FUTU_US @ 20600
2026-07-30 00:58:08.464 | INFO | FUTU_US | [DB CHECKPOINT] FUTU_US @ 20700
2026-07-30 00:58:08.702 | INFO | FUTU_US | [DB CHECKPOINT] FUTU_US @ 20800
2026-07-30 00:58:08.930 | INFO | FUTU_US | [DB CHECKPOINT] FUTU_US @ 20900
2026-07-30 00:58:09.296 | INFO | FUTU_US | [DB CHECKPOINT] FUTU_US @ 21000
2026-07-30 00:58:09.571 | INFO | FUTU_US | [DB CHECKPOINT] FUTU_US @ 21100
2026-07-30 00:58:09.914 | INFO | FUTU_US | [DB CHECKPOINT] FUTU_US @ 21200
2026-07-30 00:58:10.112 | INFO | FUTU_US | [DB CHECKPOINT] FUTU_US @ 21300
2026-07-30 00:58:10.320 | INFO | FUTU_US | [DB CHECKPOINT] FUTU_US @ 21400
2026-07-30 00:58:10.456 | INFO | FUTU_US | [DB CHECKPOINT] FUTU_US @ 21500
2026-07-30 00:58:10.645 | INFO | FUTU_US | [DB CHECKPOINT] FUTU_US @ 21600
2026-07-30 00:58:10.765 | INFO | FUTU_US | [DB CHECKPOINT] FUTU_US @ 21700
2026-07-30 00:58:11.110 | INFO | FUTU_US | [DB CHECKPOINT] FUTU_US @ 21800
2026-07-30 00:58:11.154 | INFO | FUTU_US | [DB CHECKPOINT] FUTU_US @ 21900
2026-07-30 00:58:11.267 | INFO | FUTU_US | [DB CHECKPOINT] FUTU_US @ 22000
2026-07-30 00:58:11.547 | INFO | FUTU_US | [DB CHECKPOINT] FUTU_US @ 22100
2026-07-30 00:58:11.786 | INFO | FUTU_US | [DB CHECKPOINT] FUTU_US @ 22200
2026-07-30 00:58:12.048 | INFO | FUTU_US | [DB CHECKPOINT] FUTU_US @ 22300
2026-07-30 00:58:12.162 | INFO | FUTU_HK | [FUTU_HK] 账户: 总资产=$823,936.69 现金=$635,296.69 证券=$188,640.00 冻结=$0.00 购买力=$635,296.69 (HKD)
2026-07-30 00:58:12.168 | INFO | FUTU_US | [DB CHECKPOINT] FUTU_US @ 22400
2026-07-30 00:58:12.414 | INFO | FUTU_US | [DB CHECKPOINT] FUTU_US @ 22500
2026-07-30 00:58:12.635 | INFO | FUTU_US | [DB CHECKPOINT] FUTU_US @ 22600
2026-07-30 00:58:12.895 | INFO | FUTU_US | [DB CHECKPOINT] FUTU_US @ 22700
2026-07-30 00:58:13.196 | INFO | FUTU_US | [DB CHECKPOINT] FUTU_US @ 22800
2026-07-30 00:58:13.552 | INFO | FUTU_US | [DB CHECKPOINT] FUTU_US @ 22900
2026-07-30 00:58:13.908 | INFO | FUTU_US | [DB CHECKPOINT] FUTU_US @ 23000
2026-07-30 00:58:14.064 | INFO | FUTU_US | [FUTU_US] 账户: 总资产=$9,999,896.21 现金=$9,996,058.01 证券=$3,838.20 冻结=$0.00 购买力=$19,995,954.22 (USD)
2026-07-30 00:58:14.202 | INFO | FUTU_US | [DB CHECKPOINT] FUTU_US @ 23100
2026-07-30 00:58:14.419 | INFO | FUTU_US | [DB CHECKPOINT] FUTU_US @ 23200
2026-07-30 00:58:14.909 | INFO | FUTU_US | [DB CHECKPOINT] FUTU_US @ 23300
2026-07-30 00:58:15.285 | INFO | FUTU_US | [DB CHECKPOINT] FUTU_US @ 23400
2026-07-30 00:58:15.654 | INFO | FUTU_US | [DB CHECKPOINT] FUTU_US @ 23500
2026-07-30 00:58:15.940 | INFO | FUTU_US | [DB CHECKPOINT] FUTU_US @ 23600
2026-07-30 00:58:16.240 | INFO | FUTU_US | [DB CHECKPOINT] FUTU_US @ 23700
2026-07-30 00:58:16.593 | INFO | FUTU_US | [DB CHECKPOINT] FUTU_US @ 23800
2026-07-30 00:58:16.794 | INFO | FUTU_US | [DB CHECKPOINT] FUTU_US @ 23900
2026-07-30 00:58:17.114 | INFO | FUTU_US | [DB CHECKPOINT] FUTU_US @ 24000
2026-07-30 00:58:17.413 | INFO | FUTU_US | [DB CHECKPOINT] FUTU_US @ 24100
2026-07-30 00:58:17.625 | INFO | FUTU_US | [DB CHECKPOINT] FUTU_US @ 24200
2026-07-30 00:58:17.834 | INFO | FUTU_US | [DB CHECKPOINT] FUTU_US @ 24300
2026-07-30 00:58:18.048 | INFO | FUTU_US | [DB CHECKPOINT] FUTU_US @ 24400
2026-07-30 00:58:18.184 | INFO | FUTU_HK | [FUTU_HK] 账户: 总资产=$823,936.69 现金=$635,296.69 证券=$188,640.00 冻结=$0.00 购买力=$635,296.69 (HKD)
2026-07-30 00:58:18.356 | INFO | FUTU_US | [DB CHECKPOINT] FUTU_US @ 24500
2026-07-30 00:58:18.605 | INFO | FUTU_US | [DB CHECKPOINT] FUTU_US @ 24600
2026-07-30 00:58:18.837 | INFO | FUTU_US | [DB CHECKPOINT] FUTU_US @ 24700
2026-07-30 00:58:19.115 | INFO | FUTU_US | [DB CHECKPOINT] FUTU_US @ 24800
2026-07-30 00:58:19.275 | INFO | FUTU_US | [DB CHECKPOINT] FUTU_US @ 24900
2026-07-30 00:58:20.178 | INFO | FUTU_US | [FUTU_US] 账户: 总资产=$9,999,896.21 现金=$9,996,058.01 证券=$3,838.20 冻结=$0.00 购买力=$19,995,954.22 (USD)
2026-07-30 00:58:20.181 | INFO | FUTU_US | [DB CHECKPOINT] FUTU_US @ 25000
2026-07-30 00:58:20.423 | INFO | FUTU_US | [DB CHECKPOINT] FUTU_US @ 25100
2026-07-30 00:58:21.049 | INFO | FUTU_US | [DB CHECKPOINT] FUTU_US @ 25200
2026-07-30 00:58:21.549 | INFO | FUTU_US | [DB CHECKPOINT] FUTU_US @ 25300
2026-07-30 00:58:21.997 | INFO | FUTU_US | [DB CHECKPOINT] FUTU_US @ 25400
2026-07-30 00:58:22.957 | INFO | FUTU_US | [DB CHECKPOINT] FUTU_US @ 25500
2026-07-30 00:58:23.370 | INFO | FUTU_US | [DB CHECKPOINT] FUTU_US @ 25600
2026-07-30 00:58:24.213 | INFO | FUTU_HK | [FUTU_HK] 账户: 总资产=$823,936.69 现金=$635,296.69 证券=$188,640.00 冻结=$0.00 购买力=$635,296.69 (HKD)
2026-07-30 00:58:24.339 | INFO | FUTU_US | [DB CHECKPOINT] FUTU_US @ 25700
2026-07-30 00:58:25.157 | INFO | FUTU_US | [DB CHECKPOINT] FUTU_US @ 25800
2026-07-30 00:58:25.667 | INFO | FUTU_US | [DB CHECKPOINT] FUTU_US @ 25900
2026-07-30 00:58:26.291 | INFO | FUTU_US | [FUTU_US] 账户: 总资产=$9,999,896.21 现金=$9,996,058.01 证券=$3,838.20 冻结=$0.00 购买力=$19,995,954.22 (USD)
2026-07-30 00:58:26.392 | INFO | FUTU_US | [DB CHECKPOINT] FUTU_US @ 26000
2026-07-30 00:58:26.698 | INFO | FUTU_US | [DB CHECKPOINT] FUTU_US @ 26100
2026-07-30 00:58:27.415 | INFO | FUTU_US | [DB CHECKPOINT] FUTU_US @ 26200
2026-07-30 00:58:27.624 | INFO | FUTU_US | [DB CHECKPOINT] FUTU_US @ 26300
2026-07-30 00:58:28.004 | INFO | FUTU_US | [DB CHECKPOINT] FUTU_US @ 26400
2026-07-30 00:58:28.208 | INFO | FUTU_US | [DB CHECKPOINT] FUTU_US @ 26500
2026-07-30 00:58:28.526 | INFO | FUTU_US | [DB CHECKPOINT] FUTU_US @ 26600
2026-07-30 00:58:28.649 | INFO | FUTU_US | [DB CHECKPOINT] FUTU_US @ 26700
2026-07-30 00:58:29.115 | INFO | FUTU_US | [DB CHECKPOINT] FUTU_US @ 26800
2026-07-30 00:58:29.790 | INFO | FUTU_US | [DB CHECKPOINT] FUTU_US @ 26900
2026-07-30 00:58:30.499 | INFO | FUTU_HK | [FUTU_HK] 账户: 总资产=$823,936.69 现金=$635,296.69 证券=$188,640.00 冻结=$0.00 购买力=$635,296.69 (HKD)
2026-07-30 00:58:30.754 | INFO | FUTU_US | [DB CHECKPOINT] FUTU_US @ 27000
2026-07-30 00:58:32.627 | INFO | FUTU_US | [FUTU_US] 账户: 总资产=$9,999,896.21 现金=$9,996,058.01 证券=$3,838.20 冻结=$0.00 购买力=$19,995,954.22 (USD)
2026-07-30 00:58:32.771 | INFO | FUTU_US | [DB CHECKPOINT] FUTU_US @ 27100
2026-07-30 00:58:33.856 | INFO | FUTU_US | [DB CHECKPOINT] FUTU_US @ 27200
2026-07-30 00:58:34.941 | INFO | FUTU_US | [DB CHECKPOINT] FUTU_US @ 27300
2026-07-30 00:58:35.393 | INFO | FUTU_US | [DB CHECKPOINT] FUTU_US @ 27400
2026-07-30 00:58:36.468 | INFO | FUTU_HK | [FUTU_HK] 账户: 总资产=$823,936.69 现金=$635,296.69 证券=$188,640.00 冻结=$0.00 购买力=$635,296.69 (HKD)
2026-07-30 00:58:37.446 | INFO | FUTU_US | [DB CHECKPOINT] FUTU_US @ 27500
2026-07-30 00:58:38.199 | INFO | FUTU_US | [DB CHECKPOINT] FUTU_US @ 27600
2026-07-30 00:58:39.687 | INFO | FUTU_US | [FUTU_US] 账户: 总资产=$9,999,896.21 现金=$9,996,058.01 证券=$3,838.20 冻结=$0.00 购买力=$19,995,954.22 (USD)
2026-07-30 00:58:40.142 | INFO | FUTU_US | [DB CHECKPOINT] FUTU_US @ 27700
2026-07-30 00:58:40.686 | INFO | FUTU_US | [DB CHECKPOINT] FUTU_US @ 27800
2026-07-30 00:58:41.247 | INFO | FUTU_US | [DB CHECKPOINT] FUTU_US @ 27900
2026-07-30 00:58:41.704 | INFO | FUTU_US | [DB CHECKPOINT] FUTU_US @ 28000
2026-07-30 00:58:41.897 | INFO | FUTU_US | [DB CHECKPOINT] FUTU_US @ 28100
2026-07-30 00:58:42.098 | INFO | FUTU_US | [DB CHECKPOINT] FUTU_US @ 28200
2026-07-30 00:58:42.406 | INFO | FUTU_US | [DB CHECKPOINT] FUTU_US @ 28300
2026-07-30 00:58:43.417 | INFO | FUTU_HK | [FUTU_HK] 账户: 总资产=$823,936.69 现金=$635,296.69 证券=$188,640.00 冻结=$0.00 购买力=$635,296.69 (HKD)
2026-07-30 00:58:43.701 | INFO | FUTU_US | [DB CHECKPOINT] FUTU_US @ 28400
2026-07-30 00:58:45.000 | INFO | FUTU_US | [FUTU_US] 账户: 总资产=$9,999,896.21 现金=$9,996,058.01 证券=$3,838.20 冻结=$0.00 购买力=$19,995,954.22 (USD)
2026-07-30 00:58:45.197 | INFO | FUTU_US | [DB CHECKPOINT] FUTU_US @ 28500
2026-07-30 00:58:45.561 | INFO | FUTU_US | [DB CHECKPOINT] FUTU_US @ 28600
2026-07-30 00:58:45.867 | INFO | FUTU_US | [DB CHECKPOINT] FUTU_US @ 28700
2026-07-30 00:58:46.236 | INFO | FUTU_US | [DB CHECKPOINT] FUTU_US @ 28800
2026-07-30 01:01:35.718 | INFO | FUTU_US | [FUTU_US] 行情接口连接成功（含多周期K线+TICKER）
2026-07-30 01:01:35.733 | INFO | FUTU_US | [FUTU_US] 交易接口解锁提示: 请使用OpenD页面右上角解锁按钮解锁交易，GUI版本OpenD已屏蔽解锁接口
2026-07-30 01:01:35.736 | INFO | FUTU_US | [FUTU_US] 账户列表 (共 2 个):
2026-07-30 01:01:35.738 | INFO | FUTU_US |   acc_id=281756478840044880 env=REAL type=MARGIN sim_type=N/A status=ACTIVE
2026-07-30 01:01:35.739 | INFO | FUTU_US |   acc_id=20074546 env=SIMULATE type=MARGIN sim_type=STOCK_AND_OPTION status=ACTIVE
2026-07-30 01:01:35.739 | INFO | FUTU_US | [FUTU_US] ✅ 选中: 美股模拟(股票+期权) acc_id=20074546
2026-07-30 01:01:35.739 | INFO | FUTU_US | [FUTU_US] 交易接口连接成功 (最终 acc_id=20074546)
2026-07-30 01:01:35.739 | INFO | FUTU_US | [FUTU_US] 警告：main_engine 为 None，无法自注册
2026-07-30 01:01:35.763 | INFO | FUTU_US | [FUTU_US] ✅ Tick 落盘监听器已注册 (EVENT_TICK)
2026-07-30 01:01:35.767 | INFO | FUTU_HK | [FUTU_HK] 行情接口连接成功（含多周期K线+TICKER）
2026-07-30 01:01:35.780 | INFO | FUTU_HK | [FUTU_HK] 交易接口解锁提示: 请使用OpenD页面右上角解锁按钮解锁交易，GUI版本OpenD已屏蔽解锁接口
2026-07-30 01:01:35.786 | INFO | FUTU_HK | [FUTU_HK] 账户列表 (共 3 个):
2026-07-30 01:01:35.787 | INFO | FUTU_HK |   acc_id=281756478840044880 env=REAL type=MARGIN sim_type=N/A status=ACTIVE
2026-07-30 01:01:35.787 | INFO | FUTU_HK |   acc_id=19110066 env=SIMULATE type=CASH sim_type=STOCK status=ACTIVE
2026-07-30 01:01:35.787 | INFO | FUTU_HK |   acc_id=19110071 env=SIMULATE type=MARGIN sim_type=OPTION status=ACTIVE
2026-07-30 01:01:35.788 | INFO | FUTU_HK | [FUTU_HK] ⚠️ 降级现金模拟 acc_id=19110066
2026-07-30 01:01:35.788 | INFO | FUTU_HK | [FUTU_HK] 交易接口连接成功 (最终 acc_id=19110066)
2026-07-30 01:01:35.789 | INFO | FUTU_HK | [FUTU_HK] 警告：main_engine 为 None，无法自注册
2026-07-30 01:01:36.505 | INFO | CtaStrategy | CTA策略引擎初始化成功
2026-07-30 01:01:36.667 | INFO | CtaStrategy | CTA策略引擎初始化成功
2026-07-30 01:01:46.734 | INFO | FUTU_HK | [FUTU_HK] 合约查询完成: 21367 个
2026-07-30 01:01:46.740 | INFO | FUTU_HK | [FUTU_HK] 查询成交失败: 模拟交易不支持成交数据
2026-07-30 01:01:46.763 | INFO | FUTU_HK | [FUTU_HK] 调试 accinfo 字段: ['power', 'max_power_short', 'net_cash_power', 'total_assets', 'securities_assets', 'fund_assets', 'bond_assets', 'cash', 'market_val', 'long_mv', 'short_mv', 'pending_asset', 'interest_charged_amount', 'frozen_cash', 'avl_withdrawal_cash', 'max_withdrawal', 'currency', 'available_funds', 'unrealized_pl', 'realized_pl', 'risk_level', 'risk_status', 'initial_margin', 'margin_call_margin', 'maintenance_margin', 'hk_cash', 'hk_avl_withdrawal_cash', 'hkd_net_cash_power', 'hkd_assets', 'us_cash', 'us_avl_withdrawal_cash', 'usd_net_cash_power', 'usd_assets', 'cn_cash', 'cn_avl_withdrawal_cash', 'cnh_net_cash_power', 'cnh_assets', 'jp_cash', 'jp_avl_withdrawal_cash', 'jpy_net_cash_power', 'jpy_assets', 'sg_cash', 'sg_avl_withdrawal_cash', 'sgd_net_cash_power', 'sgd_assets', 'au_cash', 'au_avl_withdrawal_cash', 'aud_net_cash_power', 'aud_assets', 'ca_cash', 'ca_avl_withdrawal_cash', 'cad_net_cash_power', 'cad_assets', 'my_cash', 'my_avl_withdrawal_cash', 'myr_net_cash_power', 'myr_assets', 'is_pdt', 'pdt_seq', 'beginning_dtbp', 'remaining_dtbp', 'dt_call_amount', 'dt_status']
2026-07-30 01:01:46.764 | INFO | FUTU_HK | [FUTU_HK] 账户: 总资产=$823,936.69 现金=$635,296.69 证券=$188,640.00 冻结=$0.00 购买力=$635,296.69 (HKD)
2026-07-30 01:01:48.303 | INFO | FUTU_US | [FUTU_US] 合约查询完成: 20579 个
2026-07-30 01:01:48.309 | INFO | FUTU_US | [FUTU_US] 查询成交失败: 模拟交易不支持成交数据
2026-07-30 01:01:48.331 | INFO | FUTU_US | [FUTU_US] 调试 accinfo 字段: ['power', 'max_power_short', 'net_cash_power', 'total_assets', 'securities_assets', 'fund_assets', 'bond_assets', 'cash', 'market_val', 'long_mv', 'short_mv', 'pending_asset', 'interest_charged_amount', 'frozen_cash', 'avl_withdrawal_cash', 'max_withdrawal', 'currency', 'available_funds', 'unrealized_pl', 'realized_pl', 'risk_level', 'risk_status', 'initial_margin', 'margin_call_margin', 'maintenance_margin', 'hk_cash', 'hk_avl_withdrawal_cash', 'hkd_net_cash_power', 'hkd_assets', 'us_cash', 'us_avl_withdrawal_cash', 'usd_net_cash_power', 'usd_assets', 'cn_cash', 'cn_avl_withdrawal_cash', 'cnh_net_cash_power', 'cnh_assets', 'jp_cash', 'jp_avl_withdrawal_cash', 'jpy_net_cash_power', 'jpy_assets', 'sg_cash', 'sg_avl_withdrawal_cash', 'sgd_net_cash_power', 'sgd_assets', 'au_cash', 'au_avl_withdrawal_cash', 'aud_net_cash_power', 'aud_assets', 'ca_cash', 'ca_avl_withdrawal_cash', 'cad_net_cash_power', 'cad_assets', 'my_cash', 'my_avl_withdrawal_cash', 'myr_net_cash_power', 'myr_assets', 'is_pdt', 'pdt_seq', 'beginning_dtbp', 'remaining_dtbp', 'dt_call_amount', 'dt_status']
2026-07-30 01:01:48.332 | INFO | FUTU_US | [FUTU_US] 账户: 总资产=$9,999,896.21 现金=$9,996,058.01 证券=$3,838.20 冻结=$0.00 购买力=$19,995,954.22 (USD)
2026-07-30 01:01:48.833 | INFO | FUTU_HK | [FUTU_HK] 账户: 总资产=$823,936.69 现金=$635,296.69 证券=$188,640.00 冻结=$0.00 购买力=$635,296.69 (HKD)
2026-07-30 01:01:50.036 | INFO | CtaStrategy | 策略TrendStrategy_AAPL_SMART移除成功
2026-07-30 01:01:50.542 | INFO | CtaStrategy | [TrendStrategy_AAPL_SMART]  AI参数已加载: ['trend_window', 'entry_atr', 'fixed_size', 'stop_loss_atr']
2026-07-30 01:01:50.543 | INFO | CtaStrategy | [TrendStrategy_AAPL_SMART]  [INIT] TrendStrategy_AAPL_SMART | AAPL.SMART | US=True HK=False v1
2026-07-30 01:01:50.545 | INFO | CtaStrategy | TrendStrategy_AAPL_SMART开始执行初始化
2026-07-30 01:01:50.546 | INFO | CtaStrategy | [TrendStrategy_AAPL_SMART]  ✅ TrendStrategy_AAPL_SMART 初始化完成 (v1)
2026-07-30 01:01:50.547 | INFO | CtaStrategy | [TrendStrategy_AAPL_SMART]  趋势策略初始化 | 快线=10 慢线=30 ADX=20
2026-07-30 01:01:50.547 | INFO | MainEngine | 订阅行情 -> FUTU_US：SubscribeRequest(symbol='AAPL', exchange=<Exchange.SMART: 'SMART'>)
2026-07-30 01:01:50.548 | INFO | FUTU_US | [FUTU_US] 订阅参数: US.AAPL session=ALL
2026-07-30 01:01:50.548 | INFO | CtaStrategy | 策略TrendStrategy_AAPL_SMART启动失败，请先初始化
2026-07-30 01:01:50.552 | INFO | CtaStrategy | 策略TrendStrategy_AMD_SMART移除成功
2026-07-30 01:01:50.594 | INFO | FUTU_US | [FUTU_US] ✅ 全套订阅成功: US.AAPL
2026-07-30 01:01:50.594 | INFO | CtaStrategy | TrendStrategy_AAPL_SMART初始化完成
2026-07-30 01:01:50.667 | INFO | FUTU_US | [FUTU_US] 账户: 总资产=$9,999,896.21 现金=$9,996,058.01 证券=$3,838.20 冻结=$0.00 购买力=$19,995,954.22 (USD)
2026-07-30 01:01:51.056 | INFO | CtaStrategy | [TrendStrategy_AMD_SMART]  AI参数已加载: ['trend_window', 'entry_atr', 'fixed_size', 'stop_loss_atr']
2026-07-30 01:01:51.056 | INFO | CtaStrategy | [TrendStrategy_AMD_SMART]  [INIT] TrendStrategy_AMD_SMART | AMD.SMART | US=True HK=False v1
2026-07-30 01:01:51.059 | INFO | CtaStrategy | 策略TrendStrategy_AMD_SMART启动失败，请先初始化
2026-07-30 01:01:51.060 | INFO | CtaStrategy | TrendStrategy_AMD_SMART开始执行初始化
2026-07-30 01:01:51.061 | INFO | CtaStrategy | [TrendStrategy_AMD_SMART]  ✅ TrendStrategy_AMD_SMART 初始化完成 (v1)
2026-07-30 01:01:51.061 | INFO | CtaStrategy | [TrendStrategy_AMD_SMART]  趋势策略初始化 | 快线=10 慢线=30 ADX=20
2026-07-30 01:01:51.061 | INFO | MainEngine | 订阅行情 -> FUTU_US：SubscribeRequest(symbol='AMD', exchange=<Exchange.SMART: 'SMART'>)
2026-07-30 01:01:51.061 | INFO | FUTU_US | [FUTU_US] 订阅参数: US.AMD session=ALL
2026-07-30 01:01:51.065 | INFO | CtaStrategy | 策略TrendStrategy_AMZN_SMART移除成功
2026-07-30 01:01:51.099 | INFO | FUTU_US | [FUTU_US] ✅ 全套订阅成功: US.AMD
2026-07-30 01:01:51.102 | INFO | CtaStrategy | TrendStrategy_AMD_SMART初始化完成
2026-07-30 01:01:51.575 | INFO | CtaStrategy | [TrendStrategy_AMZN_SMART]  AI参数已加载: ['trend_window', 'entry_atr', 'fixed_size', 'stop_loss_atr']
2026-07-30 01:01:51.575 | INFO | CtaStrategy | [TrendStrategy_AMZN_SMART]  [INIT] TrendStrategy_AMZN_SMART | AMZN.SMART | US=True HK=False v1
2026-07-30 01:01:51.577 | INFO | CtaStrategy | 策略TrendStrategy_AMZN_SMART启动失败，请先初始化
2026-07-30 01:01:51.578 | INFO | CtaStrategy | TrendStrategy_AMZN_SMART开始执行初始化
2026-07-30 01:01:51.578 | INFO | CtaStrategy | [TrendStrategy_AMZN_SMART]  ✅ TrendStrategy_AMZN_SMART 初始化完成 (v1)
2026-07-30 01:01:51.578 | INFO | CtaStrategy | [TrendStrategy_AMZN_SMART]  趋势策略初始化 | 快线=10 慢线=30 ADX=20
2026-07-30 01:01:51.579 | INFO | MainEngine | 订阅行情 -> FUTU_US：SubscribeRequest(symbol='AMZN', exchange=<Exchange.SMART: 'SMART'>)
2026-07-30 01:01:51.579 | INFO | FUTU_US | [FUTU_US] 订阅参数: US.AMZN session=ALL
2026-07-30 01:01:51.583 | INFO | CtaStrategy | 策略TrendStrategy_BABA_SMART移除成功
2026-07-30 01:01:51.620 | INFO | FUTU_US | [FUTU_US] ✅ 全套订阅成功: US.AMZN
2026-07-30 01:01:51.620 | INFO | CtaStrategy | TrendStrategy_AMZN_SMART初始化完成
2026-07-30 01:01:51.893 | INFO | FUTU_US | [DB CHECKPOINT] FUTU_US @ 100
2026-07-30 01:01:52.092 | INFO | CtaStrategy | [TrendStrategy_BABA_SMART]  AI参数已加载: ['trend_window', 'entry_atr', 'fixed_size', 'stop_loss_atr']
2026-07-30 01:01:52.092 | INFO | CtaStrategy | [TrendStrategy_BABA_SMART]  [INIT] TrendStrategy_BABA_SMART | BABA.SMART | US=True HK=False v1
2026-07-30 01:01:52.094 | INFO | CtaStrategy | 策略TrendStrategy_BABA_SMART启动失败，请先初始化
2026-07-30 01:01:52.095 | INFO | CtaStrategy | TrendStrategy_BABA_SMART开始执行初始化
2026-07-30 01:01:52.095 | INFO | CtaStrategy | [TrendStrategy_BABA_SMART]  ✅ TrendStrategy_BABA_SMART 初始化完成 (v1)
2026-07-30 01:01:52.096 | INFO | CtaStrategy | [TrendStrategy_BABA_SMART]  趋势策略初始化 | 快线=10 慢线=30 ADX=20
2026-07-30 01:01:52.096 | INFO | MainEngine | 订阅行情 -> FUTU_US：SubscribeRequest(symbol='BABA', exchange=<Exchange.SMART: 'SMART'>)
2026-07-30 01:01:52.097 | INFO | FUTU_US | [FUTU_US] 订阅参数: US.BABA session=ALL
2026-07-30 01:01:52.101 | INFO | CtaStrategy | 策略TrendStrategy_GOOGL_SMART移除成功
2026-07-30 01:01:52.148 | INFO | FUTU_US | [FUTU_US] ✅ 全套订阅成功: US.BABA
2026-07-30 01:01:52.148 | INFO | CtaStrategy | TrendStrategy_BABA_SMART初始化完成
2026-07-30 01:01:52.604 | INFO | CtaStrategy | [TrendStrategy_GOOGL_SMART]  AI参数已加载: ['trend_window', 'entry_atr', 'fixed_size', 'stop_loss_atr']
2026-07-30 01:01:52.605 | INFO | CtaStrategy | [TrendStrategy_GOOGL_SMART]  [INIT] TrendStrategy_GOOGL_SMART | GOOGL.SMART | US=True HK=False v1
2026-07-30 01:01:52.606 | INFO | CtaStrategy | 策略TrendStrategy_GOOGL_SMART启动失败，请先初始化
2026-07-30 01:01:52.607 | INFO | CtaStrategy | TrendStrategy_GOOGL_SMART开始执行初始化
2026-07-30 01:01:52.608 | INFO | CtaStrategy | [TrendStrategy_GOOGL_SMART]  ✅ TrendStrategy_GOOGL_SMART 初始化完成 (v1)
2026-07-30 01:01:52.608 | INFO | CtaStrategy | [TrendStrategy_GOOGL_SMART]  趋势策略初始化 | 快线=10 慢线=30 ADX=20
2026-07-30 01:01:52.608 | INFO | MainEngine | 订阅行情 -> FUTU_US：SubscribeRequest(symbol='GOOGL', exchange=<Exchange.SMART: 'SMART'>)
2026-07-30 01:01:52.609 | INFO | FUTU_US | [FUTU_US] 订阅参数: US.GOOGL session=ALL
2026-07-30 01:01:52.612 | INFO | CtaStrategy | 策略TrendStrategy_META_SMART移除成功
2026-07-30 01:01:52.700 | INFO | FUTU_US | [FUTU_US] ✅ 全套订阅成功: US.GOOGL
2026-07-30 01:01:52.700 | INFO | CtaStrategy | TrendStrategy_GOOGL_SMART初始化完成
2026-07-30 01:01:52.797 | INFO | FUTU_US | [DB CHECKPOINT] FUTU_US @ 200
2026-07-30 01:01:53.117 | INFO | CtaStrategy | [TrendStrategy_META_SMART]  AI参数已加载: ['trend_window', 'entry_atr', 'fixed_size', 'stop_loss_atr']
2026-07-30 01:01:53.118 | INFO | CtaStrategy | [TrendStrategy_META_SMART]  [INIT] TrendStrategy_META_SMART | META.SMART | US=True HK=False v1
2026-07-30 01:01:53.119 | INFO | CtaStrategy | 策略TrendStrategy_META_SMART启动失败，请先初始化
2026-07-30 01:01:53.120 | INFO | CtaStrategy | TrendStrategy_META_SMART开始执行初始化
2026-07-30 01:01:53.121 | INFO | CtaStrategy | [TrendStrategy_META_SMART]  ✅ TrendStrategy_META_SMART 初始化完成 (v1)
2026-07-30 01:01:53.122 | INFO | CtaStrategy | [TrendStrategy_META_SMART]  趋势策略初始化 | 快线=10 慢线=30 ADX=20
2026-07-30 01:01:53.125 | INFO | MainEngine | 订阅行情 -> FUTU_US：SubscribeRequest(symbol='META', exchange=<Exchange.SMART: 'SMART'>)
2026-07-30 01:01:53.125 | INFO | FUTU_US | [FUTU_US] 订阅参数: US.META session=ALL
2026-07-30 01:01:53.135 | INFO | CtaStrategy | 策略TrendStrategy_MSFT_SMART移除成功
2026-07-30 01:01:53.163 | INFO | FUTU_US | [FUTU_US] ✅ 全套订阅成功: US.META
2026-07-30 01:01:53.165 | INFO | CtaStrategy | TrendStrategy_META_SMART初始化完成
2026-07-30 01:01:53.548 | INFO | FUTU_US | [DB CHECKPOINT] FUTU_US @ 300
2026-07-30 01:01:53.638 | INFO | CtaStrategy | [TrendStrategy_MSFT_SMART]  AI参数已加载: ['trend_window', 'entry_atr', 'fixed_size', 'stop_loss_atr']
2026-07-30 01:01:53.638 | INFO | CtaStrategy | [TrendStrategy_MSFT_SMART]  [INIT] TrendStrategy_MSFT_SMART | MSFT.SMART | US=True HK=False v1
2026-07-30 01:01:53.641 | INFO | CtaStrategy | 策略TrendStrategy_MSFT_SMART启动失败，请先初始化
2026-07-30 01:01:53.641 | INFO | CtaStrategy | TrendStrategy_MSFT_SMART开始执行初始化
2026-07-30 01:01:53.642 | INFO | CtaStrategy | [TrendStrategy_MSFT_SMART]  ✅ TrendStrategy_MSFT_SMART 初始化完成 (v1)
2026-07-30 01:01:53.642 | INFO | CtaStrategy | [TrendStrategy_MSFT_SMART]  趋势策略初始化 | 快线=10 慢线=30 ADX=20
2026-07-30 01:01:53.642 | INFO | MainEngine | 订阅行情 -> FUTU_US：SubscribeRequest(symbol='MSFT', exchange=<Exchange.SMART: 'SMART'>)
2026-07-30 01:01:53.643 | INFO | FUTU_US | [FUTU_US] 订阅参数: US.MSFT session=ALL
2026-07-30 01:01:53.646 | INFO | CtaStrategy | 策略TrendStrategy_NFLX_SMART移除成功
2026-07-30 01:01:53.686 | INFO | FUTU_US | [FUTU_US] ✅ 全套订阅成功: US.MSFT
2026-07-30 01:01:53.688 | INFO | CtaStrategy | TrendStrategy_MSFT_SMART初始化完成
2026-07-30 01:01:53.717 | INFO | FUTU_US | [DB CHECKPOINT] FUTU_US @ 400
2026-07-30 01:01:54.052 | INFO | FUTU_US | [DB CHECKPOINT] FUTU_US @ 500
2026-07-30 01:01:54.150 | INFO | CtaStrategy | [TrendStrategy_NFLX_SMART]  AI参数已加载: ['trend_window', 'entry_atr', 'fixed_size', 'stop_loss_atr']
2026-07-30 01:01:54.150 | INFO | CtaStrategy | [TrendStrategy_NFLX_SMART]  [INIT] TrendStrategy_NFLX_SMART | NFLX.SMART | US=True HK=False v1
2026-07-30 01:01:54.152 | INFO | CtaStrategy | 策略TrendStrategy_NFLX_SMART启动失败，请先初始化
2026-07-30 01:01:54.153 | INFO | CtaStrategy | TrendStrategy_NFLX_SMART开始执行初始化
2026-07-30 01:01:54.153 | INFO | CtaStrategy | [TrendStrategy_NFLX_SMART]  ✅ TrendStrategy_NFLX_SMART 初始化完成 (v1)
2026-07-30 01:01:54.154 | INFO | CtaStrategy | [TrendStrategy_NFLX_SMART]  趋势策略初始化 | 快线=10 慢线=30 ADX=20
2026-07-30 01:01:54.154 | INFO | MainEngine | 订阅行情 -> FUTU_US：SubscribeRequest(symbol='NFLX', exchange=<Exchange.SMART: 'SMART'>)
2026-07-30 01:01:54.155 | INFO | FUTU_US | [FUTU_US] 订阅参数: US.NFLX session=ALL
2026-07-30 01:01:54.158 | INFO | CtaStrategy | 策略TrendStrategy_NVDA_SMART移除成功
2026-07-30 01:01:54.196 | INFO | FUTU_US | [FUTU_US] ✅ 全套订阅成功: US.NFLX
2026-07-30 01:01:54.201 | INFO | CtaStrategy | TrendStrategy_NFLX_SMART初始化完成
2026-07-30 01:01:54.505 | INFO | FUTU_US | [DB CHECKPOINT] FUTU_US @ 600
2026-07-30 01:01:54.663 | INFO | CtaStrategy | [TrendStrategy_NVDA_SMART]  AI参数已加载: ['trend_window', 'entry_atr', 'fixed_size', 'stop_loss_atr']
2026-07-30 01:01:54.664 | INFO | CtaStrategy | [TrendStrategy_NVDA_SMART]  [INIT] TrendStrategy_NVDA_SMART | NVDA.SMART | US=True HK=False v1
2026-07-30 01:01:54.666 | INFO | CtaStrategy | 策略TrendStrategy_NVDA_SMART启动失败，请先初始化
2026-07-30 01:01:54.666 | INFO | CtaStrategy | TrendStrategy_NVDA_SMART开始执行初始化
2026-07-30 01:01:54.667 | INFO | CtaStrategy | [TrendStrategy_NVDA_SMART]  ✅ TrendStrategy_NVDA_SMART 初始化完成 (v1)
2026-07-30 01:01:54.667 | INFO | CtaStrategy | [TrendStrategy_NVDA_SMART]  趋势策略初始化 | 快线=10 慢线=30 ADX=20
2026-07-30 01:01:54.668 | INFO | MainEngine | 订阅行情 -> FUTU_US：SubscribeRequest(symbol='NVDA', exchange=<Exchange.SMART: 'SMART'>)
2026-07-30 01:01:54.668 | INFO | FUTU_US | [FUTU_US] 订阅参数: US.NVDA session=ALL
2026-07-30 01:01:54.670 | INFO | CtaStrategy | 策略TrendStrategy_TSLA_SMART移除成功
2026-07-30 01:01:54.709 | INFO | FUTU_US | [FUTU_US] ✅ 全套订阅成功: US.NVDA
2026-07-30 01:01:54.710 | INFO | CtaStrategy | TrendStrategy_NVDA_SMART初始化完成
2026-07-30 01:01:54.845 | INFO | FUTU_HK | [FUTU_HK] 账户: 总资产=$823,936.69 现金=$635,296.69 证券=$188,640.00 冻结=$0.00 购买力=$635,296.69 (HKD)
2026-07-30 01:01:54.912 | INFO | FUTU_US | [DB CHECKPOINT] FUTU_US @ 700
2026-07-30 01:01:55.180 | INFO | FUTU_US | [DB CHECKPOINT] FUTU_US @ 800
2026-07-30 01:01:55.204 | INFO | CtaStrategy | [TrendStrategy_TSLA_SMART]  AI参数已加载: ['trend_window', 'entry_atr', 'fixed_size', 'stop_loss_atr']
2026-07-30 01:01:55.209 | INFO | CtaStrategy | [TrendStrategy_TSLA_SMART]  [INIT] TrendStrategy_TSLA_SMART | TSLA.SMART | US=True HK=False v1
2026-07-30 01:01:55.211 | INFO | CtaStrategy | 策略TrendStrategy_TSLA_SMART启动失败，请先初始化
2026-07-30 01:01:55.213 | INFO | CtaStrategy | TrendStrategy_TSLA_SMART开始执行初始化
2026-07-30 01:01:55.213 | INFO | CtaStrategy | [TrendStrategy_TSLA_SMART]  ✅ TrendStrategy_TSLA_SMART 初始化完成 (v1)
2026-07-30 01:01:55.214 | INFO | CtaStrategy | [TrendStrategy_TSLA_SMART]  趋势策略初始化 | 快线=10 慢线=30 ADX=20
2026-07-30 01:01:55.215 | INFO | MainEngine | 订阅行情 -> FUTU_US：SubscribeRequest(symbol='TSLA', exchange=<Exchange.SMART: 'SMART'>)
2026-07-30 01:01:55.217 | INFO | FUTU_US | [FUTU_US] 订阅参数: US.TSLA session=ALL
2026-07-30 01:01:55.257 | INFO | FUTU_US | [FUTU_US] ✅ 全套订阅成功: US.TSLA
2026-07-30 01:01:55.257 | INFO | CtaStrategy | TrendStrategy_TSLA_SMART初始化完成
2026-07-30 01:01:55.370 | INFO | FUTU_US | [DB CHECKPOINT] FUTU_US @ 900
2026-07-30 01:01:55.642 | INFO | FUTU_US | [DB CHECKPOINT] FUTU_US @ 1000
2026-07-30 01:01:56.001 | INFO | FUTU_US | [DB CHECKPOINT] FUTU_US @ 1100
2026-07-30 01:01:56.687 | INFO | FUTU_US | [FUTU_US] 账户: 总资产=$9,999,896.21 现金=$9,996,058.01 证券=$3,838.20 冻结=$0.00 购买力=$19,995,954.22 (USD)
2026-07-30 01:01:56.695 | INFO | FUTU_US | [DB CHECKPOINT] FUTU_US @ 1200
2026-07-30 01:01:56.805 | INFO | FUTU_US | [DB CHECKPOINT] FUTU_US @ 1300
2026-07-30 01:01:56.870 | INFO | FUTU_US | [DB CHECKPOINT] FUTU_US @ 1400
2026-07-30 01:01:57.005 | INFO | FUTU_US | [DB CHECKPOINT] FUTU_US @ 1500
2026-07-30 01:01:57.075 | INFO | FUTU_US | [DB CHECKPOINT] FUTU_US @ 1600
2026-07-30 01:01:57.347 | INFO | FUTU_US | [DB CHECKPOINT] FUTU_US @ 1700
2026-07-30 01:01:57.591 | INFO | FUTU_US | [DB CHECKPOINT] FUTU_US @ 1800
2026-07-30 01:01:57.947 | INFO | FUTU_US | [DB CHECKPOINT] FUTU_US @ 1900
2026-07-30 01:01:58.347 | INFO | FUTU_US | [DB CHECKPOINT] FUTU_US @ 2000
2026-07-30 01:01:58.698 | INFO | FUTU_US | [DB CHECKPOINT] FUTU_US @ 2100
2026-07-30 01:01:58.987 | INFO | FUTU_US | [DB CHECKPOINT] FUTU_US @ 2200
2026-07-30 01:01:59.214 | INFO | FUTU_US | [DB CHECKPOINT] FUTU_US @ 2300
2026-07-30 01:01:59.884 | INFO | FUTU_US | [DB CHECKPOINT] FUTU_US @ 2400
2026-07-30 01:01:59.983 | INFO | FUTU_US | [DB CHECKPOINT] FUTU_US @ 2500
2026-07-30 01:02:00.091 | INFO | FUTU_US | [DB CHECKPOINT] FUTU_US @ 2600
2026-07-30 01:02:00.290 | INFO | FUTU_US | [DB CHECKPOINT] FUTU_US @ 2700
2026-07-30 01:02:00.594 | INFO | FUTU_US | [DB CHECKPOINT] FUTU_US @ 2800
2026-07-30 01:02:00.846 | INFO | FUTU_HK | [FUTU_HK] 账户: 总资产=$823,936.69 现金=$635,296.69 证券=$188,640.00 冻结=$0.00 购买力=$635,296.69 (HKD)
2026-07-30 01:02:00.889 | INFO | FUTU_US | [DB CHECKPOINT] FUTU_US @ 2900
2026-07-30 01:02:01.000 | INFO | FUTU_US | [DB CHECKPOINT] FUTU_US @ 3000
2026-07-30 01:02:01.142 | INFO | FUTU_US | [DB CHECKPOINT] FUTU_US @ 3100
2026-07-30 01:02:01.310 | INFO | FUTU_US | [DB CHECKPOINT] FUTU_US @ 3200
2026-07-30 01:02:01.531 | INFO | FUTU_US | [DB CHECKPOINT] FUTU_US @ 3300
2026-07-30 01:02:01.915 | INFO | FUTU_US | [DB CHECKPOINT] FUTU_US @ 3400
2026-07-30 01:02:02.013 | INFO | FUTU_US | [DB CHECKPOINT] FUTU_US @ 3500
2026-07-30 01:02:02.303 | INFO | FUTU_US | [DB CHECKPOINT] FUTU_US @ 3600
2026-07-30 01:02:02.590 | INFO | FUTU_US | [DB CHECKPOINT] FUTU_US @ 3700
2026-07-30 01:02:02.727 | INFO | FUTU_US | [FUTU_US] 账户: 总资产=$9,999,896.81 现金=$9,996,058.01 证券=$3,838.80 冻结=$0.00 购买力=$19,995,954.82 (USD)
2026-07-30 01:02:02.744 | INFO | FUTU_US | [DB CHECKPOINT] FUTU_US @ 3800
2026-07-30 01:02:02.800 | INFO | FUTU_US | [DB CHECKPOINT] FUTU_US @ 3900
2026-07-30 01:02:03.006 | INFO | FUTU_US | [DB CHECKPOINT] FUTU_US @ 4000
2026-07-30 01:02:03.169 | INFO | FUTU_US | [DB CHECKPOINT] FUTU_US @ 4100
2026-07-30 01:02:03.401 | INFO | FUTU_US | [DB CHECKPOINT] FUTU_US @ 4200
2026-07-30 01:02:03.493 | INFO | FUTU_US | [DB CHECKPOINT] FUTU_US @ 4300
2026-07-30 01:02:03.791 | INFO | FUTU_US | [DB CHECKPOINT] FUTU_US @ 4400
2026-07-30 01:02:03.878 | INFO | FUTU_US | [DB CHECKPOINT] FUTU_US @ 4500
2026-07-30 01:02:03.969 | INFO | FUTU_US | [DB CHECKPOINT] FUTU_US @ 4600
2026-07-30 01:02:04.085 | INFO | FUTU_US | [DB CHECKPOINT] FUTU_US @ 4700
2026-07-30 01:02:04.709 | INFO | FUTU_US | [DB CHECKPOINT] FUTU_US @ 4800
2026-07-30 01:02:04.816 | INFO | FUTU_US | [DB CHECKPOINT] FUTU_US @ 4900
2026-07-30 01:02:04.965 | INFO | FUTU_US | [DB CHECKPOINT] FUTU_US @ 5000
2026-07-30 01:02:05.053 | INFO | FUTU_US | [DB CHECKPOINT] FUTU_US @ 5100
2026-07-30 01:02:05.313 | INFO | FUTU_US | [DB CHECKPOINT] FUTU_US @ 5200
2026-07-30 01:02:05.590 | INFO | FUTU_US | [DB CHECKPOINT] FUTU_US @ 5300
2026-07-30 01:02:05.792 | INFO | FUTU_US | [DB CHECKPOINT] FUTU_US @ 5400
2026-07-30 01:02:06.130 | INFO | FUTU_US | [DB CHECKPOINT] FUTU_US @ 5500
2026-07-30 01:02:06.210 | INFO | FUTU_US | [DB CHECKPOINT] FUTU_US @ 5600
2026-07-30 01:02:06.481 | INFO | FUTU_US | [DB CHECKPOINT] FUTU_US @ 5700
2026-07-30 01:02:06.832 | INFO | FUTU_US | [DB CHECKPOINT] FUTU_US @ 5800
2026-07-30 01:02:06.847 | INFO | FUTU_HK | [FUTU_HK] 账户: 总资产=$823,936.69 现金=$635,296.69 证券=$188,640.00 冻结=$0.00 购买力=$635,296.69 (HKD)
2026-07-30 01:02:07.001 | INFO | FUTU_US | [DB CHECKPOINT] FUTU_US @ 5900
2026-07-30 01:02:07.050 | INFO | FUTU_US | [DB CHECKPOINT] FUTU_US @ 6000
2026-07-30 01:02:07.214 | INFO | FUTU_US | [DB CHECKPOINT] FUTU_US @ 6100
2026-07-30 01:02:07.472 | INFO | FUTU_US | [DB CHECKPOINT] FUTU_US @ 6200
2026-07-30 01:02:07.668 | INFO | FUTU_US | [DB CHECKPOINT] FUTU_US @ 6300
2026-07-30 01:02:07.950 | INFO | FUTU_US | [DB CHECKPOINT] FUTU_US @ 6400
2026-07-30 01:02:08.147 | INFO | FUTU_US | [DB CHECKPOINT] FUTU_US @ 6500
2026-07-30 01:02:08.528 | INFO | FUTU_US | [DB CHECKPOINT] FUTU_US @ 6600
2026-07-30 01:02:08.711 | INFO | FUTU_US | [FUTU_US] 账户: 总资产=$9,999,896.81 现金=$9,996,058.01 证券=$3,838.80 冻结=$0.00 购买力=$19,995,954.82 (USD)
2026-07-30 01:02:08.786 | INFO | FUTU_US | [DB CHECKPOINT] FUTU_US @ 6700
2026-07-30 01:02:09.008 | INFO | FUTU_US | [DB CHECKPOINT] FUTU_US @ 6800
2026-07-30 01:02:09.290 | INFO | FUTU_US | [DB CHECKPOINT] FUTU_US @ 6900
2026-07-30 01:02:09.523 | INFO | FUTU_US | [DB CHECKPOINT] FUTU_US @ 7000
2026-07-30 01:02:10.228 | INFO | FUTU_US | [DB CHECKPOINT] FUTU_US @ 7100
2026-07-30 01:02:10.308 | INFO | FUTU_US | [DB CHECKPOINT] FUTU_US @ 7200
2026-07-30 01:02:10.419 | INFO | FUTU_US | [DB CHECKPOINT] FUTU_US @ 7300
2026-07-30 01:02:10.700 | INFO | FUTU_US | [DB CHECKPOINT] FUTU_US @ 7400
2026-07-30 01:02:10.931 | INFO | FUTU_US | [DB CHECKPOINT] FUTU_US @ 7500
2026-07-30 01:02:11.094 | INFO | FUTU_US | [DB CHECKPOINT] FUTU_US @ 7600
2026-07-30 01:02:11.411 | INFO | FUTU_US | [DB CHECKPOINT] FUTU_US @ 7700
2026-07-30 01:02:11.640 | INFO | FUTU_US | [DB CHECKPOINT] FUTU_US @ 7800
2026-07-30 01:02:11.909 | INFO | FUTU_US | [DB CHECKPOINT] FUTU_US @ 7900
2026-07-30 01:02:12.080 | INFO | FUTU_US | [DB CHECKPOINT] FUTU_US @ 8000
2026-07-30 01:02:12.643 | INFO | FUTU_US | [DB CHECKPOINT] FUTU_US @ 8100
2026-07-30 01:02:12.741 | INFO | FUTU_US | [DB CHECKPOINT] FUTU_US @ 8200
2026-07-30 01:02:12.836 | INFO | FUTU_US | [DB CHECKPOINT] FUTU_US @ 8300
2026-07-30 01:02:12.853 | INFO | FUTU_HK | [FUTU_HK] 账户: 总资产=$823,936.69 现金=$635,296.69 证券=$188,640.00 冻结=$0.00 购买力=$635,296.69 (HKD)
2026-07-30 01:02:12.951 | INFO | FUTU_US | [DB CHECKPOINT] FUTU_US @ 8400
2026-07-30 01:02:13.167 | INFO | FUTU_US | [DB CHECKPOINT] FUTU_US @ 8500
2026-07-30 01:02:13.496 | INFO | FUTU_US | [DB CHECKPOINT] FUTU_US @ 8600
2026-07-30 01:02:13.829 | INFO | FUTU_US | [DB CHECKPOINT] FUTU_US @ 8700
2026-07-30 01:02:14.108 | INFO | FUTU_US | [DB CHECKPOINT] FUTU_US @ 8800
2026-07-30 01:02:14.267 | INFO | FUTU_US | [DB CHECKPOINT] FUTU_US @ 8900
2026-07-30 01:02:14.409 | INFO | FUTU_US | [DB CHECKPOINT] FUTU_US @ 9000
2026-07-30 01:02:14.635 | INFO | FUTU_US | [DB CHECKPOINT] FUTU_US @ 9100
2026-07-30 01:02:14.707 | INFO | FUTU_US | [FUTU_US] 账户: 总资产=$9,999,896.81 现金=$9,996,058.01 证券=$3,838.80 冻结=$0.00 购买力=$19,995,954.82 (USD)
2026-07-30 01:02:14.891 | INFO | FUTU_US | [DB CHECKPOINT] FUTU_US @ 9200
2026-07-30 01:02:15.168 | INFO | FUTU_US | [DB CHECKPOINT] FUTU_US @ 9300
2026-07-30 01:02:15.399 | INFO | FUTU_US | [DB CHECKPOINT] FUTU_US @ 9400
2026-07-30 01:02:15.487 | INFO | FUTU_US | [DB CHECKPOINT] FUTU_US @ 9500
2026-07-30 01:02:15.634 | INFO | FUTU_US | [DB CHECKPOINT] FUTU_US @ 9600
2026-07-30 01:02:15.856 | INFO | FUTU_US | [DB CHECKPOINT] FUTU_US @ 9700
2026-07-30 01:02:16.148 | INFO | FUTU_US | [DB CHECKPOINT] FUTU_US @ 9800
2026-07-30 01:02:16.432 | INFO | FUTU_US | [DB CHECKPOINT] FUTU_US @ 9900
2026-07-30 01:02:16.640 | INFO | FUTU_US | [DB CHECKPOINT] FUTU_US @ 10000
2026-07-30 01:02:16.843 | INFO | FUTU_US | [DB CHECKPOINT] FUTU_US @ 10100
2026-07-30 01:02:17.146 | INFO | FUTU_US | [DB CHECKPOINT] FUTU_US @ 10200
2026-07-30 01:02:17.436 | INFO | FUTU_US | [DB CHECKPOINT] FUTU_US @ 10300
2026-07-30 01:02:17.595 | INFO | FUTU_US | [DB CHECKPOINT] FUTU_US @ 10400
2026-07-30 01:02:17.900 | INFO | FUTU_US | [DB CHECKPOINT] FUTU_US @ 10500
2026-07-30 01:02:18.240 | INFO | FUTU_US | [DB CHECKPOINT] FUTU_US @ 10600
2026-07-30 01:02:18.872 | INFO | FUTU_HK | [FUTU_HK] 账户: 总资产=$823,936.69 现金=$635,296.69 证券=$188,640.00 冻结=$0.00 购买力=$635,296.69 (HKD)
2026-07-30 01:02:18.916 | INFO | FUTU_US | [DB CHECKPOINT] FUTU_US @ 10700
2026-07-30 01:02:19.089 | INFO | FUTU_US | [DB CHECKPOINT] FUTU_US @ 10800
2026-07-30 01:02:19.291 | INFO | FUTU_US | [DB CHECKPOINT] FUTU_US @ 10900
2026-07-30 01:02:19.426 | INFO | FUTU_US | [DB CHECKPOINT] FUTU_US @ 11000
2026-07-30 01:02:19.733 | INFO | FUTU_US | [DB CHECKPOINT] FUTU_US @ 11100
2026-07-30 01:02:19.933 | INFO | FUTU_US | [DB CHECKPOINT] FUTU_US @ 11200
2026-07-30 01:02:20.230 | INFO | FUTU_US | [DB CHECKPOINT] FUTU_US @ 11300
2026-07-30 01:02:20.537 | INFO | FUTU_US | [DB CHECKPOINT] FUTU_US @ 11400
2026-07-30 01:02:20.797 | INFO | FUTU_US | [FUTU_US] 账户: 总资产=$9,999,896.81 现金=$9,996,058.01 证券=$3,838.80 冻结=$0.00 购买力=$19,995,954.82 (USD)
2026-07-30 01:02:20.819 | INFO | FUTU_US | [DB CHECKPOINT] FUTU_US @ 11500
2026-07-30 01:02:21.118 | INFO | FUTU_US | [DB CHECKPOINT] FUTU_US @ 11600
2026-07-30 01:02:21.568 | INFO | FUTU_US | [DB CHECKPOINT] FUTU_US @ 11700
2026-07-30 01:02:21.754 | INFO | FUTU_US | [DB CHECKPOINT] FUTU_US @ 11800
2026-07-30 01:02:21.980 | INFO | FUTU_US | [DB CHECKPOINT] FUTU_US @ 11900
2026-07-30 01:02:22.124 | INFO | FUTU_US | [DB CHECKPOINT] FUTU_US @ 12000
2026-07-30 01:02:22.381 | INFO | FUTU_US | [DB CHECKPOINT] FUTU_US @ 12100
2026-07-30 01:02:22.573 | INFO | FUTU_US | [DB CHECKPOINT] FUTU_US @ 12200
2026-07-30 01:02:23.028 | INFO | FUTU_US | [DB CHECKPOINT] FUTU_US @ 12300
2026-07-30 01:02:23.296 | INFO | FUTU_US | [DB CHECKPOINT] FUTU_US @ 12400
2026-07-30 01:02:23.620 | INFO | FUTU_US | [DB CHECKPOINT] FUTU_US @ 12500
2026-07-30 01:02:23.820 | INFO | FUTU_US | [DB CHECKPOINT] FUTU_US @ 12600
2026-07-30 01:02:24.030 | INFO | FUTU_US | [DB CHECKPOINT] FUTU_US @ 12700
2026-07-30 01:02:24.409 | INFO | FUTU_US | [DB CHECKPOINT] FUTU_US @ 12800
2026-07-30 01:02:24.649 | INFO | FUTU_US | [DB CHECKPOINT] FUTU_US @ 12900
2026-07-30 01:02:24.846 | INFO | FUTU_US | [DB CHECKPOINT] FUTU_US @ 13000
2026-07-30 01:02:24.976 | INFO | FUTU_HK | [FUTU_HK] 账户: 总资产=$823,936.69 现金=$635,296.69 证券=$188,640.00 冻结=$0.00 购买力=$635,296.69 (HKD)
2026-07-30 01:02:25.286 | INFO | FUTU_US | [DB CHECKPOINT] FUTU_US @ 13100
2026-07-30 01:02:25.555 | INFO | FUTU_US | [DB CHECKPOINT] FUTU_US @ 13200
2026-07-30 01:02:25.998 | INFO | FUTU_US | [DB CHECKPOINT] FUTU_US @ 13300
2026-07-30 01:02:26.203 | INFO | FUTU_US | [DB CHECKPOINT] FUTU_US @ 13400
2026-07-30 01:02:26.573 | INFO | FUTU_US | [DB CHECKPOINT] FUTU_US @ 13500
2026-07-30 01:02:26.729 | INFO | FUTU_US | [DB CHECKPOINT] FUTU_US @ 13600
2026-07-30 01:02:26.894 | INFO | FUTU_US | [FUTU_US] 账户: 总资产=$9,999,896.81 现金=$9,996,058.01 证券=$3,838.80 冻结=$0.00 购买力=$19,995,954.82 (USD)
2026-07-30 01:02:26.994 | INFO | FUTU_US | [DB CHECKPOINT] FUTU_US @ 13700
2026-07-30 01:02:27.157 | INFO | FUTU_US | [DB CHECKPOINT] FUTU_US @ 13800
2026-07-30 01:02:27.241 | INFO | FUTU_US | [DB CHECKPOINT] FUTU_US @ 13900
2026-07-30 01:02:27.515 | INFO | FUTU_US | [DB CHECKPOINT] FUTU_US @ 14000
2026-07-30 01:02:27.886 | INFO | FUTU_US | [DB CHECKPOINT] FUTU_US @ 14100
2026-07-30 01:02:28.146 | INFO | FUTU_US | [DB CHECKPOINT] FUTU_US @ 14200
2026-07-30 01:02:28.444 | INFO | FUTU_US | [DB CHECKPOINT] FUTU_US @ 14300
2026-07-30 01:02:28.591 | INFO | FUTU_US | [DB CHECKPOINT] FUTU_US @ 14400
2026-07-30 01:02:28.990 | INFO | FUTU_US | [DB CHECKPOINT] FUTU_US @ 14500
2026-07-30 01:02:29.794 | INFO | FUTU_US | [DB CHECKPOINT] FUTU_US @ 14600
2026-07-30 01:02:30.208 | INFO | FUTU_US | [DB CHECKPOINT] FUTU_US @ 14700
2026-07-30 01:02:30.690 | INFO | FUTU_US | [DB CHECKPOINT] FUTU_US @ 14800
2026-07-30 01:02:31.038 | INFO | FUTU_HK | [FUTU_HK] 账户: 总资产=$823,936.69 现金=$635,296.69 证券=$188,640.00 冻结=$0.00 购买力=$635,296.69 (HKD)
2026-07-30 01:02:31.553 | INFO | FUTU_US | [DB CHECKPOINT] FUTU_US @ 14900
2026-07-30 01:02:32.011 | INFO | FUTU_US | [DB CHECKPOINT] FUTU_US @ 15000
2026-07-30 01:02:32.889 | INFO | FUTU_US | [FUTU_US] 账户: 总资产=$9,999,896.81 现金=$9,996,058.01 证券=$3,838.80 冻结=$0.00 购买力=$19,995,954.82 (USD)
2026-07-30 01:02:33.099 | INFO | FUTU_US | [DB CHECKPOINT] FUTU_US @ 15100
2026-07-30 01:02:33.648 | INFO | FUTU_US | [DB CHECKPOINT] FUTU_US @ 15200
2026-07-30 01:02:34.094 | INFO | FUTU_US | [DB CHECKPOINT] FUTU_US @ 15300
2026-07-30 01:02:34.744 | INFO | FUTU_US | [DB CHECKPOINT] FUTU_US @ 15400
2026-07-30 01:02:36.267 | INFO | FUTU_US | [DB CHECKPOINT] FUTU_US @ 15500
2026-07-30 01:02:36.998 | INFO | FUTU_HK | [FUTU_HK] 账户: 总资产=$823,936.69 现金=$635,296.69 证券=$188,640.00 冻结=$0.00 购买力=$635,296.69 (HKD)
2026-07-30 01:02:37.124 | INFO | FUTU_US | [DB CHECKPOINT] FUTU_US @ 15600
2026-07-30 01:02:37.397 | INFO | FUTU_US | [DB CHECKPOINT] FUTU_US @ 15700
2026-07-30 01:02:37.614 | INFO | FUTU_US | [DB CHECKPOINT] FUTU_US @ 15800
2026-07-30 01:02:37.864 | INFO | FUTU_US | [DB CHECKPOINT] FUTU_US @ 15900
2026-07-30 01:02:37.975 | INFO | FUTU_US | [DB CHECKPOINT] FUTU_US @ 16000
2026-07-30 01:02:38.066 | INFO | FUTU_US | [DB CHECKPOINT] FUTU_US @ 16100
2026-07-30 01:02:38.531 | INFO | FUTU_US | [DB CHECKPOINT] FUTU_US @ 16200
2026-07-30 01:02:38.752 | INFO | FUTU_US | [DB CHECKPOINT] FUTU_US @ 16300
2026-07-30 01:02:38.884 | INFO | FUTU_US | [FUTU_US] 账户: 总资产=$9,999,896.81 现金=$9,996,058.01 证券=$3,838.80 冻结=$0.00 购买力=$19,995,954.82 (USD)
2026-07-30 01:02:38.904 | INFO | FUTU_US | [DB CHECKPOINT] FUTU_US @ 16400
2026-07-30 01:02:39.076 | INFO | FUTU_US | [DB CHECKPOINT] FUTU_US @ 16500
2026-07-30 01:02:39.262 | INFO | FUTU_US | [DB CHECKPOINT] FUTU_US @ 16600
2026-07-30 01:02:39.433 | INFO | FUTU_US | [DB CHECKPOINT] FUTU_US @ 16700
2026-07-30 01:02:39.614 | INFO | FUTU_US | [DB CHECKPOINT] FUTU_US @ 16800
2026-07-30 01:02:39.782 | INFO | FUTU_US | [DB CHECKPOINT] FUTU_US @ 16900
2026-07-30 01:02:39.972 | INFO | FUTU_US | [DB CHECKPOINT] FUTU_US @ 17000
2026-07-30 01:02:40.182 | INFO | FUTU_US | [DB CHECKPOINT] FUTU_US @ 17100
2026-07-30 01:02:40.380 | INFO | FUTU_US | [DB CHECKPOINT] FUTU_US @ 17200
2026-07-30 01:02:40.543 | INFO | FUTU_US | [DB CHECKPOINT] FUTU_US @ 17300
2026-07-30 01:02:40.692 | INFO | FUTU_US | [DB CHECKPOINT] FUTU_US @ 17400
2026-07-30 01:02:40.872 | INFO | FUTU_US | [DB CHECKPOINT] FUTU_US @ 17500
2026-07-30 01:02:41.007 | INFO | FUTU_US | [DB CHECKPOINT] FUTU_US @ 17600
2026-07-30 01:02:41.163 | INFO | FUTU_US | [DB CHECKPOINT] FUTU_US @ 17700
2026-07-30 01:02:41.306 | INFO | FUTU_US | [DB CHECKPOINT] FUTU_US @ 17800
2026-07-30 01:02:41.477 | INFO | FUTU_US | [DB CHECKPOINT] FUTU_US @ 17900
2026-07-30 01:02:41.599 | INFO | FUTU_US | [DB CHECKPOINT] FUTU_US @ 18000
2026-07-30 01:02:41.768 | INFO | FUTU_US | [DB CHECKPOINT] FUTU_US @ 18100
2026-07-30 01:02:41.903 | INFO | FUTU_US | [DB CHECKPOINT] FUTU_US @ 18200
2026-07-30 01:02:42.034 | INFO | FUTU_US | [DB CHECKPOINT] FUTU_US @ 18300
2026-07-30 01:02:42.131 | INFO | FUTU_US | [DB CHECKPOINT] FUTU_US @ 18400
2026-07-30 01:02:42.256 | INFO | FUTU_US | [DB CHECKPOINT] FUTU_US @ 18500
2026-07-30 01:02:42.318 | INFO | FUTU_US | [DB CHECKPOINT] FUTU_US @ 18600
2026-07-30 01:02:42.716 | INFO | FUTU_US | [DB CHECKPOINT] FUTU_US @ 18700
2026-07-30 01:02:42.839 | INFO | FUTU_US | [DB CHECKPOINT] FUTU_US @ 18800
2026-07-30 01:02:42.952 | INFO | FUTU_US | [DB CHECKPOINT] FUTU_US @ 18900
2026-07-30 01:02:42.971 | INFO | FUTU_HK | [FUTU_HK] 账户: 总资产=$823,936.69 现金=$635,296.69 证券=$188,640.00 冻结=$0.00 购买力=$635,296.69 (HKD)
2026-07-30 01:02:43.083 | INFO | FUTU_US | [DB CHECKPOINT] FUTU_US @ 19000
2026-07-30 01:02:43.162 | INFO | FUTU_US | [DB CHECKPOINT] FUTU_US @ 19100
2026-07-30 01:02:43.456 | INFO | FUTU_US | [DB CHECKPOINT] FUTU_US @ 19200
2026-07-30 01:02:43.625 | INFO | FUTU_US | [DB CHECKPOINT] FUTU_US @ 19300
2026-07-30 01:02:43.844 | INFO | FUTU_US | [DB CHECKPOINT] FUTU_US @ 19400
2026-07-30 01:02:44.007 | INFO | FUTU_US | [DB CHECKPOINT] FUTU_US @ 19500
2026-07-30 01:02:44.168 | INFO | FUTU_US | [DB CHECKPOINT] FUTU_US @ 19600
2026-07-30 01:02:44.303 | INFO | FUTU_US | [DB CHECKPOINT] FUTU_US @ 19700
2026-07-30 01:02:44.470 | INFO | FUTU_US | [DB CHECKPOINT] FUTU_US @ 19800
2026-07-30 01:02:44.592 | INFO | FUTU_US | [DB CHECKPOINT] FUTU_US @ 19900
2026-07-30 01:02:44.699 | INFO | FUTU_US | [DB CHECKPOINT] FUTU_US @ 20000
2026-07-30 01:02:44.867 | INFO | FUTU_US | [FUTU_US] 账户: 总资产=$9,999,896.81 现金=$9,996,058.01 证券=$3,838.80 冻结=$0.00 购买力=$19,995,954.82 (USD)
2026-07-30 01:02:44.867 | INFO | FUTU_US | [DB CHECKPOINT] FUTU_US @ 20100
2026-07-30 01:02:45.056 | INFO | FUTU_US | [DB CHECKPOINT] FUTU_US @ 20200
2026-07-30 01:02:45.174 | INFO | FUTU_US | [DB CHECKPOINT] FUTU_US @ 20300
2026-07-30 01:02:45.253 | INFO | FUTU_US | [DB CHECKPOINT] FUTU_US @ 20400
2026-07-30 01:02:45.357 | INFO | FUTU_US | [DB CHECKPOINT] FUTU_US @ 20500
2026-07-30 01:02:45.651 | INFO | FUTU_US | [DB CHECKPOINT] FUTU_US @ 20600
2026-07-30 01:02:45.788 | INFO | FUTU_US | [DB CHECKPOINT] FUTU_US @ 20700
2026-07-30 01:02:46.039 | INFO | FUTU_US | [DB CHECKPOINT] FUTU_US @ 20800
2026-07-30 01:02:46.310 | INFO | FUTU_US | [DB CHECKPOINT] FUTU_US @ 20900
2026-07-30 01:02:46.568 | INFO | FUTU_US | [DB CHECKPOINT] FUTU_US @ 21000
2026-07-30 01:02:46.696 | INFO | FUTU_US | [DB CHECKPOINT] FUTU_US @ 21100
2026-07-30 01:02:46.950 | INFO | FUTU_US | [DB CHECKPOINT] FUTU_US @ 21200
2026-07-30 01:02:47.237 | INFO | FUTU_US | [DB CHECKPOINT] FUTU_US @ 21300
2026-07-30 01:02:47.446 | INFO | FUTU_US | [DB CHECKPOINT] FUTU_US @ 21400
2026-07-30 01:02:47.583 | INFO | FUTU_US | [DB CHECKPOINT] FUTU_US @ 21500
2026-07-30 01:02:47.748 | INFO | FUTU_US | [DB CHECKPOINT] FUTU_US @ 21600
2026-07-30 01:02:47.930 | INFO | FUTU_US | [DB CHECKPOINT] FUTU_US @ 21700
2026-07-30 01:02:48.065 | INFO | FUTU_US | [DB CHECKPOINT] FUTU_US @ 21800
2026-07-30 01:02:48.189 | INFO | FUTU_US | [DB CHECKPOINT] FUTU_US @ 21900
2026-07-30 01:02:48.308 | INFO | FUTU_US | [DB CHECKPOINT] FUTU_US @ 22000
2026-07-30 01:02:48.507 | INFO | FUTU_US | [DB CHECKPOINT] FUTU_US @ 22100
2026-07-30 01:02:48.689 | INFO | FUTU_US | [DB CHECKPOINT] FUTU_US @ 22200
2026-07-30 01:02:48.863 | INFO | FUTU_US | [DB CHECKPOINT] FUTU_US @ 22300
2026-07-30 01:02:48.996 | INFO | FUTU_HK | [FUTU_HK] 账户: 总资产=$823,936.69 现金=$635,296.69 证券=$188,640.00 冻结=$0.00 购买力=$635,296.69 (HKD)
2026-07-30 01:02:49.131 | INFO | FUTU_US | [DB CHECKPOINT] FUTU_US @ 22400
2026-07-30 01:02:49.303 | INFO | FUTU_US | [DB CHECKPOINT] FUTU_US @ 22500
2026-07-30 01:02:49.502 | INFO | FUTU_US | [DB CHECKPOINT] FUTU_US @ 22600
2026-07-30 01:02:49.807 | INFO | FUTU_US | [DB CHECKPOINT] FUTU_US @ 22700
2026-07-30 01:02:50.214 | INFO | FUTU_US | [DB CHECKPOINT] FUTU_US @ 22800
2026-07-30 01:02:50.474 | INFO | FUTU_US | [DB CHECKPOINT] FUTU_US @ 22900
2026-07-30 01:02:50.573 | INFO | FUTU_US | [DB CHECKPOINT] FUTU_US @ 23000
2026-07-30 01:02:50.764 | INFO | FUTU_US | [DB CHECKPOINT] FUTU_US @ 23100
2026-07-30 01:02:50.872 | INFO | FUTU_US | [FUTU_US] 账户: 总资产=$9,999,896.81 现金=$9,996,058.01 证券=$3,838.80 冻结=$0.00 购买力=$19,995,954.82 (USD)
2026-07-30 01:02:50.931 | INFO | FUTU_US | [DB CHECKPOINT] FUTU_US @ 23200
2026-07-30 01:02:51.094 | INFO | FUTU_US | [DB CHECKPOINT] FUTU_US @ 23300
2026-07-30 01:02:51.291 | INFO | FUTU_US | [DB CHECKPOINT] FUTU_US @ 23400
2026-07-30 01:02:51.362 | INFO | FUTU_US | [DB CHECKPOINT] FUTU_US @ 23500
2026-07-30 01:02:51.425 | INFO | FUTU_US | [DB CHECKPOINT] FUTU_US @ 23600
2026-07-30 01:02:51.565 | INFO | FUTU_US | [DB CHECKPOINT] FUTU_US @ 23700
2026-07-30 01:02:51.714 | INFO | FUTU_US | [DB CHECKPOINT] FUTU_US @ 23800
2026-07-30 01:02:51.915 | INFO | FUTU_US | [DB CHECKPOINT] FUTU_US @ 23900
2026-07-30 01:02:52.028 | INFO | FUTU_US | [DB CHECKPOINT] FUTU_US @ 24000
2026-07-30 01:02:52.193 | INFO | FUTU_US | [DB CHECKPOINT] FUTU_US @ 24100
2026-07-30 01:02:52.355 | INFO | FUTU_US | [DB CHECKPOINT] FUTU_US @ 24200
2026-07-30 01:02:52.484 | INFO | FUTU_US | [DB CHECKPOINT] FUTU_US @ 24300
2026-07-30 01:02:52.652 | INFO | FUTU_US | [DB CHECKPOINT] FUTU_US @ 24400
2026-07-30 01:02:52.854 | INFO | FUTU_US | [DB CHECKPOINT] FUTU_US @ 24500
2026-07-30 01:02:53.015 | INFO | FUTU_US | [DB CHECKPOINT] FUTU_US @ 24600
2026-07-30 01:02:53.198 | INFO | FUTU_US | [DB CHECKPOINT] FUTU_US @ 24700
2026-07-30 01:02:53.346 | INFO | FUTU_US | [DB CHECKPOINT] FUTU_US @ 24800
2026-07-30 01:02:53.541 | INFO | FUTU_US | [DB CHECKPOINT] FUTU_US @ 24900
2026-07-30 01:02:53.639 | INFO | FUTU_US | [DB CHECKPOINT] FUTU_US @ 25000
2026-07-30 01:02:53.759 | INFO | FUTU_US | [DB CHECKPOINT] FUTU_US @ 25100
2026-07-30 01:02:53.897 | INFO | FUTU_US | [DB CHECKPOINT] FUTU_US @ 25200
2026-07-30 01:02:53.999 | INFO | FUTU_US | [DB CHECKPOINT] FUTU_US @ 25300
2026-07-30 01:02:54.077 | INFO | FUTU_US | [DB CHECKPOINT] FUTU_US @ 25400
2026-07-30 01:02:54.176 | INFO | FUTU_US | [DB CHECKPOINT] FUTU_US @ 25500
2026-07-30 01:02:54.353 | INFO | FUTU_US | [DB CHECKPOINT] FUTU_US @ 25600
2026-07-30 01:02:54.514 | INFO | FUTU_US | [DB CHECKPOINT] FUTU_US @ 25700
2026-07-30 01:02:54.660 | INFO | FUTU_US | [DB CHECKPOINT] FUTU_US @ 25800
2026-07-30 01:02:54.909 | INFO | FUTU_US | [DB CHECKPOINT] FUTU_US @ 25900
2026-07-30 01:02:54.991 | INFO | FUTU_HK | [FUTU_HK] 账户: 总资产=$823,936.69 现金=$635,296.69 证券=$188,640.00 冻结=$0.00 购买力=$635,296.69 (HKD)
2026-07-30 01:02:55.386 | INFO | FUTU_US | [DB CHECKPOINT] FUTU_US @ 26000
2026-07-30 01:02:55.546 | INFO | FUTU_US | [DB CHECKPOINT] FUTU_US @ 26100
2026-07-30 01:02:55.721 | INFO | FUTU_US | [DB CHECKPOINT] FUTU_US @ 26200
2026-07-30 01:02:56.145 | INFO | FUTU_US | [DB CHECKPOINT] FUTU_US @ 26300
2026-07-30 01:02:56.267 | INFO | FUTU_US | [DB CHECKPOINT] FUTU_US @ 26400
2026-07-30 01:02:56.573 | INFO | FUTU_US | [DB CHECKPOINT] FUTU_US @ 26500
2026-07-30 01:02:56.886 | INFO | FUTU_US | [FUTU_US] 账户: 总资产=$9,999,896.81 现金=$9,996,058.01 证券=$3,838.80 冻结=$0.00 购买力=$19,995,954.82 (USD)
2026-07-30 01:02:56.897 | INFO | FUTU_US | [DB CHECKPOINT] FUTU_US @ 26600
2026-07-30 01:02:57.049 | INFO | FUTU_US | [DB CHECKPOINT] FUTU_US @ 26700
2026-07-30 01:02:57.197 | INFO | FUTU_US | [DB CHECKPOINT] FUTU_US @ 26800
2026-07-30 01:02:57.464 | INFO | FUTU_US | [DB CHECKPOINT] FUTU_US @ 26900
2026-07-30 01:02:57.855 | INFO | FUTU_US | [DB CHECKPOINT] FUTU_US @ 27000
2026-07-30 01:02:57.973 | INFO | FUTU_US | [DB CHECKPOINT] FUTU_US @ 27100
2026-07-30 01:02:58.213 | INFO | FUTU_US | [DB CHECKPOINT] FUTU_US @ 27200
2026-07-30 01:02:58.526 | INFO | FUTU_US | [DB CHECKPOINT] FUTU_US @ 27300
2026-07-30 01:02:58.744 | INFO | FUTU_US | [DB CHECKPOINT] FUTU_US @ 27400
2026-07-30 01:02:58.948 | INFO | FUTU_US | [DB CHECKPOINT] FUTU_US @ 27500
2026-07-30 01:02:59.295 | INFO | FUTU_US | [DB CHECKPOINT] FUTU_US @ 27600
2026-07-30 01:02:59.498 | INFO | FUTU_US | [DB CHECKPOINT] FUTU_US @ 27700
2026-07-30 01:02:59.767 | INFO | FUTU_US | [DB CHECKPOINT] FUTU_US @ 27800
2026-07-30 01:03:00.310 | INFO | FUTU_US | [DB CHECKPOINT] FUTU_US @ 27900
2026-07-30 01:03:00.432 | INFO | FUTU_US | [DB CHECKPOINT] FUTU_US @ 28000
2026-07-30 01:03:00.584 | INFO | FUTU_US | [DB CHECKPOINT] FUTU_US @ 28100
2026-07-30 01:03:00.809 | INFO | FUTU_US | [DB CHECKPOINT] FUTU_US @ 28200
2026-07-30 01:03:00.887 | INFO | FUTU_US | [DB CHECKPOINT] FUTU_US @ 28300
2026-07-30 01:03:01.062 | INFO | FUTU_HK | [FUTU_HK] 账户: 总资产=$823,936.69 现金=$635,296.69 证券=$188,640.00 冻结=$0.00 购买力=$635,296.69 (HKD)
2026-07-30 01:03:01.152 | INFO | FUTU_US | [DB CHECKPOINT] FUTU_US @ 28400
2026-07-30 01:03:01.435 | INFO | FUTU_US | [DB CHECKPOINT] FUTU_US @ 28500
2026-07-30 01:03:02.008 | INFO | FUTU_US | [DB CHECKPOINT] FUTU_US @ 28600
2026-07-30 01:03:02.205 | INFO | FUTU_US | [DB CHECKPOINT] FUTU_US @ 28700
2026-07-30 01:03:02.297 | INFO | FUTU_US | [DB CHECKPOINT] FUTU_US @ 28800
2026-07-30 01:03:02.458 | INFO | FUTU_US | [DB CHECKPOINT] FUTU_US @ 28900
2026-07-30 01:03:02.539 | INFO | FUTU_US | [DB CHECKPOINT] FUTU_US @ 29000
2026-07-30 01:03:02.605 | INFO | FUTU_US | [DB CHECKPOINT] FUTU_US @ 29100
2026-07-30 01:03:02.645 | INFO | FUTU_US | [DB CHECKPOINT] FUTU_US @ 29200
2026-07-30 01:03:02.746 | INFO | FUTU_US | [DB CHECKPOINT] FUTU_US @ 29300
2026-07-30 01:03:03.090 | INFO | FUTU_US | [FUTU_US] 账户: 总资产=$9,999,896.81 现金=$9,996,058.01 证券=$3,838.80 冻结=$0.00 购买力=$19,995,954.82 (USD)
2026-07-30 01:03:03.239 | INFO | FUTU_US | [DB CHECKPOINT] FUTU_US @ 29400
2026-07-30 01:03:03.631 | INFO | FUTU_US | [DB CHECKPOINT] FUTU_US @ 29500
2026-07-30 01:03:03.715 | INFO | FUTU_US | [DB CHECKPOINT] FUTU_US @ 29600
2026-07-30 01:03:04.026 | INFO | FUTU_US | [DB CHECKPOINT] FUTU_US @ 29700
2026-07-30 01:03:04.422 | INFO | FUTU_US | [DB CHECKPOINT] FUTU_US @ 29800
2026-07-30 01:03:04.650 | INFO | FUTU_US | [DB CHECKPOINT] FUTU_US @ 29900
2026-07-30 01:03:05.381 | INFO | FUTU_US | [DB CHECKPOINT] FUTU_US @ 30000
2026-07-30 01:03:06.112 | INFO | FUTU_US | [DB CHECKPOINT] FUTU_US @ 30100
2026-07-30 01:03:06.662 | INFO | FUTU_US | [DB CHECKPOINT] FUTU_US @ 30200
2026-07-30 01:03:06.847 | INFO | FUTU_US | [DB CHECKPOINT] FUTU_US @ 30300
2026-07-30 01:03:07.048 | INFO | FUTU_US | [DB CHECKPOINT] FUTU_US @ 30400
2026-07-30 01:03:07.125 | INFO | FUTU_HK | [FUTU_HK] 账户: 总资产=$823,936.69 现金=$635,296.69 证券=$188,640.00 冻结=$0.00 购买力=$635,296.69 (HKD)
2026-07-30 01:03:07.865 | INFO | FUTU_US | [DB CHECKPOINT] FUTU_US @ 30500
2026-07-30 01:03:09.088 | INFO | FUTU_US | [FUTU_US] 账户: 总资产=$9,999,896.81 现金=$9,996,058.01 证券=$3,838.80 冻结=$0.00 购买力=$19,995,954.82 (USD)
2026-07-30 01:03:09.202 | INFO | FUTU_US | [DB CHECKPOINT] FUTU_US @ 30600
2026-07-30 01:03:09.737 | INFO | FUTU_US | [DB CHECKPOINT] FUTU_US @ 30700
2026-07-30 01:03:10.117 | INFO | FUTU_US | [DB CHECKPOINT] FUTU_US @ 30800
2026-07-30 01:03:10.332 | INFO | FUTU_US | [DB CHECKPOINT] FUTU_US @ 30900
2026-07-30 01:03:10.660 | INFO | FUTU_US | [DB CHECKPOINT] FUTU_US @ 31000
2026-07-30 01:03:11.040 | INFO | FUTU_US | [DB CHECKPOINT] FUTU_US @ 31100
2026-07-30 01:03:12.492 | INFO | FUTU_US | [DB CHECKPOINT] FUTU_US @ 31200
2026-07-30 01:03:13.043 | INFO | FUTU_US | [DB CHECKPOINT] FUTU_US @ 31300
2026-07-30 01:03:13.154 | INFO | FUTU_HK | [FUTU_HK] 账户: 总资产=$823,936.69 现金=$635,296.69 证券=$188,640.00 冻结=$0.00 购买力=$635,296.69 (HKD)
2026-07-30 01:03:13.495 | INFO | FUTU_US | [DB CHECKPOINT] FUTU_US @ 31400
2026-07-30 01:03:13.603 | INFO | FUTU_US | [DB CHECKPOINT] FUTU_US @ 31500
2026-07-30 01:03:13.839 | INFO | FUTU_US | [DB CHECKPOINT] FUTU_US @ 31600
2026-07-30 01:03:14.116 | INFO | FUTU_US | [DB CHECKPOINT] FUTU_US @ 31700
2026-07-30 01:03:14.318 | INFO | FUTU_US | [DB CHECKPOINT] FUTU_US @ 31800
2026-07-30 01:03:15.157 | INFO | FUTU_US | [FUTU_US] 账户: 总资产=$9,999,896.81 现金=$9,996,058.01 证券=$3,838.80 冻结=$0.00 购买力=$19,995,954.82 (USD)
2026-07-30 01:03:15.244 | INFO | FUTU_US | [DB CHECKPOINT] FUTU_US @ 31900
2026-07-30 01:03:15.499 | INFO | FUTU_US | [DB CHECKPOINT] FUTU_US @ 32000
2026-07-30 01:03:15.769 | INFO | FUTU_US | [DB CHECKPOINT] FUTU_US @ 32100
2026-07-30 01:03:15.997 | INFO | FUTU_US | [DB CHECKPOINT] FUTU_US @ 32200
2026-07-30 01:03:16.326 | INFO | FUTU_US | [DB CHECKPOINT] FUTU_US @ 32300
2026-07-30 01:03:16.625 | INFO | FUTU_US | [DB CHECKPOINT] FUTU_US @ 32400
2026-07-30 01:03:16.707 | INFO | FUTU_US | [DB CHECKPOINT] FUTU_US @ 32500
2026-07-30 01:03:16.828 | INFO | FUTU_US | [DB CHECKPOINT] FUTU_US @ 32600
2026-07-30 01:03:16.976 | INFO | FUTU_US | [DB CHECKPOINT] FUTU_US @ 32700
2026-07-30 01:03:17.176 | INFO | FUTU_US | [DB CHECKPOINT] FUTU_US @ 32800
2026-07-30 01:03:17.431 | INFO | FUTU_US | [DB CHECKPOINT] FUTU_US @ 32900
2026-07-30 01:03:18.199 | INFO | FUTU_US | [DB CHECKPOINT] FUTU_US @ 33000
2026-07-30 01:03:18.382 | INFO | FUTU_US | [DB CHECKPOINT] FUTU_US @ 33100
2026-07-30 01:03:18.649 | INFO | FUTU_US | [DB CHECKPOINT] FUTU_US @ 33200
2026-07-30 01:03:18.779 | INFO | FUTU_US | [DB CHECKPOINT] FUTU_US @ 33300
2026-07-30 01:03:19.041 | INFO | FUTU_US | [DB CHECKPOINT] FUTU_US @ 33400
2026-07-30 01:03:19.151 | INFO | FUTU_HK | [FUTU_HK] 账户: 总资产=$823,936.69 现金=$635,296.69 证券=$188,640.00 冻结=$0.00 购买力=$635,296.69 (HKD)
2026-07-30 01:03:19.290 | INFO | FUTU_US | [DB CHECKPOINT] FUTU_US @ 33500
2026-07-30 01:03:19.805 | INFO | FUTU_US | [DB CHECKPOINT] FUTU_US @ 33600
2026-07-30 01:03:20.430 | INFO | FUTU_US | [DB CHECKPOINT] FUTU_US @ 33700
2026-07-30 01:03:20.900 | INFO | FUTU_US | [DB CHECKPOINT] FUTU_US @ 33800
2026-07-30 01:03:21.527 | INFO | FUTU_US | [FUTU_US] 账户: 总资产=$9,999,896.81 现金=$9,996,058.01 证券=$3,838.80 冻结=$0.00 购买力=$19,995,954.82 (USD)
2026-07-30 01:03:21.644 | INFO | FUTU_US | [DB CHECKPOINT] FUTU_US @ 33900
2026-07-30 01:03:21.841 | INFO | FUTU_US | [DB CHECKPOINT] FUTU_US @ 34000
2026-07-30 01:03:22.083 | INFO | FUTU_US | [DB CHECKPOINT] FUTU_US @ 34100
2026-07-30 01:03:22.245 | INFO | FUTU_US | [DB CHECKPOINT] FUTU_US @ 34200
2026-07-30 01:03:22.404 | INFO | FUTU_US | [DB CHECKPOINT] FUTU_US @ 34300
2026-07-30 01:03:22.546 | INFO | FUTU_US | [DB CHECKPOINT] FUTU_US @ 34400
2026-07-30 01:03:22.932 | INFO | FUTU_US | [DB CHECKPOINT] FUTU_US @ 34500
2026-07-30 01:03:23.172 | INFO | FUTU_US | [DB CHECKPOINT] FUTU_US @ 34600
2026-07-30 01:03:23.304 | INFO | FUTU_US | [DB CHECKPOINT] FUTU_US @ 34700
2026-07-30 01:03:23.640 | INFO | FUTU_US | [DB CHECKPOINT] FUTU_US @ 34800
2026-07-30 01:03:23.896 | INFO | FUTU_US | [DB CHECKPOINT] FUTU_US @ 34900
2026-07-30 01:03:24.161 | INFO | FUTU_US | [DB CHECKPOINT] FUTU_US @ 35000
2026-07-30 01:03:24.431 | INFO | FUTU_US | [DB CHECKPOINT] FUTU_US @ 35100
2026-07-30 01:03:24.600 | INFO | FUTU_US | [DB CHECKPOINT] FUTU_US @ 35200
2026-07-30 01:03:24.796 | INFO | FUTU_US | [DB CHECKPOINT] FUTU_US @ 35300
2026-07-30 01:03:24.969 | INFO | FUTU_US | [DB CHECKPOINT] FUTU_US @ 35400
2026-07-30 01:03:25.074 | INFO | FUTU_US | [DB CHECKPOINT] FUTU_US @ 35500
2026-07-30 01:03:25.704 | INFO | FUTU_HK | [FUTU_HK] 账户: 总资产=$823,936.69 现金=$635,296.69 证券=$188,640.00 冻结=$0.00 购买力=$635,296.69 (HKD)
2026-07-30 01:03:25.912 | INFO | FUTU_US | [DB CHECKPOINT] FUTU_US @ 35600
2026-07-30 01:03:26.057 | INFO | FUTU_US | [DB CHECKPOINT] FUTU_US @ 35700
2026-07-30 01:03:26.428 | INFO | FUTU_US | [DB CHECKPOINT] FUTU_US @ 35800
2026-07-30 01:03:26.600 | INFO | FUTU_US | [DB CHECKPOINT] FUTU_US @ 35900
2026-07-30 01:03:27.014 | INFO | FUTU_US | [FUTU_US] 账户: 总资产=$9,999,896.81 现金=$9,996,058.01 证券=$3,838.80 冻结=$0.00 购买力=$19,995,954.82 (USD)
2026-07-30 01:03:27.052 | INFO | FUTU_US | [DB CHECKPOINT] FUTU_US @ 36000
2026-07-30 01:03:27.432 | INFO | FUTU_US | [DB CHECKPOINT] FUTU_US @ 36100
2026-07-30 01:03:27.546 | INFO | FUTU_US | [DB CHECKPOINT] FUTU_US @ 36200
2026-07-30 01:03:27.787 | INFO | FUTU_US | [DB CHECKPOINT] FUTU_US @ 36300
2026-07-30 01:03:28.143 | INFO | FUTU_US | [DB CHECKPOINT] FUTU_US @ 36400
2026-07-30 01:03:28.394 | INFO | FUTU_US | [DB CHECKPOINT] FUTU_US @ 36500
2026-07-30 01:03:28.670 | INFO | FUTU_US | [DB CHECKPOINT] FUTU_US @ 36600
2026-07-30 01:03:28.794 | INFO | FUTU_US | [DB CHECKPOINT] FUTU_US @ 36700
2026-07-30 01:03:29.032 | INFO | FUTU_US | [DB CHECKPOINT] FUTU_US @ 36800
2026-07-30 01:03:29.814 | INFO | FUTU_US | [DB CHECKPOINT] FUTU_US @ 36900
2026-07-30 01:03:30.063 | INFO | FUTU_US | [DB CHECKPOINT] FUTU_US @ 37000
2026-07-30 01:03:30.245 | INFO | FUTU_US | [DB CHECKPOINT] FUTU_US @ 37100
2026-07-30 01:03:30.417 | INFO | FUTU_US | [DB CHECKPOINT] FUTU_US @ 37200
2026-07-30 01:03:30.667 | INFO | FUTU_US | [DB CHECKPOINT] FUTU_US @ 37300
2026-07-30 01:03:30.922 | INFO | FUTU_US | [DB CHECKPOINT] FUTU_US @ 37400
2026-07-30 01:03:31.260 | INFO | FUTU_US | [DB CHECKPOINT] FUTU_US @ 37500
2026-07-30 01:03:31.552 | INFO | FUTU_HK | [FUTU_HK] 账户: 总资产=$823,936.69 现金=$635,296.69 证券=$188,640.00 冻结=$0.00 购买力=$635,296.69 (HKD)
2026-07-30 01:03:31.624 | INFO | FUTU_US | [DB CHECKPOINT] FUTU_US @ 37600
2026-07-30 01:03:32.098 | INFO | FUTU_US | [DB CHECKPOINT] FUTU_US @ 37700
2026-07-30 01:03:32.253 | INFO | FUTU_US | [DB CHECKPOINT] FUTU_US @ 37800
2026-07-30 01:03:32.429 | INFO | FUTU_US | [DB CHECKPOINT] FUTU_US @ 37900
2026-07-30 01:03:32.553 | INFO | FUTU_US | [DB CHECKPOINT] FUTU_US @ 38000
2026-07-30 01:03:32.966 | INFO | FUTU_US | [FUTU_US] 账户: 总资产=$9,999,896.81 现金=$9,996,058.01 证券=$3,838.80 冻结=$0.00 购买力=$19,995,954.82 (USD)
2026-07-30 01:03:33.162 | INFO | FUTU_US | [DB CHECKPOINT] FUTU_US @ 38100
2026-07-30 01:03:33.493 | INFO | FUTU_US | [DB CHECKPOINT] FUTU_US @ 38200
2026-07-30 01:03:34.287 | INFO | FUTU_US | [DB CHECKPOINT] FUTU_US @ 38300
2026-07-30 01:03:34.488 | INFO | FUTU_US | [DB CHECKPOINT] FUTU_US @ 38400
2026-07-30 01:03:34.784 | INFO | FUTU_US | [DB CHECKPOINT] FUTU_US @ 38500
2026-07-30 01:03:35.149 | INFO | FUTU_US | [DB CHECKPOINT] FUTU_US @ 38600
2026-07-30 01:03:35.353 | INFO | FUTU_US | [DB CHECKPOINT] FUTU_US @ 38700
2026-07-30 01:03:35.651 | INFO | FUTU_US | [DB CHECKPOINT] FUTU_US @ 38800
2026-07-30 01:03:35.869 | INFO | FUTU_US | [DB CHECKPOINT] FUTU_US @ 38900
2026-07-30 01:03:36.009 | INFO | FUTU_US | [DB CHECKPOINT] FUTU_US @ 39000
2026-07-30 01:03:36.220 | INFO | FUTU_US | [DB CHECKPOINT] FUTU_US @ 39100
2026-07-30 01:03:36.476 | INFO | FUTU_US | [DB CHECKPOINT] FUTU_US @ 39200
2026-07-30 01:03:36.658 | INFO | FUTU_US | [DB CHECKPOINT] FUTU_US @ 39300
2026-07-30 01:03:36.773 | INFO | FUTU_US | [DB CHECKPOINT] FUTU_US @ 39400
2026-07-30 01:03:36.987 | INFO | FUTU_US | [DB CHECKPOINT] FUTU_US @ 39500
2026-07-30 01:03:37.268 | INFO | FUTU_US | [DB CHECKPOINT] FUTU_US @ 39600
2026-07-30 01:03:37.551 | INFO | FUTU_HK | [FUTU_HK] 账户: 总资产=$823,936.69 现金=$635,296.69 证券=$188,640.00 冻结=$0.00 购买力=$635,296.69 (HKD)
2026-07-30 01:03:37.712 | INFO | FUTU_US | [DB CHECKPOINT] FUTU_US @ 39700
2026-07-30 01:03:37.975 | INFO | FUTU_US | [DB CHECKPOINT] FUTU_US @ 39800
2026-07-30 01:03:38.126 | INFO | FUTU_US | [DB CHECKPOINT] FUTU_US @ 39900
2026-07-30 01:03:38.271 | INFO | FUTU_US | [DB CHECKPOINT] FUTU_US @ 40000
2026-07-30 01:03:39.047 | INFO | FUTU_US | [FUTU_US] 账户: 总资产=$9,999,896.81 现金=$9,996,058.01 证券=$3,838.80 冻结=$0.00 购买力=$19,995,954.82 (USD)
2026-07-30 01:03:39.152 | INFO | FUTU_US | [DB CHECKPOINT] FUTU_US @ 40100
2026-07-30 01:03:39.388 | INFO | FUTU_US | [DB CHECKPOINT] FUTU_US @ 40200
2026-07-30 01:03:39.639 | INFO | FUTU_US | [DB CHECKPOINT] FUTU_US @ 40300
2026-07-30 01:03:39.858 | INFO | FUTU_US | [DB CHECKPOINT] FUTU_US @ 40400
2026-07-30 01:03:40.064 | INFO | FUTU_US | [DB CHECKPOINT] FUTU_US @ 40500
2026-07-30 01:03:40.227 | INFO | FUTU_US | [DB CHECKPOINT] FUTU_US @ 40600
2026-07-30 01:03:40.487 | INFO | FUTU_US | [DB CHECKPOINT] FUTU_US @ 40700
2026-07-30 01:03:40.618 | INFO | FUTU_US | [DB CHECKPOINT] FUTU_US @ 40800
2026-07-30 01:03:40.888 | INFO | FUTU_US | [DB CHECKPOINT] FUTU_US @ 40900
2026-07-30 01:03:41.116 | INFO | FUTU_US | [DB CHECKPOINT] FUTU_US @ 41000
2026-07-30 01:03:41.212 | INFO | FUTU_US | [DB CHECKPOINT] FUTU_US @ 41100
2026-07-30 01:03:41.436 | INFO | FUTU_US | [DB CHECKPOINT] FUTU_US @ 41200
2026-07-30 01:03:41.567 | INFO | FUTU_US | [DB CHECKPOINT] FUTU_US @ 41300
2026-07-30 01:03:41.739 | INFO | FUTU_US | [DB CHECKPOINT] FUTU_US @ 41400
2026-07-30 01:03:41.903 | INFO | FUTU_US | [DB CHECKPOINT] FUTU_US @ 41500
2026-07-30 01:03:42.200 | INFO | FUTU_US | [DB CHECKPOINT] FUTU_US @ 41600
2026-07-30 01:03:42.453 | INFO | FUTU_US | [DB CHECKPOINT] FUTU_US @ 41700
2026-07-30 01:03:42.759 | INFO | FUTU_US | [DB CHECKPOINT] FUTU_US @ 41800
2026-07-30 01:03:43.017 | INFO | FUTU_US | [DB CHECKPOINT] FUTU_US @ 41900
2026-07-30 01:03:43.261 | INFO | FUTU_US | [DB CHECKPOINT] FUTU_US @ 42000
2026-07-30 01:03:43.941 | INFO | FUTU_HK | [FUTU_HK] 账户: 总资产=$823,936.69 现金=$635,296.69 证券=$188,640.00 冻结=$0.00 购买力=$635,296.69 (HKD)
2026-07-30 01:03:44.055 | INFO | FUTU_US | [DB CHECKPOINT] FUTU_US @ 42100
2026-07-30 01:03:44.317 | INFO | FUTU_US | [DB CHECKPOINT] FUTU_US @ 42200
2026-07-30 01:03:44.530 | INFO | FUTU_US | [DB CHECKPOINT] FUTU_US @ 42300
2026-07-30 01:03:44.697 | INFO | FUTU_US | [DB CHECKPOINT] FUTU_US @ 42400
2026-07-30 01:03:45.019 | INFO | FUTU_US | [FUTU_US] 账户: 总资产=$9,999,896.81 现金=$9,996,058.01 证券=$3,838.80 冻结=$0.00 购买力=$19,995,954.82 (USD)
2026-07-30 01:03:45.069 | INFO | FUTU_US | [DB CHECKPOINT] FUTU_US @ 42500
2026-07-30 01:03:45.181 | INFO | FUTU_US | [DB CHECKPOINT] FUTU_US @ 42600
2026-07-30 01:03:45.283 | INFO | FUTU_US | [DB CHECKPOINT] FUTU_US @ 42700
2026-07-30 01:03:45.670 | INFO | FUTU_US | [DB CHECKPOINT] FUTU_US @ 42800
2026-07-30 01:03:45.961 | INFO | FUTU_US | [DB CHECKPOINT] FUTU_US @ 42900
2026-07-30 01:03:46.182 | INFO | FUTU_US | [DB CHECKPOINT] FUTU_US @ 43000
2026-07-30 01:03:46.309 | INFO | FUTU_US | [DB CHECKPOINT] FUTU_US @ 43100
2026-07-30 01:03:46.418 | INFO | FUTU_US | [DB CHECKPOINT] FUTU_US @ 43200
2026-07-30 01:03:46.532 | INFO | FUTU_US | [DB CHECKPOINT] FUTU_US @ 43300
2026-07-30 01:03:46.638 | INFO | FUTU_US | [DB CHECKPOINT] FUTU_US @ 43400
2026-07-30 01:03:46.782 | INFO | FUTU_US | [DB CHECKPOINT] FUTU_US @ 43500
2026-07-30 01:03:47.030 | INFO | FUTU_US | [DB CHECKPOINT] FUTU_US @ 43600
2026-07-30 01:03:47.187 | INFO | FUTU_US | [DB CHECKPOINT] FUTU_US @ 43700
2026-07-30 01:03:47.441 | INFO | FUTU_US | [DB CHECKPOINT] FUTU_US @ 43800
2026-07-30 01:03:47.618 | INFO | FUTU_US | [DB CHECKPOINT] FUTU_US @ 43900
2026-07-30 01:03:47.746 | INFO | FUTU_US | [DB CHECKPOINT] FUTU_US @ 44000
2026-07-30 01:03:47.839 | INFO | FUTU_US | [DB CHECKPOINT] FUTU_US @ 44100
2026-07-30 01:03:47.934 | INFO | FUTU_US | [DB CHECKPOINT] FUTU_US @ 44200
2026-07-30 01:03:48.102 | INFO | FUTU_US | [DB CHECKPOINT] FUTU_US @ 44300
2026-07-30 01:03:48.230 | INFO | FUTU_US | [DB CHECKPOINT] FUTU_US @ 44400
2026-07-30 01:03:48.336 | INFO | FUTU_US | [DB CHECKPOINT] FUTU_US @ 44500
2026-07-30 01:03:49.169 | INFO | FUTU_US | [DB CHECKPOINT] FUTU_US @ 44600
2026-07-30 01:03:49.448 | INFO | FUTU_US | [DB CHECKPOINT] FUTU_US @ 44700
2026-07-30 01:03:49.653 | INFO | FUTU_US | [DB CHECKPOINT] FUTU_US @ 44800
2026-07-30 01:03:49.799 | INFO | FUTU_US | [DB CHECKPOINT] FUTU_US @ 44900
2026-07-30 01:03:49.902 | INFO | FUTU_HK | [FUTU_HK] 账户: 总资产=$823,936.69 现金=$635,296.69 证券=$188,640.00 冻结=$0.00 购买力=$635,296.69 (HKD)
2026-07-30 01:03:49.977 | INFO | FUTU_US | [DB CHECKPOINT] FUTU_US @ 45000
2026-07-30 01:03:50.121 | INFO | FUTU_US | [DB CHECKPOINT] FUTU_US @ 45100
2026-07-30 01:03:50.772 | INFO | FUTU_US | [DB CHECKPOINT] FUTU_US @ 45200
2026-07-30 01:03:51.070 | INFO | FUTU_US | [FUTU_US] 账户: 总资产=$9,999,896.81 现金=$9,996,058.01 证券=$3,838.80 冻结=$0.00 购买力=$19,995,954.82 (USD)
2026-07-30 01:03:51.129 | INFO | FUTU_US | [DB CHECKPOINT] FUTU_US @ 45300
2026-07-30 01:03:51.411 | INFO | FUTU_US | [DB CHECKPOINT] FUTU_US @ 45400
2026-07-30 01:03:51.663 | INFO | FUTU_US | [DB CHECKPOINT] FUTU_US @ 45500
2026-07-30 01:03:51.852 | INFO | FUTU_US | [DB CHECKPOINT] FUTU_US @ 45600
2026-07-30 01:03:52.112 | INFO | FUTU_US | [DB CHECKPOINT] FUTU_US @ 45700
2026-07-30 01:03:52.235 | INFO | FUTU_US | [DB CHECKPOINT] FUTU_US @ 45800
2026-07-30 01:03:52.434 | INFO | FUTU_US | [DB CHECKPOINT] FUTU_US @ 45900
2026-07-30 01:03:52.779 | INFO | FUTU_US | [DB CHECKPOINT] FUTU_US @ 46000
2026-07-30 01:03:52.992 | INFO | FUTU_US | [DB CHECKPOINT] FUTU_US @ 46100
2026-07-30 01:03:53.889 | INFO | FUTU_US | [DB CHECKPOINT] FUTU_US @ 46200
2026-07-30 01:03:54.105 | INFO | FUTU_US | [DB CHECKPOINT] FUTU_US @ 46300
2026-07-30 01:03:54.238 | INFO | FUTU_US | [DB CHECKPOINT] FUTU_US @ 46400
2026-07-30 01:03:54.414 | INFO | FUTU_US | [DB CHECKPOINT] FUTU_US @ 46500
2026-07-30 01:03:54.792 | INFO | FUTU_US | [DB CHECKPOINT] FUTU_US @ 46600
2026-07-30 01:03:55.136 | INFO | FUTU_US | [DB CHECKPOINT] FUTU_US @ 46700
2026-07-30 01:03:55.421 | INFO | FUTU_US | [DB CHECKPOINT] FUTU_US @ 46800
2026-07-30 01:03:55.636 | INFO | FUTU_US | [DB CHECKPOINT] FUTU_US @ 46900
2026-07-30 01:03:55.936 | INFO | FUTU_HK | [FUTU_HK] 账户: 总资产=$823,936.69 现金=$635,296.69 证券=$188,640.00 冻结=$0.00 购买力=$635,296.69 (HKD)
2026-07-30 01:03:55.989 | INFO | FUTU_US | [DB CHECKPOINT] FUTU_US @ 47000
2026-07-30 01:03:56.222 | INFO | FUTU_US | [DB CHECKPOINT] FUTU_US @ 47100
2026-07-30 01:03:56.495 | INFO | FUTU_US | [DB CHECKPOINT] FUTU_US @ 47200
2026-07-30 01:03:56.793 | INFO | FUTU_US | [DB CHECKPOINT] FUTU_US @ 47300
2026-07-30 01:03:57.022 | INFO | FUTU_US | [FUTU_US] 账户: 总资产=$9,999,896.81 现金=$9,996,058.01 证券=$3,838.80 冻结=$0.00 购买力=$19,995,954.82 (USD)
2026-07-30 01:03:57.057 | INFO | FUTU_US | [DB CHECKPOINT] FUTU_US @ 47400
2026-07-30 01:03:57.234 | INFO | FUTU_US | [DB CHECKPOINT] FUTU_US @ 47500
2026-07-30 01:03:57.481 | INFO | FUTU_US | [DB CHECKPOINT] FUTU_US @ 47600
2026-07-30 01:03:57.730 | INFO | FUTU_US | [DB CHECKPOINT] FUTU_US @ 47700
2026-07-30 01:03:58.033 | INFO | FUTU_US | [DB CHECKPOINT] FUTU_US @ 47800
2026-07-30 01:03:58.308 | INFO | FUTU_US | [DB CHECKPOINT] FUTU_US @ 47900
2026-07-30 01:03:58.519 | INFO | FUTU_US | [DB CHECKPOINT] FUTU_US @ 48000
2026-07-30 01:03:59.724 | INFO | FUTU_US | [DB CHECKPOINT] FUTU_US @ 48100
2026-07-30 01:03:59.859 | INFO | FUTU_US | [DB CHECKPOINT] FUTU_US @ 48200
2026-07-30 01:04:00.101 | INFO | FUTU_US | [DB CHECKPOINT] FUTU_US @ 48300
2026-07-30 01:04:00.381 | INFO | FUTU_US | [DB CHECKPOINT] FUTU_US @ 48400
2026-07-30 01:04:00.567 | INFO | FUTU_US | [DB CHECKPOINT] FUTU_US @ 48500
2026-07-30 01:04:00.707 | INFO | FUTU_US | [DB CHECKPOINT] FUTU_US @ 48600
2026-07-30 01:04:00.858 | INFO | FUTU_US | [DB CHECKPOINT] FUTU_US @ 48700
2026-07-30 01:04:01.107 | INFO | FUTU_US | [DB CHECKPOINT] FUTU_US @ 48800
2026-07-30 01:04:01.283 | INFO | FUTU_US | [DB CHECKPOINT] FUTU_US @ 48900
2026-07-30 01:04:01.588 | INFO | FUTU_US | [DB CHECKPOINT] FUTU_US @ 49000
2026-07-30 01:04:01.856 | INFO | FUTU_US | [DB CHECKPOINT] FUTU_US @ 49100
2026-07-30 01:04:02.033 | INFO | FUTU_US | [DB CHECKPOINT] FUTU_US @ 49200
2026-07-30 01:04:02.272 | INFO | FUTU_HK | [FUTU_HK] 账户: 总资产=$823,936.69 现金=$635,296.69 证券=$188,640.00 冻结=$0.00 购买力=$635,296.69 (HKD)
2026-07-30 01:04:02.362 | INFO | FUTU_US | [DB CHECKPOINT] FUTU_US @ 49300
2026-07-30 01:04:02.654 | INFO | FUTU_US | [DB CHECKPOINT] FUTU_US @ 49400
2026-07-30 01:04:02.783 | INFO | FUTU_US | [DB CHECKPOINT] FUTU_US @ 49500
2026-07-30 01:04:03.032 | INFO | FUTU_US | [DB CHECKPOINT] FUTU_US @ 49600
2026-07-30 01:04:03.192 | INFO | FUTU_US | [DB CHECKPOINT] FUTU_US @ 49700
2026-07-30 01:04:03.282 | INFO | FUTU_US | [FUTU_US] 账户: 总资产=$9,999,896.81 现金=$9,996,058.01 证券=$3,838.80 冻结=$0.00 购买力=$19,995,954.82 (USD)
2026-07-30 01:04:03.718 | INFO | FUTU_US | [DB CHECKPOINT] FUTU_US @ 49800
2026-07-30 01:04:04.883 | INFO | FUTU_US | [DB CHECKPOINT] FUTU_US @ 49900
2026-07-30 01:04:05.048 | INFO | FUTU_US | [DB CHECKPOINT] FUTU_US @ 50000
2026-07-30 01:04:05.388 | INFO | FUTU_US | [DB CHECKPOINT] FUTU_US @ 50100
2026-07-30 01:04:05.589 | INFO | FUTU_US | [DB CHECKPOINT] FUTU_US @ 50200
2026-07-30 01:04:05.942 | INFO | FUTU_US | [DB CHECKPOINT] FUTU_US @ 50300
2026-07-30 01:04:06.203 | INFO | FUTU_US | [DB CHECKPOINT] FUTU_US @ 50400
2026-07-30 01:04:06.404 | INFO | FUTU_US | [DB CHECKPOINT] FUTU_US @ 50500
2026-07-30 01:04:06.666 | INFO | FUTU_US | [DB CHECKPOINT] FUTU_US @ 50600
2026-07-30 01:04:06.733 | INFO | FUTU_US | [DB CHECKPOINT] FUTU_US @ 50700
2026-07-30 01:04:06.936 | INFO | FUTU_US | [DB CHECKPOINT] FUTU_US @ 50800
2026-07-30 01:04:07.072 | INFO | FUTU_US | [DB CHECKPOINT] FUTU_US @ 50900
2026-07-30 01:04:07.301 | INFO | FUTU_US | [DB CHECKPOINT] FUTU_US @ 51000
2026-07-30 01:04:07.548 | INFO | FUTU_US | [DB CHECKPOINT] FUTU_US @ 51100
2026-07-30 01:04:07.658 | INFO | FUTU_US | [DB CHECKPOINT] FUTU_US @ 51200
2026-07-30 01:04:07.997 | INFO | FUTU_US | [DB CHECKPOINT] FUTU_US @ 51300
2026-07-30 01:04:08.353 | INFO | FUTU_US | [DB CHECKPOINT] FUTU_US @ 51400
2026-07-30 01:04:08.530 | INFO | FUTU_HK | [FUTU_HK] 账户: 总资产=$823,936.69 现金=$635,296.69 证券=$188,640.00 冻结=$0.00 购买力=$635,296.69 (HKD)
2026-07-30 01:04:08.702 | INFO | FUTU_US | [DB CHECKPOINT] FUTU_US @ 51500
2026-07-30 01:04:09.053 | INFO | FUTU_US | [DB CHECKPOINT] FUTU_US @ 51600
2026-07-30 01:04:09.278 | INFO | FUTU_US | [DB CHECKPOINT] FUTU_US @ 51700
2026-07-30 01:04:09.538 | INFO | FUTU_US | [FUTU_US] 账户: 总资产=$9,999,896.81 现金=$9,996,058.01 证券=$3,838.80 冻结=$0.00 购买力=$19,995,954.82 (USD)
2026-07-30 01:04:09.538 | INFO | FUTU_US | [DB CHECKPOINT] FUTU_US @ 51800
2026-07-30 01:04:10.750 | INFO | FUTU_US | [DB CHECKPOINT] FUTU_US @ 51900
2026-07-30 01:04:11.027 | INFO | FUTU_US | [DB CHECKPOINT] FUTU_US @ 52000
2026-07-30 01:04:11.265 | INFO | FUTU_US | [DB CHECKPOINT] FUTU_US @ 52100
2026-07-30 01:04:11.598 | INFO | FUTU_US | [DB CHECKPOINT] FUTU_US @ 52200
2026-07-30 01:04:12.123 | INFO | FUTU_US | [DB CHECKPOINT] FUTU_US @ 52300
2026-07-30 01:04:12.269 | INFO | FUTU_US | [DB CHECKPOINT] FUTU_US @ 52400
2026-07-30 01:04:12.440 | INFO | FUTU_US | [DB CHECKPOINT] FUTU_US @ 52500
2026-07-30 01:04:12.884 | INFO | FUTU_US | [DB CHECKPOINT] FUTU_US @ 52600
2026-07-30 01:04:13.166 | INFO | FUTU_US | [DB CHECKPOINT] FUTU_US @ 52700
2026-07-30 01:04:13.386 | INFO | FUTU_US | [DB CHECKPOINT] FUTU_US @ 52800
2026-07-30 01:04:13.737 | INFO | FUTU_US | [DB CHECKPOINT] FUTU_US @ 52900
2026-07-30 01:04:14.016 | INFO | FUTU_US | [DB CHECKPOINT] FUTU_US @ 53000
2026-07-30 01:04:14.345 | INFO | FUTU_US | [DB CHECKPOINT] FUTU_US @ 53100
2026-07-30 01:04:14.549 | INFO | FUTU_HK | [FUTU_HK] 账户: 总资产=$823,936.69 现金=$635,296.69 证券=$188,640.00 冻结=$0.00 购买力=$635,296.69 (HKD)
2026-07-30 01:04:14.636 | INFO | FUTU_US | [DB CHECKPOINT] FUTU_US @ 53200
2026-07-30 01:04:14.926 | INFO | FUTU_US | [DB CHECKPOINT] FUTU_US @ 53300
2026-07-30 01:04:15.106 | INFO | FUTU_US | [DB CHECKPOINT] FUTU_US @ 53400
2026-07-30 01:04:15.376 | INFO | FUTU_US | [DB CHECKPOINT] FUTU_US @ 53500
2026-07-30 01:04:15.538 | INFO | FUTU_US | [FUTU_US] 账户: 总资产=$9,999,896.81 现金=$9,996,058.01 证券=$3,838.80 冻结=$0.00 购买力=$19,995,954.82 (USD)
2026-07-30 01:04:15.750 | INFO | FUTU_US | [DB CHECKPOINT] FUTU_US @ 53600
2026-07-30 01:04:17.040 | INFO | FUTU_US | [DB CHECKPOINT] FUTU_US @ 53700
2026-07-30 01:04:17.808 | INFO | FUTU_US | [DB CHECKPOINT] FUTU_US @ 53800
2026-07-30 01:04:18.245 | INFO | FUTU_US | [DB CHECKPOINT] FUTU_US @ 53900
2026-07-30 01:04:18.618 | INFO | FUTU_US | [DB CHECKPOINT] FUTU_US @ 54000
2026-07-30 01:04:19.006 | INFO | FUTU_US | [DB CHECKPOINT] FUTU_US @ 54100
2026-07-30 01:04:19.349 | INFO | FUTU_US | [DB CHECKPOINT] FUTU_US @ 54200
2026-07-30 01:04:19.755 | INFO | FUTU_US | [DB CHECKPOINT] FUTU_US @ 54300
2026-07-30 01:04:20.962 | INFO | FUTU_HK | [FUTU_HK] 账户: 总资产=$823,936.69 现金=$635,296.69 证券=$188,640.00 冻结=$0.00 购买力=$635,296.69 (HKD)
2026-07-30 01:04:21.075 | INFO | FUTU_US | [DB CHECKPOINT] FUTU_US @ 54400
2026-07-30 01:04:21.701 | INFO | FUTU_US | [DB CHECKPOINT] FUTU_US @ 54500
2026-07-30 01:04:22.000 | INFO | FUTU_US | [FUTU_US] 账户: 总资产=$9,999,896.81 现金=$9,996,058.01 证券=$3,838.80 冻结=$0.00 购买力=$19,995,954.82 (USD)
2026-07-30 01:04:22.291 | INFO | FUTU_US | [DB CHECKPOINT] FUTU_US @ 54600
2026-07-30 01:04:22.782 | INFO | FUTU_US | [DB CHECKPOINT] FUTU_US @ 54700
2026-07-30 01:04:25.276 | INFO | FUTU_US | [DB CHECKPOINT] FUTU_US @ 54800
2026-07-30 01:04:25.881 | INFO | FUTU_US | [DB CHECKPOINT] FUTU_US @ 54900
2026-07-30 01:04:26.257 | INFO | FUTU_US | [DB CHECKPOINT] FUTU_US @ 55000
2026-07-30 01:04:26.793 | INFO | FUTU_US | [DB CHECKPOINT] FUTU_US @ 55100
2026-07-30 01:04:27.103 | INFO | FUTU_HK | [FUTU_HK] 账户: 总资产=$823,936.69 现金=$635,296.69 证券=$188,640.00 冻结=$0.00 购买力=$635,296.69 (HKD)
2026-07-30 01:04:27.349 | INFO | FUTU_US | [DB CHECKPOINT] FUTU_US @ 55200
2026-07-30 01:04:28.676 | INFO | FUTU_US | [DB CHECKPOINT] FUTU_US @ 55300
2026-07-30 01:04:28.691 | INFO | FUTU_US | [FUTU_US] 账户: 总资产=$9,999,896.81 现金=$9,996,058.01 证券=$3,838.80 冻结=$0.00 购买力=$19,995,954.82 (USD)
2026-07-30 01:04:29.309 | INFO | FUTU_US | [DB CHECKPOINT] FUTU_US @ 55400
2026-07-30 01:04:30.058 | INFO | FUTU_US | [DB CHECKPOINT] FUTU_US @ 55500
2026-07-30 01:04:30.592 | INFO | FUTU_US | [DB CHECKPOINT] FUTU_US @ 55600
2026-07-30 01:04:31.300 | INFO | FUTU_US | [DB CHECKPOINT] FUTU_US @ 55700
2026-07-30 01:04:31.739 | INFO | FUTU_US | [DB CHECKPOINT] FUTU_US @ 55800
2026-07-30 01:04:34.457 | INFO | FUTU_HK | [FUTU_HK] 账户: 总资产=$823,936.69 现金=$635,296.69 证券=$188,640.00 冻结=$0.00 购买力=$635,296.69 (HKD)
2026-07-30 01:04:34.699 | INFO | FUTU_US | [DB CHECKPOINT] FUTU_US @ 55900
2026-07-30 01:04:35.218 | INFO | FUTU_US | [DB CHECKPOINT] FUTU_US @ 56000
2026-07-30 01:04:35.467 | INFO | FUTU_US | [FUTU_US] 账户: 总资产=$9,999,896.81 现金=$9,996,058.01 证券=$3,838.80 冻结=$0.00 购买力=$19,995,954.82 (USD)
2026-07-30 01:04:35.596 | INFO | FUTU_US | [DB CHECKPOINT] FUTU_US @ 56100
2026-07-30 01:04:36.488 | INFO | FUTU_US | [DB CHECKPOINT] FUTU_US @ 56200
2026-07-30 01:04:37.326 | INFO | FUTU_US | [DB CHECKPOINT] FUTU_US @ 56300
2026-07-30 01:04:37.868 | INFO | FUTU_US | [DB CHECKPOINT] FUTU_US @ 56400
2026-07-30 01:04:38.242 | INFO | FUTU_US | [DB CHECKPOINT] FUTU_US @ 56500
2026-07-30 01:04:38.889 | INFO | FUTU_US | [DB CHECKPOINT] FUTU_US @ 56600
2026-07-30 01:04:39.170 | INFO | FUTU_US | [DB CHECKPOINT] FUTU_US @ 56700
2026-07-30 01:04:39.404 | INFO | FUTU_US | [DB CHECKPOINT] FUTU_US @ 56800
2026-07-30 01:04:39.557 | INFO | FUTU_US | [DB CHECKPOINT] FUTU_US @ 56900
2026-07-30 01:04:40.598 | INFO | FUTU_US | [DB CHECKPOINT] FUTU_US @ 57000
2026-07-30 01:04:40.722 | INFO | FUTU_HK | [FUTU_HK] 账户: 总资产=$823,936.69 现金=$635,296.69 证券=$188,640.00 冻结=$0.00 购买力=$635,296.69 (HKD)
2026-07-30 01:04:43.438 | INFO | FUTU_US | [FUTU_US] 账户: 总资产=$9,999,896.81 现金=$9,996,058.01 证券=$3,838.80 冻结=$0.00 购买力=$19,995,954.82 (USD)
2026-07-30 01:04:44.877 | INFO | FUTU_US | [DB CHECKPOINT] FUTU_US @ 57100
2026-07-30 01:04:45.361 | INFO | FUTU_US | [DB CHECKPOINT] FUTU_US @ 57200
2026-07-30 01:04:45.915 | INFO | FUTU_US | [DB CHECKPOINT] FUTU_US @ 57300
2026-07-30 01:04:46.552 | INFO | FUTU_US | [DB CHECKPOINT] FUTU_US @ 57400
2026-07-30 01:04:46.897 | INFO | FUTU_US | [DB CHECKPOINT] FUTU_US @ 57500
2026-07-30 01:04:46.988 | INFO | FUTU_US | [DB CHECKPOINT] FUTU_US @ 57600
2026-07-30 01:04:47.181 | INFO | FUTU_HK | [FUTU_HK] 账户: 总资产=$823,936.69 现金=$635,296.69 证券=$188,640.00 冻结=$0.00 购买力=$635,296.69 (HKD)
2026-07-30 01:04:47.308 | INFO | FUTU_US | [DB CHECKPOINT] FUTU_US @ 57700
2026-07-30 01:04:47.517 | INFO | FUTU_US | [DB CHECKPOINT] FUTU_US @ 57800
2026-07-30 01:04:47.780 | INFO | FUTU_US | [DB CHECKPOINT] FUTU_US @ 57900
2026-07-30 01:04:48.155 | INFO | FUTU_US | [DB CHECKPOINT] FUTU_US @ 58000
2026-07-30 01:04:48.192 | INFO | FUTU_US | [FUTU_US] 账户: 总资产=$9,999,896.81 现金=$9,996,058.01 证券=$3,838.80 冻结=$0.00 购买力=$19,995,954.82 (USD)
2026-07-30 01:04:48.569 | INFO | FUTU_US | [DB CHECKPOINT] FUTU_US @ 58100
2026-07-30 01:04:49.091 | INFO | FUTU_US | [DB CHECKPOINT] FUTU_US @ 58200
2026-07-30 01:04:49.668 | INFO | FUTU_US | [DB CHECKPOINT] FUTU_US @ 58300
2026-07-30 01:04:50.400 | INFO | FUTU_US | [DB CHECKPOINT] FUTU_US @ 58400
2026-07-30 01:04:50.548 | INFO | FUTU_US | [DB CHECKPOINT] FUTU_US @ 58500
2026-07-30 01:04:50.786 | INFO | FUTU_US | [DB CHECKPOINT] FUTU_US @ 58600
2026-07-30 01:04:51.805 | INFO | FUTU_US | [DB CHECKPOINT] FUTU_US @ 58700
2026-07-30 01:04:52.250 | INFO | FUTU_US | [DB CHECKPOINT] FUTU_US @ 58800
2026-07-30 01:04:55.480 | INFO | FUTU_HK | [FUTU_HK] 账户: 总资产=$823,936.69 现金=$635,296.69 证券=$188,640.00 冻结=$0.00 购买力=$635,296.69 (HKD)
2026-07-30 01:04:56.054 | INFO | FUTU_US | [FUTU_US] 账户: 总资产=$9,999,896.81 现金=$9,996,058.01 证券=$3,838.80 冻结=$0.00 购买力=$19,995,954.82 (USD)
2026-07-30 01:04:58.161 | INFO | FUTU_US | [DB CHECKPOINT] FUTU_US @ 58900
2026-07-30 01:04:58.760 | INFO | FUTU_US | [DB CHECKPOINT] FUTU_US @ 59000
2026-07-30 01:04:59.750 | INFO | FUTU_US | [DB CHECKPOINT] FUTU_US @ 59100
2026-07-30 01:05:00.213 | INFO | FUTU_HK | [FUTU_HK] 账户: 总资产=$823,936.69 现金=$635,296.69 证券=$188,640.00 冻结=$0.00 购买力=$635,296.69 (HKD)
2026-07-30 01:05:00.374 | INFO | FUTU_US | [DB CHECKPOINT] FUTU_US @ 59200
2026-07-30 01:05:01.279 | INFO | FUTU_US | [FUTU_US] 账户: 总资产=$9,999,896.81 现金=$9,996,058.01 证券=$3,838.80 冻结=$0.00 购买力=$19,995,954.82 (USD)
2026-07-30 01:05:01.280 | INFO | FUTU_US | [DB CHECKPOINT] FUTU_US @ 59300
2026-07-30 01:05:01.719 | INFO | FUTU_US | [DB CHECKPOINT] FUTU_US @ 59400
2026-07-30 01:05:02.367 | INFO | FUTU_US | [DB CHECKPOINT] FUTU_US @ 59500
2026-07-30 01:05:02.967 | INFO | FUTU_US | [DB CHECKPOINT] FUTU_US @ 59600
2026-07-30 01:05:03.869 | INFO | FUTU_US | [DB CHECKPOINT] FUTU_US @ 59700
2026-07-30 01:05:04.605 | INFO | FUTU_US | [DB CHECKPOINT] FUTU_US @ 59800
2026-07-30 01:05:05.255 | INFO | FUTU_US | [DB CHECKPOINT] FUTU_US @ 59900
2026-07-30 01:05:05.802 | INFO | FUTU_US | [DB CHECKPOINT] FUTU_US @ 60000
2026-07-30 01:05:06.315 | INFO | FUTU_HK | [FUTU_HK] 账户: 总资产=$823,936.69 现金=$635,296.69 证券=$188,640.00 冻结=$0.00 购买力=$635,296.69 (HKD)
2026-07-30 01:05:06.316 | INFO | FUTU_US | [DB CHECKPOINT] FUTU_US @ 60100
2026-07-30 01:05:09.653 | INFO | FUTU_US | [DB CHECKPOINT] FUTU_US @ 60200
2026-07-30 01:05:09.774 | INFO | FUTU_US | [FUTU_US] 账户: 总资产=$9,999,896.81 现金=$9,996,058.01 证券=$3,838.80 冻结=$0.00 购买力=$19,995,954.82 (USD)
2026-07-30 01:05:11.780 | INFO | FUTU_US | [DB CHECKPOINT] FUTU_US @ 60300
2026-07-30 01:05:12.128 | INFO | FUTU_US | [DB CHECKPOINT] FUTU_US @ 60400
2026-07-30 01:05:12.454 | INFO | FUTU_US | [DB CHECKPOINT] FUTU_US @ 60500
2026-07-30 01:05:12.791 | INFO | FUTU_US | [DB CHECKPOINT] FUTU_US @ 60600
2026-07-30 01:05:13.275 | INFO | FUTU_US | [DB CHECKPOINT] FUTU_US @ 60700
2026-07-30 01:05:13.565 | INFO | FUTU_HK | [FUTU_HK] 账户: 总资产=$823,936.69 现金=$635,296.69 证券=$188,640.00 冻结=$0.00 购买力=$635,296.69 (HKD)
2026-07-30 01:05:13.596 | INFO | FUTU_US | [DB CHECKPOINT] FUTU_US @ 60800
2026-07-30 01:05:13.892 | INFO | FUTU_US | [DB CHECKPOINT] FUTU_US @ 60900
2026-07-30 01:05:14.176 | INFO | FUTU_US | [DB CHECKPOINT] FUTU_US @ 61000
2026-07-30 01:05:14.389 | INFO | FUTU_US | [DB CHECKPOINT] FUTU_US @ 61100
2026-07-30 01:05:14.591 | INFO | FUTU_US | [FUTU_US] 账户: 总资产=$9,999,896.81 现金=$9,996,058.01 证券=$3,838.80 冻结=$0.00 购买力=$19,995,954.82 (USD)
2026-07-30 01:05:14.629 | INFO | FUTU_US | [DB CHECKPOINT] FUTU_US @ 61200
2026-07-30 01:05:14.966 | INFO | FUTU_US | [DB CHECKPOINT] FUTU_US @ 61300
2026-07-30 01:05:15.239 | INFO | FUTU_US | [DB CHECKPOINT] FUTU_US @ 61400
2026-07-30 01:05:15.430 | INFO | FUTU_US | [DB CHECKPOINT] FUTU_US @ 61500
2026-07-30 01:05:15.802 | INFO | FUTU_US | [DB CHECKPOINT] FUTU_US @ 61600
2026-07-30 01:05:16.023 | INFO | FUTU_US | [DB CHECKPOINT] FUTU_US @ 61700
2026-07-30 01:05:16.549 | INFO | FUTU_US | [DB CHECKPOINT] FUTU_US @ 61800
2026-07-30 01:05:17.085 | INFO | FUTU_US | [DB CHECKPOINT] FUTU_US @ 61900
2026-07-30 01:05:17.791 | INFO | FUTU_US | [DB CHECKPOINT] FUTU_US @ 62000
2026-07-30 01:05:18.620 | INFO | FUTU_US | [DB CHECKPOINT] FUTU_US @ 62100
2026-07-30 01:05:19.295 | INFO | FUTU_US | [DB CHECKPOINT] FUTU_US @ 62200
2026-07-30 01:05:19.611 | INFO | FUTU_HK | [FUTU_HK] 账户: 总资产=$823,936.69 现金=$635,296.69 证券=$188,640.00 冻结=$0.00 购买力=$635,296.69 (HKD)
2026-07-30 01:05:19.686 | INFO | FUTU_US | [DB CHECKPOINT] FUTU_US @ 62300
2026-07-30 01:05:20.048 | INFO | FUTU_US | [DB CHECKPOINT] FUTU_US @ 62400
2026-07-30 01:05:20.293 | INFO | FUTU_US | [DB CHECKPOINT] FUTU_US @ 62500
2026-07-30 01:05:20.502 | INFO | FUTU_US | [DB CHECKPOINT] FUTU_US @ 62600
2026-07-30 01:05:20.610 | INFO | FUTU_US | [FUTU_US] 账户: 总资产=$9,999,896.81 现金=$9,996,058.01 证券=$3,838.80 冻结=$0.00 购买力=$19,995,954.82 (USD)
2026-07-30 01:05:20.648 | INFO | FUTU_US | [DB CHECKPOINT] FUTU_US @ 62700
2026-07-30 01:05:20.982 | INFO | FUTU_US | [DB CHECKPOINT] FUTU_US @ 62800
2026-07-30 01:05:21.718 | INFO | FUTU_US | [DB CHECKPOINT] FUTU_US @ 62900
2026-07-30 01:05:22.315 | INFO | FUTU_US | [DB CHECKPOINT] FUTU_US @ 63000
2026-07-30 01:05:22.526 | INFO | FUTU_US | [DB CHECKPOINT] FUTU_US @ 63100
2026-07-30 01:05:22.729 | INFO | FUTU_US | [DB CHECKPOINT] FUTU_US @ 63200
2026-07-30 01:05:22.873 | INFO | FUTU_US | [DB CHECKPOINT] FUTU_US @ 63300
2026-07-30 01:05:23.203 | INFO | FUTU_US | [DB CHECKPOINT] FUTU_US @ 63400
2026-07-30 01:05:23.266 | INFO | FUTU_US | [DB CHECKPOINT] FUTU_US @ 63500
2026-07-30 01:05:26.180 | INFO | FUTU_US | [DB CHECKPOINT] FUTU_US @ 63600
2026-07-30 01:05:26.663 | INFO | FUTU_US | [DB CHECKPOINT] FUTU_US @ 63700
2026-07-30 01:05:27.051 | INFO | FUTU_HK | [FUTU_HK] 账户: 总资产=$823,936.69 现金=$635,296.69 证券=$188,640.00 冻结=$0.00 购买力=$635,296.69 (HKD)
2026-07-30 01:05:27.143 | INFO | FUTU_US | [DB CHECKPOINT] FUTU_US @ 63800
2026-07-30 01:05:27.732 | INFO | FUTU_US | [DB CHECKPOINT] FUTU_US @ 63900
2026-07-30 01:05:28.046 | INFO | FUTU_US | [FUTU_US] 账户: 总资产=$9,999,896.81 现金=$9,996,058.01 证券=$3,838.80 冻结=$0.00 购买力=$19,995,954.82 (USD)
2026-07-30 01:05:28.413 | INFO | FUTU_US | [DB CHECKPOINT] FUTU_US @ 64000
2026-07-30 01:05:28.707 | INFO | FUTU_US | [DB CHECKPOINT] FUTU_US @ 64100
2026-07-30 01:05:28.862 | INFO | FUTU_US | [DB CHECKPOINT] FUTU_US @ 64200
2026-07-30 01:05:29.175 | INFO | FUTU_US | [DB CHECKPOINT] FUTU_US @ 64300
2026-07-30 01:05:29.220 | INFO | FUTU_US | [DB CHECKPOINT] FUTU_US @ 64400
2026-07-30 01:05:29.375 | INFO | FUTU_US | [DB CHECKPOINT] FUTU_US @ 64500
2026-07-30 01:05:29.675 | INFO | FUTU_US | [DB CHECKPOINT] FUTU_US @ 64600
2026-07-30 01:05:29.987 | INFO | FUTU_US | [DB CHECKPOINT] FUTU_US @ 64700
2026-07-30 01:05:30.226 | INFO | FUTU_US | [DB CHECKPOINT] FUTU_US @ 64800
2026-07-30 01:05:30.352 | INFO | FUTU_US | [DB CHECKPOINT] FUTU_US @ 64900
2026-07-30 01:05:30.578 | INFO | FUTU_US | [DB CHECKPOINT] FUTU_US @ 65000
2026-07-30 01:05:30.755 | INFO | FUTU_US | [DB CHECKPOINT] FUTU_US @ 65100
2026-07-30 01:05:30.995 | INFO | FUTU_US | [DB CHECKPOINT] FUTU_US @ 65200
2026-07-30 01:05:31.305 | INFO | FUTU_US | [DB CHECKPOINT] FUTU_US @ 65300
2026-07-30 01:05:31.669 | INFO | FUTU_US | [DB CHECKPOINT] FUTU_US @ 65400
2026-07-30 01:05:31.982 | INFO | FUTU_US | [DB CHECKPOINT] FUTU_US @ 65500
2026-07-30 01:05:32.230 | INFO | FUTU_US | [DB CHECKPOINT] FUTU_US @ 65600
2026-07-30 01:05:32.416 | INFO | FUTU_US | [DB CHECKPOINT] FUTU_US @ 65700
2026-07-30 01:05:32.629 | INFO | FUTU_US | [DB CHECKPOINT] FUTU_US @ 65800
2026-07-30 01:05:32.810 | INFO | FUTU_US | [DB CHECKPOINT] FUTU_US @ 65900
2026-07-30 01:05:33.028 | INFO | FUTU_HK | [FUTU_HK] 账户: 总资产=$823,936.69 现金=$635,296.69 证券=$188,640.00 冻结=$0.00 购买力=$635,296.69 (HKD)
2026-07-30 01:05:33.033 | INFO | FUTU_US | [DB CHECKPOINT] FUTU_US @ 66000
2026-07-30 01:05:33.347 | INFO | FUTU_US | [DB CHECKPOINT] FUTU_US @ 66100
2026-07-30 01:05:33.706 | INFO | FUTU_US | [DB CHECKPOINT] FUTU_US @ 66200
2026-07-30 01:05:34.165 | INFO | FUTU_US | [FUTU_US] 账户: 总资产=$9,999,896.81 现金=$9,996,058.01 证券=$3,838.80 冻结=$0.00 购买力=$19,995,954.82 (USD)
2026-07-30 01:05:34.177 | INFO | FUTU_US | [DB CHECKPOINT] FUTU_US @ 66300
2026-07-30 01:05:34.341 | INFO | FUTU_US | [DB CHECKPOINT] FUTU_US @ 66400
2026-07-30 01:05:34.438 | INFO | FUTU_US | [DB CHECKPOINT] FUTU_US @ 66500
2026-07-30 01:05:34.552 | INFO | FUTU_US | [DB CHECKPOINT] FUTU_US @ 66600
2026-07-30 01:05:34.611 | INFO | FUTU_US | [DB CHECKPOINT] FUTU_US @ 66700
2026-07-30 01:05:34.716 | INFO | FUTU_US | [DB CHECKPOINT] FUTU_US @ 66800
2026-07-30 01:05:34.799 | INFO | FUTU_US | [DB CHECKPOINT] FUTU_US @ 66900
2026-07-30 01:05:34.872 | INFO | FUTU_US | [DB CHECKPOINT] FUTU_US @ 67000
2026-07-30 01:05:34.928 | INFO | FUTU_US | [DB CHECKPOINT] FUTU_US @ 67100
2026-07-30 01:05:34.958 | INFO | FUTU_US | [DB CHECKPOINT] FUTU_US @ 67200
2026-07-30 01:05:35.011 | INFO | FUTU_US | [DB CHECKPOINT] FUTU_US @ 67300
2026-07-30 01:05:35.059 | INFO | FUTU_US | [DB CHECKPOINT] FUTU_US @ 67400
2026-07-30 01:05:35.152 | INFO | FUTU_US | [DB CHECKPOINT] FUTU_US @ 67500
2026-07-30 01:05:35.238 | INFO | FUTU_US | [DB CHECKPOINT] FUTU_US @ 67600
2026-07-30 01:05:35.326 | INFO | FUTU_US | [DB CHECKPOINT] FUTU_US @ 67700
2026-07-30 01:05:35.412 | INFO | FUTU_US | [DB CHECKPOINT] FUTU_US @ 67800
2026-07-30 01:05:35.500 | INFO | FUTU_US | [DB CHECKPOINT] FUTU_US @ 67900
2026-07-30 01:05:35.629 | INFO | FUTU_US | [DB CHECKPOINT] FUTU_US @ 68000
2026-07-30 01:05:35.754 | INFO | FUTU_US | [DB CHECKPOINT] FUTU_US @ 68100
2026-07-30 01:05:35.852 | INFO | FUTU_US | [DB CHECKPOINT] FUTU_US @ 68200
2026-07-30 01:05:35.950 | INFO | FUTU_US | [DB CHECKPOINT] FUTU_US @ 68300
2026-07-30 01:05:36.034 | INFO | FUTU_US | [DB CHECKPOINT] FUTU_US @ 68400
2026-07-30 01:05:36.114 | INFO | FUTU_US | [DB CHECKPOINT] FUTU_US @ 68500
2026-07-30 01:05:36.212 | INFO | FUTU_US | [DB CHECKPOINT] FUTU_US @ 68600
2026-07-30 01:05:51.417 | INFO | FUTU_US | [FUTU_US] 行情接口连接成功（含多周期K线+TICKER）
2026-07-30 01:05:51.429 | INFO | FUTU_US | [FUTU_US] 交易接口解锁提示: 请使用OpenD页面右上角解锁按钮解锁交易，GUI版本OpenD已屏蔽解锁接口
2026-07-30 01:05:51.433 | INFO | FUTU_US | [FUTU_US] 账户列表 (共 2 个):
2026-07-30 01:05:51.433 | INFO | FUTU_US |   acc_id=281756478840044880 env=REAL type=MARGIN sim_type=N/A status=ACTIVE
2026-07-30 01:05:51.433 | INFO | FUTU_US |   acc_id=20074546 env=SIMULATE type=MARGIN sim_type=STOCK_AND_OPTION status=ACTIVE
2026-07-30 01:05:51.434 | INFO | FUTU_US | [FUTU_US] ✅ 选中: 美股模拟(股票+期权) acc_id=20074546
2026-07-30 01:05:51.434 | INFO | FUTU_US | [FUTU_US] 交易接口连接成功 (最终 acc_id=20074546)
2026-07-30 01:05:51.434 | INFO | FUTU_US | [FUTU_US] 警告：main_engine 为 None，无法自注册
2026-07-30 01:05:51.466 | INFO | FUTU_US | [FUTU_US] ✅ Tick 落盘监听器已注册 (EVENT_TICK)
2026-07-30 01:05:51.471 | INFO | FUTU_HK | [FUTU_HK] 行情接口连接成功（含多周期K线+TICKER）
2026-07-30 01:05:51.481 | INFO | FUTU_HK | [FUTU_HK] 交易接口解锁提示: 请使用OpenD页面右上角解锁按钮解锁交易，GUI版本OpenD已屏蔽解锁接口
2026-07-30 01:05:51.487 | INFO | FUTU_HK | [FUTU_HK] 账户列表 (共 3 个):
2026-07-30 01:05:51.487 | INFO | FUTU_HK |   acc_id=281756478840044880 env=REAL type=MARGIN sim_type=N/A status=ACTIVE
2026-07-30 01:05:51.487 | INFO | FUTU_HK |   acc_id=19110066 env=SIMULATE type=CASH sim_type=STOCK status=ACTIVE
2026-07-30 01:05:51.488 | INFO | FUTU_HK |   acc_id=19110071 env=SIMULATE type=MARGIN sim_type=OPTION status=ACTIVE
2026-07-30 01:05:51.488 | INFO | FUTU_HK | [FUTU_HK] ⚠️ 降级现金模拟 acc_id=19110066
2026-07-30 01:05:51.488 | INFO | FUTU_HK | [FUTU_HK] 交易接口连接成功 (最终 acc_id=19110066)
2026-07-30 01:05:51.489 | INFO | FUTU_HK | [FUTU_HK] 警告：main_engine 为 None，无法自注册
2026-07-30 01:05:52.375 | INFO | CtaStrategy | CTA策略引擎初始化成功
2026-07-30 01:05:52.522 | INFO | CtaStrategy | CTA策略引擎初始化成功
2026-07-30 01:06:02.339 | INFO | FUTU_HK | [FUTU_HK] 合约查询完成: 21367 个
2026-07-30 01:06:02.344 | INFO | FUTU_HK | [FUTU_HK] 查询成交失败: 模拟交易不支持成交数据
2026-07-30 01:06:02.364 | INFO | FUTU_HK | [FUTU_HK] 调试 accinfo 字段: ['power', 'max_power_short', 'net_cash_power', 'total_assets', 'securities_assets', 'fund_assets', 'bond_assets', 'cash', 'market_val', 'long_mv', 'short_mv', 'pending_asset', 'interest_charged_amount', 'frozen_cash', 'avl_withdrawal_cash', 'max_withdrawal', 'currency', 'available_funds', 'unrealized_pl', 'realized_pl', 'risk_level', 'risk_status', 'initial_margin', 'margin_call_margin', 'maintenance_margin', 'hk_cash', 'hk_avl_withdrawal_cash', 'hkd_net_cash_power', 'hkd_assets', 'us_cash', 'us_avl_withdrawal_cash', 'usd_net_cash_power', 'usd_assets', 'cn_cash', 'cn_avl_withdrawal_cash', 'cnh_net_cash_power', 'cnh_assets', 'jp_cash', 'jp_avl_withdrawal_cash', 'jpy_net_cash_power', 'jpy_assets', 'sg_cash', 'sg_avl_withdrawal_cash', 'sgd_net_cash_power', 'sgd_assets', 'au_cash', 'au_avl_withdrawal_cash', 'aud_net_cash_power', 'aud_assets', 'ca_cash', 'ca_avl_withdrawal_cash', 'cad_net_cash_power', 'cad_assets', 'my_cash', 'my_avl_withdrawal_cash', 'myr_net_cash_power', 'myr_assets', 'is_pdt', 'pdt_seq', 'beginning_dtbp', 'remaining_dtbp', 'dt_call_amount', 'dt_status']
2026-07-30 01:06:02.364 | INFO | FUTU_HK | [FUTU_HK] 账户: 总资产=$823,936.69 现金=$635,296.69 证券=$188,640.00 冻结=$0.00 购买力=$635,296.69 (HKD)
2026-07-30 01:06:04.285 | INFO | FUTU_US | [FUTU_US] 合约查询完成: 20579 个
2026-07-30 01:06:04.294 | INFO | FUTU_US | [FUTU_US] 查询成交失败: 模拟交易不支持成交数据
2026-07-30 01:06:04.334 | INFO | FUTU_US | [FUTU_US] 调试 accinfo 字段: ['power', 'max_power_short', 'net_cash_power', 'total_assets', 'securities_assets', 'fund_assets', 'bond_assets', 'cash', 'market_val', 'long_mv', 'short_mv', 'pending_asset', 'interest_charged_amount', 'frozen_cash', 'avl_withdrawal_cash', 'max_withdrawal', 'currency', 'available_funds', 'unrealized_pl', 'realized_pl', 'risk_level', 'risk_status', 'initial_margin', 'margin_call_margin', 'maintenance_margin', 'hk_cash', 'hk_avl_withdrawal_cash', 'hkd_net_cash_power', 'hkd_assets', 'us_cash', 'us_avl_withdrawal_cash', 'usd_net_cash_power', 'usd_assets', 'cn_cash', 'cn_avl_withdrawal_cash', 'cnh_net_cash_power', 'cnh_assets', 'jp_cash', 'jp_avl_withdrawal_cash', 'jpy_net_cash_power', 'jpy_assets', 'sg_cash', 'sg_avl_withdrawal_cash', 'sgd_net_cash_power', 'sgd_assets', 'au_cash', 'au_avl_withdrawal_cash', 'aud_net_cash_power', 'aud_assets', 'ca_cash', 'ca_avl_withdrawal_cash', 'cad_net_cash_power', 'cad_assets', 'my_cash', 'my_avl_withdrawal_cash', 'myr_net_cash_power', 'myr_assets', 'is_pdt', 'pdt_seq', 'beginning_dtbp', 'remaining_dtbp', 'dt_call_amount', 'dt_status']
2026-07-30 01:06:04.335 | INFO | FUTU_US | [FUTU_US] 账户: 总资产=$9,999,896.81 现金=$9,996,058.01 证券=$3,838.80 冻结=$0.00 购买力=$19,995,954.82 (USD)
2026-07-30 01:06:04.573 | INFO | FUTU_HK | [FUTU_HK] 账户: 总资产=$823,936.69 现金=$635,296.69 证券=$188,640.00 冻结=$0.00 购买力=$635,296.69 (HKD)
2026-07-30 01:06:07.338 | INFO | FUTU_US | [FUTU_US] 账户: 总资产=$9,999,896.81 现金=$9,996,058.01 证券=$3,838.80 冻结=$0.00 购买力=$19,995,954.82 (USD)
2026-07-30 01:06:10.585 | INFO | FUTU_HK | [FUTU_HK] 账户: 总资产=$823,936.69 现金=$635,296.69 证券=$188,640.00 冻结=$0.00 购买力=$635,296.69 (HKD)
2026-07-30 01:06:13.550 | INFO | FUTU_US | [FUTU_US] 账户: 总资产=$9,999,896.81 现金=$9,996,058.01 证券=$3,838.80 冻结=$0.00 购买力=$19,995,954.82 (USD)
2026-07-30 01:06:16.590 | INFO | FUTU_HK | [FUTU_HK] 账户: 总资产=$823,936.69 现金=$635,296.69 证券=$188,640.00 冻结=$0.00 购买力=$635,296.69 (HKD)
2026-07-30 01:06:19.541 | INFO | FUTU_US | [FUTU_US] 账户: 总资产=$9,999,896.81 现金=$9,996,058.01 证券=$3,838.80 冻结=$0.00 购买力=$19,995,954.82 (USD)
2026-07-30 01:06:22.598 | INFO | FUTU_HK | [FUTU_HK] 账户: 总资产=$823,936.69 现金=$635,296.69 证券=$188,640.00 冻结=$0.00 购买力=$635,296.69 (HKD)
2026-07-30 01:06:25.549 | INFO | FUTU_US | [FUTU_US] 账户: 总资产=$9,999,896.81 现金=$9,996,058.01 证券=$3,838.80 冻结=$0.00 购买力=$19,995,954.82 (USD)
2026-07-30 01:06:28.600 | INFO | FUTU_HK | [FUTU_HK] 账户: 总资产=$823,936.69 现金=$635,296.69 证券=$188,640.00 冻结=$0.00 购买力=$635,296.69 (HKD)
2026-07-30 01:06:31.549 | INFO | FUTU_US | [FUTU_US] 账户: 总资产=$9,999,896.81 现金=$9,996,058.01 证券=$3,838.80 冻结=$0.00 购买力=$19,995,954.82 (USD)
2026-07-30 01:06:34.599 | INFO | FUTU_HK | [FUTU_HK] 账户: 总资产=$823,936.69 现金=$635,296.69 证券=$188,640.00 冻结=$0.00 购买力=$635,296.69 (HKD)
2026-07-30 01:06:37.547 | INFO | FUTU_US | [FUTU_US] 账户: 总资产=$9,999,896.81 现金=$9,996,058.01 证券=$3,838.80 冻结=$0.00 购买力=$19,995,954.82 (USD)
2026-07-30 01:06:40.610 | INFO | FUTU_HK | [FUTU_HK] 账户: 总资产=$823,936.69 现金=$635,296.69 证券=$188,640.00 冻结=$0.00 购买力=$635,296.69 (HKD)
2026-07-30 01:06:43.554 | INFO | FUTU_US | [FUTU_US] 账户: 总资产=$9,999,896.81 现金=$9,996,058.01 证券=$3,838.80 冻结=$0.00 购买力=$19,995,954.82 (USD)
2026-07-30 01:06:46.609 | INFO | FUTU_HK | [FUTU_HK] 账户: 总资产=$823,936.69 现金=$635,296.69 证券=$188,640.00 冻结=$0.00 购买力=$635,296.69 (HKD)
2026-07-30 01:06:49.557 | INFO | FUTU_US | [FUTU_US] 账户: 总资产=$9,999,896.81 现金=$9,996,058.01 证券=$3,838.80 冻结=$0.00 购买力=$19,995,954.82 (USD)
2026-07-30 01:06:52.615 | INFO | FUTU_HK | [FUTU_HK] 账户: 总资产=$823,936.69 现金=$635,296.69 证券=$188,640.00 冻结=$0.00 购买力=$635,296.69 (HKD)
2026-07-30 01:06:55.559 | INFO | FUTU_US | [FUTU_US] 账户: 总资产=$9,999,896.81 现金=$9,996,058.01 证券=$3,838.80 冻结=$0.00 购买力=$19,995,954.82 (USD)
2026-07-30 01:06:58.669 | INFO | FUTU_HK | [FUTU_HK] 账户: 总资产=$823,936.69 现金=$635,296.69 证券=$188,640.00 冻结=$0.00 购买力=$635,296.69 (HKD)
2026-07-30 01:07:01.562 | INFO | FUTU_US | [FUTU_US] 账户: 总资产=$9,999,908.41 现金=$9,996,058.01 证券=$3,850.40 冻结=$0.00 购买力=$19,995,966.42 (USD)
2026-07-30 01:07:04.672 | INFO | FUTU_HK | [FUTU_HK] 账户: 总资产=$823,936.69 现金=$635,296.69 证券=$188,640.00 冻结=$0.00 购买力=$635,296.69 (HKD)
2026-07-30 01:07:07.568 | INFO | FUTU_US | [FUTU_US] 账户: 总资产=$9,999,908.41 现金=$9,996,058.01 证券=$3,850.40 冻结=$0.00 购买力=$19,995,966.42 (USD)
2026-07-30 01:07:10.673 | INFO | FUTU_HK | [FUTU_HK] 账户: 总资产=$823,936.69 现金=$635,296.69 证券=$188,640.00 冻结=$0.00 购买力=$635,296.69 (HKD)
2026-07-30 01:07:13.563 | INFO | FUTU_US | [FUTU_US] 账户: 总资产=$9,999,908.41 现金=$9,996,058.01 证券=$3,850.40 冻结=$0.00 购买力=$19,995,966.42 (USD)
2026-07-30 01:07:26.679 | INFO | FUTU_US | [FUTU_US] 行情接口连接成功（含多周期K线+TICKER）
2026-07-30 01:07:26.692 | INFO | FUTU_US | [FUTU_US] 交易接口解锁提示: 请使用OpenD页面右上角解锁按钮解锁交易，GUI版本OpenD已屏蔽解锁接口
2026-07-30 01:07:26.697 | INFO | FUTU_US | [FUTU_US] 账户列表 (共 2 个):
2026-07-30 01:07:26.697 | INFO | FUTU_US |   acc_id=281756478840044880 env=REAL type=MARGIN sim_type=N/A status=ACTIVE
2026-07-30 01:07:26.697 | INFO | FUTU_US |   acc_id=20074546 env=SIMULATE type=MARGIN sim_type=STOCK_AND_OPTION status=ACTIVE
2026-07-30 01:07:26.698 | INFO | FUTU_US | [FUTU_US] ✅ 选中: 美股模拟(股票+期权) acc_id=20074546
2026-07-30 01:07:26.698 | INFO | FUTU_US | [FUTU_US] 交易接口连接成功 (最终 acc_id=20074546)
2026-07-30 01:07:26.698 | INFO | FUTU_US | [FUTU_US] 警告：main_engine 为 None，无法自注册
2026-07-30 01:07:26.727 | INFO | FUTU_US | [FUTU_US] ✅ Tick 落盘监听器已注册 (EVENT_TICK)
2026-07-30 01:07:26.732 | INFO | FUTU_HK | [FUTU_HK] 行情接口连接成功（含多周期K线+TICKER）
2026-07-30 01:07:26.761 | INFO | FUTU_HK | [FUTU_HK] 交易接口解锁提示: 请使用OpenD页面右上角解锁按钮解锁交易，GUI版本OpenD已屏蔽解锁接口
2026-07-30 01:07:26.765 | INFO | FUTU_HK | [FUTU_HK] 账户列表 (共 3 个):
2026-07-30 01:07:26.767 | INFO | FUTU_HK |   acc_id=281756478840044880 env=REAL type=MARGIN sim_type=N/A status=ACTIVE
2026-07-30 01:07:26.767 | INFO | FUTU_HK |   acc_id=19110066 env=SIMULATE type=CASH sim_type=STOCK status=ACTIVE
2026-07-30 01:07:26.767 | INFO | FUTU_HK |   acc_id=19110071 env=SIMULATE type=MARGIN sim_type=OPTION status=ACTIVE
2026-07-30 01:07:26.768 | INFO | FUTU_HK | [FUTU_HK] ⚠️ 降级现金模拟 acc_id=19110066
2026-07-30 01:07:26.769 | INFO | FUTU_HK | [FUTU_HK] 交易接口连接成功 (最终 acc_id=19110066)
2026-07-30 01:07:26.769 | INFO | FUTU_HK | [FUTU_HK] 警告：main_engine 为 None，无法自注册
2026-07-30 01:07:27.489 | INFO | CtaStrategy | CTA策略引擎初始化成功
2026-07-30 01:07:27.645 | INFO | CtaStrategy | CTA策略引擎初始化成功
2026-07-30 01:07:42.333 | INFO | FUTU_HK | [FUTU_HK] 合约查询完成: 21367 个
2026-07-30 01:07:42.341 | INFO | FUTU_HK | [FUTU_HK] 查询成交失败: 模拟交易不支持成交数据
2026-07-30 01:07:42.371 | INFO | FUTU_HK | [FUTU_HK] 调试 accinfo 字段: ['power', 'max_power_short', 'net_cash_power', 'total_assets', 'securities_assets', 'fund_assets', 'bond_assets', 'cash', 'market_val', 'long_mv', 'short_mv', 'pending_asset', 'interest_charged_amount', 'frozen_cash', 'avl_withdrawal_cash', 'max_withdrawal', 'currency', 'available_funds', 'unrealized_pl', 'realized_pl', 'risk_level', 'risk_status', 'initial_margin', 'margin_call_margin', 'maintenance_margin', 'hk_cash', 'hk_avl_withdrawal_cash', 'hkd_net_cash_power', 'hkd_assets', 'us_cash', 'us_avl_withdrawal_cash', 'usd_net_cash_power', 'usd_assets', 'cn_cash', 'cn_avl_withdrawal_cash', 'cnh_net_cash_power', 'cnh_assets', 'jp_cash', 'jp_avl_withdrawal_cash', 'jpy_net_cash_power', 'jpy_assets', 'sg_cash', 'sg_avl_withdrawal_cash', 'sgd_net_cash_power', 'sgd_assets', 'au_cash', 'au_avl_withdrawal_cash', 'aud_net_cash_power', 'aud_assets', 'ca_cash', 'ca_avl_withdrawal_cash', 'cad_net_cash_power', 'cad_assets', 'my_cash', 'my_avl_withdrawal_cash', 'myr_net_cash_power', 'myr_assets', 'is_pdt', 'pdt_seq', 'beginning_dtbp', 'remaining_dtbp', 'dt_call_amount', 'dt_status']
2026-07-30 01:07:42.371 | INFO | FUTU_HK | [FUTU_HK] 账户: 总资产=$823,936.69 现金=$635,296.69 证券=$188,640.00 冻结=$0.00 购买力=$635,296.69 (HKD)
2026-07-30 01:07:42.920 | INFO | FUTU_US | [FUTU_US] 合约查询完成: 20579 个
2026-07-30 01:07:42.929 | INFO | FUTU_US | [FUTU_US] 查询成交失败: 模拟交易不支持成交数据
2026-07-30 01:07:42.958 | INFO | FUTU_US | [FUTU_US] 调试 accinfo 字段: ['power', 'max_power_short', 'net_cash_power', 'total_assets', 'securities_assets', 'fund_assets', 'bond_assets', 'cash', 'market_val', 'long_mv', 'short_mv', 'pending_asset', 'interest_charged_amount', 'frozen_cash', 'avl_withdrawal_cash', 'max_withdrawal', 'currency', 'available_funds', 'unrealized_pl', 'realized_pl', 'risk_level', 'risk_status', 'initial_margin', 'margin_call_margin', 'maintenance_margin', 'hk_cash', 'hk_avl_withdrawal_cash', 'hkd_net_cash_power', 'hkd_assets', 'us_cash', 'us_avl_withdrawal_cash', 'usd_net_cash_power', 'usd_assets', 'cn_cash', 'cn_avl_withdrawal_cash', 'cnh_net_cash_power', 'cnh_assets', 'jp_cash', 'jp_avl_withdrawal_cash', 'jpy_net_cash_power', 'jpy_assets', 'sg_cash', 'sg_avl_withdrawal_cash', 'sgd_net_cash_power', 'sgd_assets', 'au_cash', 'au_avl_withdrawal_cash', 'aud_net_cash_power', 'aud_assets', 'ca_cash', 'ca_avl_withdrawal_cash', 'cad_net_cash_power', 'cad_assets', 'my_cash', 'my_avl_withdrawal_cash', 'myr_net_cash_power', 'myr_assets', 'is_pdt', 'pdt_seq', 'beginning_dtbp', 'remaining_dtbp', 'dt_call_amount', 'dt_status']
2026-07-30 01:07:42.958 | INFO | FUTU_US | [FUTU_US] 账户: 总资产=$9,999,906.91 现金=$9,996,058.01 证券=$3,848.90 冻结=$0.00 购买力=$19,995,964.92 (USD)
2026-07-30 01:07:43.817 | INFO | CtaStrategy | 策略TrendStrategy_AAPL_SMART移除成功
2026-07-30 01:07:44.323 | INFO | CtaStrategy | [TrendStrategy_AAPL_SMART]  AI参数已加载: ['trend_window', 'entry_atr', 'fixed_size', 'stop_loss_atr']
2026-07-30 01:07:44.324 | INFO | CtaStrategy | [TrendStrategy_AAPL_SMART]  [INIT] TrendStrategy_AAPL_SMART | AAPL.SMART | US=True HK=False v1
2026-07-30 01:07:44.329 | INFO | CtaStrategy | TrendStrategy_AAPL_SMART开始执行初始化
2026-07-30 01:07:44.330 | INFO | CtaStrategy | [TrendStrategy_AAPL_SMART]  ✅ TrendStrategy_AAPL_SMART 初始化完成 (v1)
2026-07-30 01:07:44.331 | INFO | CtaStrategy | [TrendStrategy_AAPL_SMART]  趋势策略初始化 | 快线=10 慢线=30 ADX=20
2026-07-30 01:07:44.332 | INFO | MainEngine | 订阅行情 -> FUTU_US：SubscribeRequest(symbol='AAPL', exchange=<Exchange.SMART: 'SMART'>)
2026-07-30 01:07:44.333 | INFO | FUTU_US | [FUTU_US] 订阅参数: US.AAPL session=ALL
2026-07-30 01:07:44.334 | INFO | CtaStrategy | 策略TrendStrategy_AAPL_SMART启动失败，请先初始化
2026-07-30 01:07:44.340 | INFO | CtaStrategy | 策略TrendStrategy_AMD_SMART移除成功
2026-07-30 01:07:44.371 | INFO | FUTU_US | [FUTU_US] ✅ 全套订阅成功: US.AAPL
2026-07-30 01:07:44.372 | INFO | CtaStrategy | TrendStrategy_AAPL_SMART初始化完成
2026-07-30 01:07:44.762 | INFO | FUTU_HK | [FUTU_HK] 账户: 总资产=$823,936.69 现金=$635,296.69 证券=$188,640.00 冻结=$0.00 购买力=$635,296.69 (HKD)
2026-07-30 01:07:44.846 | INFO | CtaStrategy | [TrendStrategy_AMD_SMART]  AI参数已加载: ['trend_window', 'entry_atr', 'fixed_size', 'stop_loss_atr']
2026-07-30 01:07:44.847 | INFO | CtaStrategy | [TrendStrategy_AMD_SMART]  [INIT] TrendStrategy_AMD_SMART | AMD.SMART | US=True HK=False v1
2026-07-30 01:07:44.852 | INFO | CtaStrategy | 策略TrendStrategy_AMD_SMART启动失败，请先初始化
2026-07-30 01:07:44.853 | INFO | CtaStrategy | TrendStrategy_AMD_SMART开始执行初始化
2026-07-30 01:07:44.854 | INFO | CtaStrategy | [TrendStrategy_AMD_SMART]  ✅ TrendStrategy_AMD_SMART 初始化完成 (v1)
2026-07-30 01:07:44.855 | INFO | CtaStrategy | [TrendStrategy_AMD_SMART]  趋势策略初始化 | 快线=10 慢线=30 ADX=20
2026-07-30 01:07:44.855 | INFO | MainEngine | 订阅行情 -> FUTU_US：SubscribeRequest(symbol='AMD', exchange=<Exchange.SMART: 'SMART'>)
2026-07-30 01:07:44.856 | INFO | FUTU_US | [FUTU_US] 订阅参数: US.AMD session=ALL
2026-07-30 01:07:44.862 | INFO | CtaStrategy | 策略TrendStrategy_AMZN_SMART移除成功
2026-07-30 01:07:44.928 | INFO | FUTU_US | [FUTU_US] ✅ 全套订阅成功: US.AMD
2026-07-30 01:07:44.929 | INFO | CtaStrategy | TrendStrategy_AMD_SMART初始化完成
2026-07-30 01:07:45.370 | INFO | CtaStrategy | [TrendStrategy_AMZN_SMART]  AI参数已加载: ['trend_window', 'entry_atr', 'fixed_size', 'stop_loss_atr']
2026-07-30 01:07:45.372 | INFO | CtaStrategy | [TrendStrategy_AMZN_SMART]  [INIT] TrendStrategy_AMZN_SMART | AMZN.SMART | US=True HK=False v1
2026-07-30 01:07:45.379 | INFO | CtaStrategy | 策略TrendStrategy_AMZN_SMART启动失败，请先初始化
2026-07-30 01:07:45.383 | INFO | CtaStrategy | TrendStrategy_AMZN_SMART开始执行初始化
2026-07-30 01:07:45.384 | INFO | CtaStrategy | [TrendStrategy_AMZN_SMART]  ✅ TrendStrategy_AMZN_SMART 初始化完成 (v1)
2026-07-30 01:07:45.385 | INFO | CtaStrategy | [TrendStrategy_AMZN_SMART]  趋势策略初始化 | 快线=10 慢线=30 ADX=20
2026-07-30 01:07:45.385 | INFO | MainEngine | 订阅行情 -> FUTU_US：SubscribeRequest(symbol='AMZN', exchange=<Exchange.SMART: 'SMART'>)
2026-07-30 01:07:45.386 | INFO | FUTU_US | [FUTU_US] 订阅参数: US.AMZN session=ALL
2026-07-30 01:07:45.392 | INFO | CtaStrategy | 策略TrendStrategy_BABA_SMART移除成功
2026-07-30 01:07:45.428 | INFO | FUTU_US | [FUTU_US] ✅ 全套订阅成功: US.AMZN
2026-07-30 01:07:45.431 | INFO | CtaStrategy | TrendStrategy_AMZN_SMART初始化完成
2026-07-30 01:07:45.585 | INFO | FUTU_US | [DB CHECKPOINT] FUTU_US @ 100
2026-07-30 01:07:45.642 | INFO | FUTU_US | [FUTU_US] 账户: 总资产=$9,999,906.91 现金=$9,996,058.01 证券=$3,848.90 冻结=$0.00 购买力=$19,995,964.92 (USD)
2026-07-30 01:07:45.910 | INFO | CtaStrategy | [TrendStrategy_BABA_SMART]  AI参数已加载: ['trend_window', 'entry_atr', 'fixed_size', 'stop_loss_atr']
2026-07-30 01:07:45.911 | INFO | CtaStrategy | [TrendStrategy_BABA_SMART]  [INIT] TrendStrategy_BABA_SMART | BABA.SMART | US=True HK=False v1
2026-07-30 01:07:45.914 | INFO | CtaStrategy | 策略TrendStrategy_BABA_SMART启动失败，请先初始化
2026-07-30 01:07:45.915 | INFO | CtaStrategy | TrendStrategy_BABA_SMART开始执行初始化
2026-07-30 01:07:45.916 | INFO | CtaStrategy | [TrendStrategy_BABA_SMART]  ✅ TrendStrategy_BABA_SMART 初始化完成 (v1)
2026-07-30 01:07:45.917 | INFO | CtaStrategy | [TrendStrategy_BABA_SMART]  趋势策略初始化 | 快线=10 慢线=30 ADX=20
2026-07-30 01:07:45.917 | INFO | MainEngine | 订阅行情 -> FUTU_US：SubscribeRequest(symbol='BABA', exchange=<Exchange.SMART: 'SMART'>)
2026-07-30 01:07:45.918 | INFO | FUTU_US | [FUTU_US] 订阅参数: US.BABA session=ALL
2026-07-30 01:07:45.923 | INFO | CtaStrategy | 策略TrendStrategy_GOOGL_SMART移除成功
2026-07-30 01:07:45.959 | INFO | FUTU_US | [FUTU_US] ✅ 全套订阅成功: US.BABA
2026-07-30 01:07:45.959 | INFO | CtaStrategy | TrendStrategy_BABA_SMART初始化完成
2026-07-30 01:07:46.430 | INFO | CtaStrategy | [TrendStrategy_GOOGL_SMART]  AI参数已加载: ['trend_window', 'entry_atr', 'fixed_size', 'stop_loss_atr']
2026-07-30 01:07:46.431 | INFO | CtaStrategy | [TrendStrategy_GOOGL_SMART]  [INIT] TrendStrategy_GOOGL_SMART | GOOGL.SMART | US=True HK=False v1
2026-07-30 01:07:46.435 | INFO | CtaStrategy | 策略TrendStrategy_GOOGL_SMART启动失败，请先初始化
2026-07-30 01:07:46.437 | INFO | CtaStrategy | TrendStrategy_GOOGL_SMART开始执行初始化
2026-07-30 01:07:46.438 | INFO | CtaStrategy | [TrendStrategy_GOOGL_SMART]  ✅ TrendStrategy_GOOGL_SMART 初始化完成 (v1)
2026-07-30 01:07:46.439 | INFO | CtaStrategy | [TrendStrategy_GOOGL_SMART]  趋势策略初始化 | 快线=10 慢线=30 ADX=20
2026-07-30 01:07:46.443 | INFO | MainEngine | 订阅行情 -> FUTU_US：SubscribeRequest(symbol='GOOGL', exchange=<Exchange.SMART: 'SMART'>)
2026-07-30 01:07:46.444 | INFO | FUTU_US | [FUTU_US] 订阅参数: US.GOOGL session=ALL
2026-07-30 01:07:46.451 | INFO | CtaStrategy | 策略TrendStrategy_META_SMART移除成功
2026-07-30 01:07:46.486 | INFO | FUTU_US | [FUTU_US] ✅ 全套订阅成功: US.GOOGL
2026-07-30 01:07:46.488 | INFO | CtaStrategy | TrendStrategy_GOOGL_SMART初始化完成
2026-07-30 01:07:46.505 | INFO | FUTU_US | [DB CHECKPOINT] FUTU_US @ 200
2026-07-30 01:07:46.959 | INFO | CtaStrategy | [TrendStrategy_META_SMART]  AI参数已加载: ['trend_window', 'entry_atr', 'fixed_size', 'stop_loss_atr']
2026-07-30 01:07:46.960 | INFO | CtaStrategy | [TrendStrategy_META_SMART]  [INIT] TrendStrategy_META_SMART | META.SMART | US=True HK=False v1
2026-07-30 01:07:46.964 | INFO | CtaStrategy | 策略TrendStrategy_META_SMART启动失败，请先初始化
2026-07-30 01:07:46.966 | INFO | CtaStrategy | TrendStrategy_META_SMART开始执行初始化
2026-07-30 01:07:46.966 | INFO | CtaStrategy | [TrendStrategy_META_SMART]  ✅ TrendStrategy_META_SMART 初始化完成 (v1)
2026-07-30 01:07:46.967 | INFO | CtaStrategy | [TrendStrategy_META_SMART]  趋势策略初始化 | 快线=10 慢线=30 ADX=20
2026-07-30 01:07:46.968 | INFO | MainEngine | 订阅行情 -> FUTU_US：SubscribeRequest(symbol='META', exchange=<Exchange.SMART: 'SMART'>)
2026-07-30 01:07:46.972 | INFO | FUTU_US | [FUTU_US] 订阅参数: US.META session=ALL
2026-07-30 01:07:47.001 | INFO | CtaStrategy | 策略TrendStrategy_MSFT_SMART移除成功
2026-07-30 01:07:47.011 | INFO | FUTU_US | [FUTU_US] ✅ 全套订阅成功: US.META
2026-07-30 01:07:47.014 | INFO | CtaStrategy | TrendStrategy_META_SMART初始化完成
2026-07-30 01:07:47.040 | INFO | FUTU_US | [DB CHECKPOINT] FUTU_US @ 300
2026-07-30 01:07:47.507 | INFO | CtaStrategy | [TrendStrategy_MSFT_SMART]  AI参数已加载: ['trend_window', 'entry_atr', 'fixed_size', 'stop_loss_atr']
2026-07-30 01:07:47.508 | INFO | CtaStrategy | [TrendStrategy_MSFT_SMART]  [INIT] TrendStrategy_MSFT_SMART | MSFT.SMART | US=True HK=False v1
2026-07-30 01:07:47.513 | INFO | CtaStrategy | 策略TrendStrategy_MSFT_SMART启动失败，请先初始化
2026-07-30 01:07:47.514 | INFO | CtaStrategy | TrendStrategy_MSFT_SMART开始执行初始化
2026-07-30 01:07:47.515 | INFO | CtaStrategy | [TrendStrategy_MSFT_SMART]  ✅ TrendStrategy_MSFT_SMART 初始化完成 (v1)
2026-07-30 01:07:47.515 | INFO | CtaStrategy | [TrendStrategy_MSFT_SMART]  趋势策略初始化 | 快线=10 慢线=30 ADX=20
2026-07-30 01:07:47.515 | INFO | MainEngine | 订阅行情 -> FUTU_US：SubscribeRequest(symbol='MSFT', exchange=<Exchange.SMART: 'SMART'>)
2026-07-30 01:07:47.516 | INFO | FUTU_US | [FUTU_US] 订阅参数: US.MSFT session=ALL
2026-07-30 01:07:47.522 | INFO | CtaStrategy | 策略TrendStrategy_NFLX_SMART移除成功
2026-07-30 01:07:47.578 | INFO | FUTU_US | [FUTU_US] ✅ 全套订阅成功: US.MSFT
2026-07-30 01:07:47.579 | INFO | CtaStrategy | TrendStrategy_MSFT_SMART初始化完成
2026-07-30 01:07:47.786 | INFO | FUTU_US | [DB CHECKPOINT] FUTU_US @ 400
2026-07-30 01:07:48.030 | INFO | CtaStrategy | [TrendStrategy_NFLX_SMART]  AI参数已加载: ['trend_window', 'entry_atr', 'fixed_size', 'stop_loss_atr']
2026-07-30 01:07:48.031 | INFO | CtaStrategy | [TrendStrategy_NFLX_SMART]  [INIT] TrendStrategy_NFLX_SMART | NFLX.SMART | US=True HK=False v1
2026-07-30 01:07:48.033 | INFO | CtaStrategy | 策略TrendStrategy_NFLX_SMART启动失败，请先初始化
2026-07-30 01:07:48.034 | INFO | CtaStrategy | TrendStrategy_NFLX_SMART开始执行初始化
2026-07-30 01:07:48.034 | INFO | CtaStrategy | [TrendStrategy_NFLX_SMART]  ✅ TrendStrategy_NFLX_SMART 初始化完成 (v1)
2026-07-30 01:07:48.035 | INFO | CtaStrategy | [TrendStrategy_NFLX_SMART]  趋势策略初始化 | 快线=10 慢线=30 ADX=20
2026-07-30 01:07:48.035 | INFO | MainEngine | 订阅行情 -> FUTU_US：SubscribeRequest(symbol='NFLX', exchange=<Exchange.SMART: 'SMART'>)
2026-07-30 01:07:48.035 | INFO | FUTU_US | [FUTU_US] 订阅参数: US.NFLX session=ALL
2026-07-30 01:07:48.039 | INFO | CtaStrategy | 策略TrendStrategy_NVDA_SMART移除成功
2026-07-30 01:07:48.074 | INFO | FUTU_US | [FUTU_US] ✅ 全套订阅成功: US.NFLX
2026-07-30 01:07:48.075 | INFO | CtaStrategy | TrendStrategy_NFLX_SMART初始化完成
2026-07-30 01:07:48.446 | INFO | FUTU_US | [DB CHECKPOINT] FUTU_US @ 500
2026-07-30 01:07:48.560 | INFO | CtaStrategy | [TrendStrategy_NVDA_SMART]  AI参数已加载: ['trend_window', 'entry_atr', 'fixed_size', 'stop_loss_atr']
2026-07-30 01:07:48.563 | INFO | CtaStrategy | [TrendStrategy_NVDA_SMART]  [INIT] TrendStrategy_NVDA_SMART | NVDA.SMART | US=True HK=False v1
2026-07-30 01:07:48.581 | INFO | CtaStrategy | 策略TrendStrategy_NVDA_SMART启动失败，请先初始化
2026-07-30 01:07:48.586 | INFO | CtaStrategy | TrendStrategy_NVDA_SMART开始执行初始化
2026-07-30 01:07:48.590 | INFO | CtaStrategy | [TrendStrategy_NVDA_SMART]  ✅ TrendStrategy_NVDA_SMART 初始化完成 (v1)
2026-07-30 01:07:48.591 | INFO | CtaStrategy | [TrendStrategy_NVDA_SMART]  趋势策略初始化 | 快线=10 慢线=30 ADX=20
2026-07-30 01:07:48.592 | INFO | MainEngine | 订阅行情 -> FUTU_US：SubscribeRequest(symbol='NVDA', exchange=<Exchange.SMART: 'SMART'>)
2026-07-30 01:07:48.593 | INFO | FUTU_US | [FUTU_US] 订阅参数: US.NVDA session=ALL
2026-07-30 01:07:48.615 | INFO | CtaStrategy | 策略TrendStrategy_TSLA_SMART移除成功
2026-07-30 01:07:48.664 | INFO | FUTU_US | [FUTU_US] ✅ 全套订阅成功: US.NVDA
2026-07-30 01:07:48.665 | INFO | CtaStrategy | TrendStrategy_NVDA_SMART初始化完成
2026-07-30 01:07:48.759 | INFO | FUTU_US | [DB CHECKPOINT] FUTU_US @ 600
2026-07-30 01:07:49.089 | INFO | FUTU_US | [DB CHECKPOINT] FUTU_US @ 700
2026-07-30 01:07:49.133 | INFO | CtaStrategy | [TrendStrategy_TSLA_SMART]  AI参数已加载: ['trend_window', 'entry_atr', 'fixed_size', 'stop_loss_atr']
2026-07-30 01:07:49.142 | INFO | CtaStrategy | [TrendStrategy_TSLA_SMART]  [INIT] TrendStrategy_TSLA_SMART | TSLA.SMART | US=True HK=False v1
2026-07-30 01:07:49.147 | INFO | CtaStrategy | 策略TrendStrategy_TSLA_SMART启动失败，请先初始化
2026-07-30 01:07:49.148 | INFO | CtaStrategy | TrendStrategy_TSLA_SMART开始执行初始化
2026-07-30 01:07:49.150 | INFO | CtaStrategy | [TrendStrategy_TSLA_SMART]  ✅ TrendStrategy_TSLA_SMART 初始化完成 (v1)
2026-07-30 01:07:49.152 | INFO | CtaStrategy | [TrendStrategy_TSLA_SMART]  趋势策略初始化 | 快线=10 慢线=30 ADX=20
2026-07-30 01:07:49.153 | INFO | MainEngine | 订阅行情 -> FUTU_US：SubscribeRequest(symbol='TSLA', exchange=<Exchange.SMART: 'SMART'>)
2026-07-30 01:07:49.154 | INFO | FUTU_US | [FUTU_US] 订阅参数: US.TSLA session=ALL
2026-07-30 01:07:49.210 | INFO | FUTU_US | [FUTU_US] ✅ 全套订阅成功: US.TSLA
2026-07-30 01:07:49.211 | INFO | CtaStrategy | TrendStrategy_TSLA_SMART初始化完成
2026-07-30 01:07:49.399 | INFO | FUTU_US | [DB CHECKPOINT] FUTU_US @ 800
2026-07-30 01:07:49.901 | INFO | FUTU_US | [DB CHECKPOINT] FUTU_US @ 900
2026-07-30 01:07:50.464 | INFO | FUTU_US | [DB CHECKPOINT] FUTU_US @ 1000
2026-07-30 01:07:50.858 | INFO | FUTU_US | [DB CHECKPOINT] FUTU_US @ 1100
2026-07-30 01:07:50.905 | INFO | FUTU_HK | [FUTU_HK] 账户: 总资产=$823,936.69 现金=$635,296.69 证券=$188,640.00 冻结=$0.00 购买力=$635,296.69 (HKD)
2026-07-30 01:07:51.217 | INFO | FUTU_US | [DB CHECKPOINT] FUTU_US @ 1200
2026-07-30 01:07:51.355 | INFO | FUTU_US | [DB CHECKPOINT] FUTU_US @ 1300
2026-07-30 01:07:51.507 | INFO | FUTU_US | [DB CHECKPOINT] FUTU_US @ 1400
2026-07-30 01:07:51.643 | INFO | FUTU_US | [FUTU_US] 账户: 总资产=$9,999,906.91 现金=$9,996,058.01 证券=$3,848.90 冻结=$0.00 购买力=$19,995,964.92 (USD)
2026-07-30 01:07:51.669 | INFO | FUTU_US | [DB CHECKPOINT] FUTU_US @ 1500
2026-07-30 01:07:51.776 | INFO | FUTU_US | [DB CHECKPOINT] FUTU_US @ 1600
2026-07-30 01:07:51.891 | INFO | FUTU_US | [DB CHECKPOINT] FUTU_US @ 1700
2026-07-30 01:07:52.081 | INFO | FUTU_US | [DB CHECKPOINT] FUTU_US @ 1800
2026-07-30 01:07:52.196 | INFO | FUTU_US | [DB CHECKPOINT] FUTU_US @ 1900
2026-07-30 01:07:52.291 | INFO | FUTU_US | [DB CHECKPOINT] FUTU_US @ 2000
2026-07-30 01:07:52.387 | INFO | FUTU_US | [DB CHECKPOINT] FUTU_US @ 2100
2026-07-30 01:07:52.587 | INFO | FUTU_US | [DB CHECKPOINT] FUTU_US @ 2200
2026-07-30 01:07:52.887 | INFO | FUTU_US | [DB CHECKPOINT] FUTU_US @ 2300
2026-07-30 01:07:52.973 | INFO | FUTU_US | [DB CHECKPOINT] FUTU_US @ 2400
2026-07-30 01:07:53.066 | INFO | FUTU_US | [DB CHECKPOINT] FUTU_US @ 2500
2026-07-30 01:07:53.265 | INFO | FUTU_US | [DB CHECKPOINT] FUTU_US @ 2600
2026-07-30 01:07:53.588 | INFO | FUTU_US | [DB CHECKPOINT] FUTU_US @ 2700
2026-07-30 01:07:53.923 | INFO | FUTU_US | [DB CHECKPOINT] FUTU_US @ 2800
2026-07-30 01:07:54.223 | INFO | FUTU_US | [DB CHECKPOINT] FUTU_US @ 2900
2026-07-30 01:07:54.532 | INFO | FUTU_US | [DB CHECKPOINT] FUTU_US @ 3000
2026-07-30 01:07:54.905 | INFO | FUTU_US | [DB CHECKPOINT] FUTU_US @ 3100
2026-07-30 01:07:55.274 | INFO | FUTU_US | [DB CHECKPOINT] FUTU_US @ 3200
2026-07-30 01:07:55.397 | INFO | FUTU_US | [DB CHECKPOINT] FUTU_US @ 3300
2026-07-30 01:07:55.698 | INFO | FUTU_US | [DB CHECKPOINT] FUTU_US @ 3400
2026-07-30 01:07:56.007 | INFO | FUTU_US | [DB CHECKPOINT] FUTU_US @ 3500
2026-07-30 01:07:56.367 | INFO | FUTU_US | [DB CHECKPOINT] FUTU_US @ 3600
2026-07-30 01:07:56.721 | INFO | FUTU_US | [DB CHECKPOINT] FUTU_US @ 3700
2026-07-30 01:07:56.821 | INFO | FUTU_US | [DB CHECKPOINT] FUTU_US @ 3800
2026-07-30 01:07:56.858 | INFO | FUTU_HK | [FUTU_HK] 账户: 总资产=$823,936.69 现金=$635,296.69 证券=$188,640.00 冻结=$0.00 购买力=$635,296.69 (HKD)
2026-07-30 01:07:57.012 | INFO | FUTU_US | [DB CHECKPOINT] FUTU_US @ 3900
2026-07-30 01:07:57.265 | INFO | FUTU_US | [DB CHECKPOINT] FUTU_US @ 4000
2026-07-30 01:07:57.648 | INFO | FUTU_US | [FUTU_US] 账户: 总资产=$9,999,906.91 现金=$9,996,058.01 证券=$3,848.90 冻结=$0.00 购买力=$19,995,964.92 (USD)
2026-07-30 01:07:58.042 | INFO | FUTU_US | [DB CHECKPOINT] FUTU_US @ 4100
2026-07-30 01:07:58.136 | INFO | FUTU_US | [DB CHECKPOINT] FUTU_US @ 4200
2026-07-30 01:07:58.276 | INFO | FUTU_US | [DB CHECKPOINT] FUTU_US @ 4300
2026-07-30 01:07:58.426 | INFO | FUTU_US | [DB CHECKPOINT] FUTU_US @ 4400
2026-07-30 01:07:58.694 | INFO | FUTU_US | [DB CHECKPOINT] FUTU_US @ 4500
2026-07-30 01:07:59.057 | INFO | FUTU_US | [DB CHECKPOINT] FUTU_US @ 4600
2026-07-30 01:07:59.256 | INFO | FUTU_US | [DB CHECKPOINT] FUTU_US @ 4700
2026-07-30 01:07:59.514 | INFO | FUTU_US | [DB CHECKPOINT] FUTU_US @ 4800
2026-07-30 01:07:59.987 | INFO | FUTU_US | [DB CHECKPOINT] FUTU_US @ 4900
2026-07-30 01:08:00.203 | INFO | FUTU_US | [DB CHECKPOINT] FUTU_US @ 5000
2026-07-30 01:08:00.508 | INFO | FUTU_US | [DB CHECKPOINT] FUTU_US @ 5100
2026-07-30 01:08:00.808 | INFO | FUTU_US | [DB CHECKPOINT] FUTU_US @ 5200
2026-07-30 01:08:00.963 | INFO | FUTU_US | [DB CHECKPOINT] FUTU_US @ 5300
2026-07-30 01:08:01.229 | INFO | FUTU_US | [DB CHECKPOINT] FUTU_US @ 5400
2026-07-30 01:08:01.450 | INFO | FUTU_US | [DB CHECKPOINT] FUTU_US @ 5500
2026-07-30 01:08:01.590 | INFO | FUTU_US | [DB CHECKPOINT] FUTU_US @ 5600
2026-07-30 01:08:01.799 | INFO | FUTU_US | [DB CHECKPOINT] FUTU_US @ 5700
2026-07-30 01:08:02.014 | INFO | FUTU_US | [DB CHECKPOINT] FUTU_US @ 5800
2026-07-30 01:08:02.155 | INFO | FUTU_US | [DB CHECKPOINT] FUTU_US @ 5900
2026-07-30 01:08:02.295 | INFO | FUTU_US | [DB CHECKPOINT] FUTU_US @ 6000
2026-07-30 01:08:02.558 | INFO | FUTU_US | [DB CHECKPOINT] FUTU_US @ 6100
2026-07-30 01:08:02.658 | INFO | FUTU_US | [DB CHECKPOINT] FUTU_US @ 6200
2026-07-30 01:08:02.809 | INFO | FUTU_US | [DB CHECKPOINT] FUTU_US @ 6300
2026-07-30 01:08:02.869 | INFO | FUTU_HK | [FUTU_HK] 账户: 总资产=$823,936.69 现金=$635,296.69 证券=$188,640.00 冻结=$0.00 购买力=$635,296.69 (HKD)
2026-07-30 01:08:02.917 | INFO | FUTU_US | [DB CHECKPOINT] FUTU_US @ 6400
2026-07-30 01:08:02.955 | INFO | FUTU_US | [DB CHECKPOINT] FUTU_US @ 6500
2026-07-30 01:08:03.080 | INFO | FUTU_US | [DB CHECKPOINT] FUTU_US @ 6600
2026-07-30 01:08:03.235 | INFO | FUTU_US | [DB CHECKPOINT] FUTU_US @ 6700
2026-07-30 01:08:03.358 | INFO | FUTU_US | [DB CHECKPOINT] FUTU_US @ 6800
2026-07-30 01:08:03.605 | INFO | FUTU_US | [DB CHECKPOINT] FUTU_US @ 6900
2026-07-30 01:08:03.654 | INFO | FUTU_US | [FUTU_US] 账户: 总资产=$9,999,906.91 现金=$9,996,058.01 证券=$3,848.90 冻结=$0.00 购买力=$19,995,964.92 (USD)
2026-07-30 01:08:03.760 | INFO | FUTU_US | [DB CHECKPOINT] FUTU_US @ 7000
2026-07-30 01:08:03.950 | INFO | FUTU_US | [DB CHECKPOINT] FUTU_US @ 7100
2026-07-30 01:08:04.155 | INFO | FUTU_US | [DB CHECKPOINT] FUTU_US @ 7200
2026-07-30 01:08:04.290 | INFO | FUTU_US | [DB CHECKPOINT] FUTU_US @ 7300
2026-07-30 01:08:04.522 | INFO | FUTU_US | [DB CHECKPOINT] FUTU_US @ 7400
2026-07-30 01:08:04.895 | INFO | FUTU_US | [DB CHECKPOINT] FUTU_US @ 7500
2026-07-30 01:08:04.930 | INFO | FUTU_US | [DB CHECKPOINT] FUTU_US @ 7600
2026-07-30 01:08:05.043 | INFO | FUTU_US | [DB CHECKPOINT] FUTU_US @ 7700
2026-07-30 01:08:05.160 | INFO | FUTU_US | [DB CHECKPOINT] FUTU_US @ 7800
2026-07-30 01:08:05.296 | INFO | FUTU_US | [DB CHECKPOINT] FUTU_US @ 7900
2026-07-30 01:08:05.502 | INFO | FUTU_US | [DB CHECKPOINT] FUTU_US @ 8000
2026-07-30 01:08:05.844 | INFO | FUTU_US | [DB CHECKPOINT] FUTU_US @ 8100
2026-07-30 01:08:06.150 | INFO | FUTU_US | [DB CHECKPOINT] FUTU_US @ 8200
2026-07-30 01:08:06.409 | INFO | FUTU_US | [DB CHECKPOINT] FUTU_US @ 8300
2026-07-30 01:08:06.690 | INFO | FUTU_US | [DB CHECKPOINT] FUTU_US @ 8400
2026-07-30 01:08:06.851 | INFO | FUTU_US | [DB CHECKPOINT] FUTU_US @ 8500
2026-07-30 01:08:06.999 | INFO | FUTU_US | [DB CHECKPOINT] FUTU_US @ 8600
2026-07-30 01:08:07.280 | INFO | FUTU_US | [DB CHECKPOINT] FUTU_US @ 8700
2026-07-30 01:08:07.570 | INFO | FUTU_US | [DB CHECKPOINT] FUTU_US @ 8800
2026-07-30 01:08:07.813 | INFO | FUTU_US | [DB CHECKPOINT] FUTU_US @ 8900
2026-07-30 01:08:08.108 | INFO | FUTU_US | [DB CHECKPOINT] FUTU_US @ 9000
2026-07-30 01:08:08.287 | INFO | FUTU_US | [DB CHECKPOINT] FUTU_US @ 9100
2026-07-30 01:08:08.636 | INFO | FUTU_US | [DB CHECKPOINT] FUTU_US @ 9200
2026-07-30 01:08:08.861 | INFO | FUTU_HK | [FUTU_HK] 账户: 总资产=$823,936.69 现金=$635,296.69 证券=$188,640.00 冻结=$0.00 购买力=$635,296.69 (HKD)
2026-07-30 01:08:08.936 | INFO | FUTU_US | [DB CHECKPOINT] FUTU_US @ 9300
2026-07-30 01:08:09.093 | INFO | FUTU_US | [DB CHECKPOINT] FUTU_US @ 9400
2026-07-30 01:08:09.320 | INFO | FUTU_US | [DB CHECKPOINT] FUTU_US @ 9500
2026-07-30 01:08:09.674 | INFO | FUTU_US | [FUTU_US] 账户: 总资产=$9,999,906.91 现金=$9,996,058.01 证券=$3,848.90 冻结=$0.00 购买力=$19,995,964.92 (USD)
2026-07-30 01:08:09.729 | INFO | FUTU_US | [DB CHECKPOINT] FUTU_US @ 9600
2026-07-30 01:08:09.793 | INFO | FUTU_US | [DB CHECKPOINT] FUTU_US @ 9700
2026-07-30 01:08:09.918 | INFO | FUTU_US | [DB CHECKPOINT] FUTU_US @ 9800
2026-07-30 01:08:10.195 | INFO | FUTU_US | [DB CHECKPOINT] FUTU_US @ 9900
2026-07-30 01:08:10.523 | INFO | FUTU_US | [DB CHECKPOINT] FUTU_US @ 10000
2026-07-30 01:08:10.948 | INFO | FUTU_US | [DB CHECKPOINT] FUTU_US @ 10100
2026-07-30 01:08:11.156 | INFO | FUTU_US | [DB CHECKPOINT] FUTU_US @ 10200
2026-07-30 01:08:11.215 | INFO | FUTU_US | [DB CHECKPOINT] FUTU_US @ 10300
2026-07-30 01:08:11.284 | INFO | FUTU_US | [DB CHECKPOINT] FUTU_US @ 10400
2026-07-30 01:08:11.558 | INFO | FUTU_US | [DB CHECKPOINT] FUTU_US @ 10500
2026-07-30 01:08:11.717 | INFO | FUTU_US | [DB CHECKPOINT] FUTU_US @ 10600
2026-07-30 01:08:11.975 | INFO | FUTU_US | [DB CHECKPOINT] FUTU_US @ 10700
2026-07-30 01:08:13.003 | INFO | FUTU_US | [DB CHECKPOINT] FUTU_US @ 10800
2026-07-30 01:08:13.109 | INFO | FUTU_US | [DB CHECKPOINT] FUTU_US @ 10900
2026-07-30 01:08:13.228 | INFO | FUTU_US | [DB CHECKPOINT] FUTU_US @ 11000
2026-07-30 01:08:13.352 | INFO | FUTU_US | [DB CHECKPOINT] FUTU_US @ 11100
2026-07-30 01:08:13.474 | INFO | FUTU_US | [DB CHECKPOINT] FUTU_US @ 11200
2026-07-30 01:08:13.585 | INFO | FUTU_US | [DB CHECKPOINT] FUTU_US @ 11300
2026-07-30 01:08:13.717 | INFO | FUTU_US | [DB CHECKPOINT] FUTU_US @ 11400
2026-07-30 01:08:13.838 | INFO | FUTU_US | [DB CHECKPOINT] FUTU_US @ 11500
2026-07-30 01:08:13.966 | INFO | FUTU_US | [DB CHECKPOINT] FUTU_US @ 11600
2026-07-30 01:08:14.115 | INFO | FUTU_US | [DB CHECKPOINT] FUTU_US @ 11700
2026-07-30 01:08:14.279 | INFO | FUTU_US | [DB CHECKPOINT] FUTU_US @ 11800
2026-07-30 01:08:14.752 | INFO | FUTU_US | [DB CHECKPOINT] FUTU_US @ 11900
2026-07-30 01:08:14.926 | INFO | FUTU_HK | [FUTU_HK] 账户: 总资产=$823,936.69 现金=$635,296.69 证券=$188,640.00 冻结=$0.00 购买力=$635,296.69 (HKD)
2026-07-30 01:08:15.263 | INFO | FUTU_US | [DB CHECKPOINT] FUTU_US @ 12000
2026-07-30 01:08:15.695 | INFO | FUTU_US | [FUTU_US] 账户: 总资产=$9,999,906.91 现金=$9,996,058.01 证券=$3,848.90 冻结=$0.00 购买力=$19,995,964.92 (USD)
2026-07-30 01:08:15.902 | INFO | FUTU_US | [DB CHECKPOINT] FUTU_US @ 12100
2026-07-30 01:08:16.096 | INFO | FUTU_US | [DB CHECKPOINT] FUTU_US @ 12200
2026-07-30 01:08:16.468 | INFO | FUTU_US | [DB CHECKPOINT] FUTU_US @ 12300
2026-07-30 01:08:16.951 | INFO | FUTU_US | [DB CHECKPOINT] FUTU_US @ 12400
2026-07-30 01:08:17.453 | INFO | FUTU_US | [DB CHECKPOINT] FUTU_US @ 12500
2026-07-30 01:08:17.784 | INFO | FUTU_US | [DB CHECKPOINT] FUTU_US @ 12600
2026-07-30 01:08:18.555 | INFO | FUTU_US | [DB CHECKPOINT] FUTU_US @ 12700
2026-07-30 01:08:19.152 | INFO | FUTU_US | [DB CHECKPOINT] FUTU_US @ 12800
2026-07-30 01:08:20.368 | INFO | FUTU_US | [DB CHECKPOINT] FUTU_US @ 12900
2026-07-30 01:08:20.939 | INFO | FUTU_HK | [FUTU_HK] 账户: 总资产=$823,936.69 现金=$635,296.69 证券=$188,640.00 冻结=$0.00 购买力=$635,296.69 (HKD)
2026-07-30 01:08:21.151 | INFO | FUTU_US | [DB CHECKPOINT] FUTU_US @ 13000
2026-07-30 01:08:21.897 | INFO | FUTU_US | [FUTU_US] 账户: 总资产=$9,999,906.91 现金=$9,996,058.01 证券=$3,848.90 冻结=$0.00 购买力=$19,995,964.92 (USD)
2026-07-30 01:08:22.250 | INFO | FUTU_US | [DB CHECKPOINT] FUTU_US @ 13100
2026-07-30 01:08:22.745 | INFO | FUTU_US | [DB CHECKPOINT] FUTU_US @ 13200
2026-07-30 01:08:23.226 | INFO | FUTU_US | [DB CHECKPOINT] FUTU_US @ 13300
2026-07-30 01:08:23.782 | INFO | FUTU_US | [DB CHECKPOINT] FUTU_US @ 13400
2026-07-30 01:08:24.164 | INFO | FUTU_US | [DB CHECKPOINT] FUTU_US @ 13500
2026-07-30 01:08:25.571 | INFO | FUTU_US | [DB CHECKPOINT] FUTU_US @ 13600
2026-07-30 01:08:27.869 | INFO | FUTU_HK | [FUTU_HK] 账户: 总资产=$823,936.69 现金=$635,296.69 证券=$188,640.00 冻结=$0.00 购买力=$635,296.69 (HKD)
2026-07-30 01:08:28.274 | INFO | FUTU_US | [FUTU_US] 账户: 总资产=$9,999,906.91 现金=$9,996,058.01 证券=$3,848.90 冻结=$0.00 购买力=$19,995,964.92 (USD)
2026-07-30 01:08:28.300 | INFO | FUTU_US | [DB CHECKPOINT] FUTU_US @ 13700
2026-07-30 01:08:28.684 | INFO | FUTU_US | [DB CHECKPOINT] FUTU_US @ 13800
2026-07-30 01:08:29.062 | INFO | FUTU_US | [DB CHECKPOINT] FUTU_US @ 13900
2026-07-30 01:08:29.482 | INFO | FUTU_US | [DB CHECKPOINT] FUTU_US @ 14000
2026-07-30 01:08:29.660 | INFO | FUTU_US | [DB CHECKPOINT] FUTU_US @ 14100
2026-07-30 01:08:30.073 | INFO | FUTU_US | [DB CHECKPOINT] FUTU_US @ 14200
2026-07-30 01:08:30.436 | INFO | FUTU_US | [DB CHECKPOINT] FUTU_US @ 14300
2026-07-30 01:08:31.598 | INFO | FUTU_US | [DB CHECKPOINT] FUTU_US @ 14400
2026-07-30 01:08:32.530 | INFO | FUTU_US | [DB CHECKPOINT] FUTU_US @ 14500
2026-07-30 01:08:32.794 | INFO | FUTU_US | [DB CHECKPOINT] FUTU_US @ 14600
2026-07-30 01:08:33.047 | INFO | FUTU_US | [DB CHECKPOINT] FUTU_US @ 14700
2026-07-30 01:08:33.308 | INFO | FUTU_HK | [FUTU_HK] 账户: 总资产=$823,936.69 现金=$635,296.69 证券=$188,640.00 冻结=$0.00 购买力=$635,296.69 (HKD)
2026-07-30 01:08:33.382 | INFO | FUTU_US | [DB CHECKPOINT] FUTU_US @ 14800
2026-07-30 01:08:33.713 | INFO | FUTU_US | [DB CHECKPOINT] FUTU_US @ 14900
2026-07-30 01:08:34.024 | INFO | FUTU_US | [FUTU_US] 账户: 总资产=$9,999,906.91 现金=$9,996,058.01 证券=$3,848.90 冻结=$0.00 购买力=$19,995,964.92 (USD)
2026-07-30 01:08:35.499 | INFO | FUTU_US | [DB CHECKPOINT] FUTU_US @ 15000
2026-07-30 01:08:35.801 | INFO | FUTU_US | [DB CHECKPOINT] FUTU_US @ 15100
2026-07-30 01:08:36.028 | INFO | FUTU_US | [DB CHECKPOINT] FUTU_US @ 15200
2026-07-30 01:08:36.253 | INFO | FUTU_US | [DB CHECKPOINT] FUTU_US @ 15300
2026-07-30 01:08:36.336 | INFO | FUTU_US | [DB CHECKPOINT] FUTU_US @ 15400
2026-07-30 01:08:36.444 | INFO | FUTU_US | [DB CHECKPOINT] FUTU_US @ 15500
2026-07-30 01:08:36.714 | INFO | FUTU_US | [DB CHECKPOINT] FUTU_US @ 15600
2026-07-30 01:08:36.961 | INFO | FUTU_US | [DB CHECKPOINT] FUTU_US @ 15700
2026-07-30 01:08:37.141 | INFO | FUTU_US | [DB CHECKPOINT] FUTU_US @ 15800
2026-07-30 01:08:37.296 | INFO | FUTU_US | [DB CHECKPOINT] FUTU_US @ 15900
2026-07-30 01:08:37.603 | INFO | FUTU_US | [DB CHECKPOINT] FUTU_US @ 16000
2026-07-30 01:08:37.917 | INFO | FUTU_US | [DB CHECKPOINT] FUTU_US @ 16100
2026-07-30 01:08:38.181 | INFO | FUTU_US | [DB CHECKPOINT] FUTU_US @ 16200
2026-07-30 01:08:38.439 | INFO | FUTU_US | [DB CHECKPOINT] FUTU_US @ 16300
2026-07-30 01:08:39.060 | INFO | FUTU_US | [DB CHECKPOINT] FUTU_US @ 16400
2026-07-30 01:08:39.323 | INFO | FUTU_US | [DB CHECKPOINT] FUTU_US @ 16500
2026-07-30 01:08:39.720 | INFO | FUTU_US | [DB CHECKPOINT] FUTU_US @ 16600
2026-07-30 01:08:39.956 | INFO | FUTU_HK | [FUTU_HK] 账户: 总资产=$823,936.69 现金=$635,296.69 证券=$188,640.00 冻结=$0.00 购买力=$635,296.69 (HKD)
2026-07-30 01:08:39.961 | INFO | FUTU_US | [FUTU_US] 账户: 总资产=$9,999,906.91 现金=$9,996,058.01 证券=$3,848.90 冻结=$0.00 购买力=$19,995,964.92 (USD)
2026-07-30 01:08:40.158 | INFO | FUTU_US | [DB CHECKPOINT] FUTU_US @ 16700
2026-07-30 01:08:40.605 | INFO | FUTU_US | [DB CHECKPOINT] FUTU_US @ 16800
2026-07-30 01:08:41.054 | INFO | FUTU_US | [DB CHECKPOINT] FUTU_US @ 16900
2026-07-30 01:08:41.494 | INFO | FUTU_US | [DB CHECKPOINT] FUTU_US @ 17000
2026-07-30 01:08:41.772 | INFO | FUTU_US | [DB CHECKPOINT] FUTU_US @ 17100
2026-07-30 01:08:42.238 | INFO | FUTU_US | [DB CHECKPOINT] FUTU_US @ 17200
2026-07-30 01:08:42.657 | INFO | FUTU_US | [DB CHECKPOINT] FUTU_US @ 17300
2026-07-30 01:08:43.798 | INFO | FUTU_US | [DB CHECKPOINT] FUTU_US @ 17400
2026-07-30 01:08:44.244 | INFO | FUTU_US | [DB CHECKPOINT] FUTU_US @ 17500
2026-07-30 01:08:44.643 | INFO | FUTU_US | [DB CHECKPOINT] FUTU_US @ 17600
2026-07-30 01:08:45.317 | INFO | FUTU_US | [DB CHECKPOINT] FUTU_US @ 17700
2026-07-30 01:08:45.777 | INFO | FUTU_US | [DB CHECKPOINT] FUTU_US @ 17800
2026-07-30 01:08:46.404 | INFO | FUTU_HK | [FUTU_HK] 账户: 总资产=$823,936.69 现金=$635,296.69 证券=$188,640.00 冻结=$0.00 购买力=$635,296.69 (HKD)
2026-07-30 01:08:46.410 | INFO | FUTU_US | [FUTU_US] 账户: 总资产=$9,999,906.91 现金=$9,996,058.01 证券=$3,848.90 冻结=$0.00 购买力=$19,995,964.92 (USD)
2026-07-30 01:08:49.166 | INFO | FUTU_US | [DB CHECKPOINT] FUTU_US @ 17900
2026-07-30 01:08:49.665 | INFO | FUTU_US | [DB CHECKPOINT] FUTU_US @ 18000
2026-07-30 01:08:50.188 | INFO | FUTU_US | [DB CHECKPOINT] FUTU_US @ 18100
2026-07-30 01:08:50.764 | INFO | FUTU_US | [DB CHECKPOINT] FUTU_US @ 18200
2026-07-30 01:08:51.188 | INFO | FUTU_US | [DB CHECKPOINT] FUTU_US @ 18300
2026-07-30 01:08:51.700 | INFO | FUTU_US | [DB CHECKPOINT] FUTU_US @ 18400
2026-07-30 01:08:52.204 | INFO | FUTU_US | [DB CHECKPOINT] FUTU_US @ 18500
2026-07-30 01:08:52.343 | INFO | FUTU_US | [DB CHECKPOINT] FUTU_US @ 18600
2026-07-30 01:08:52.459 | INFO | FUTU_HK | [FUTU_HK] 账户: 总资产=$823,936.69 现金=$635,296.69 证券=$188,640.00 冻结=$0.00 购买力=$635,296.69 (HKD)
2026-07-30 01:08:52.465 | INFO | FUTU_US | [FUTU_US] 账户: 总资产=$9,999,906.91 现金=$9,996,058.01 证券=$3,848.90 冻结=$0.00 购买力=$19,995,964.92 (USD)
2026-07-30 01:08:52.675 | INFO | FUTU_US | [DB CHECKPOINT] FUTU_US @ 18700
2026-07-30 01:08:53.054 | INFO | FUTU_US | [DB CHECKPOINT] FUTU_US @ 18800
2026-07-30 01:08:53.366 | INFO | FUTU_US | [DB CHECKPOINT] FUTU_US @ 18900
2026-07-30 01:08:55.319 | INFO | FUTU_US | [DB CHECKPOINT] FUTU_US @ 19000
2026-07-30 01:08:55.870 | INFO | FUTU_US | [DB CHECKPOINT] FUTU_US @ 19100
2026-07-30 01:08:56.557 | INFO | FUTU_US | [DB CHECKPOINT] FUTU_US @ 19200
2026-07-30 01:08:56.896 | INFO | FUTU_US | [DB CHECKPOINT] FUTU_US @ 19300
2026-07-30 01:08:57.475 | INFO | FUTU_US | [DB CHECKPOINT] FUTU_US @ 19400
2026-07-30 01:08:58.004 | INFO | FUTU_US | [DB CHECKPOINT] FUTU_US @ 19500
2026-07-30 01:08:58.571 | INFO | FUTU_US | [DB CHECKPOINT] FUTU_US @ 19600
2026-07-30 01:08:58.775 | INFO | FUTU_US | [DB CHECKPOINT] FUTU_US @ 19700
2026-07-30 01:08:58.941 | INFO | FUTU_US | [DB CHECKPOINT] FUTU_US @ 19800
2026-07-30 01:08:59.026 | INFO | FUTU_HK | [FUTU_HK] 账户: 总资产=$823,936.69 现金=$635,296.69 证券=$188,640.00 冻结=$0.00 购买力=$635,296.69 (HKD)
2026-07-30 01:08:59.034 | INFO | FUTU_US | [FUTU_US] 账户: 总资产=$9,999,906.91 现金=$9,996,058.01 证券=$3,848.90 冻结=$0.00 购买力=$19,995,964.92 (USD)
2026-07-30 01:08:59.143 | INFO | FUTU_US | [DB CHECKPOINT] FUTU_US @ 19900
2026-07-30 01:08:59.295 | INFO | FUTU_US | [DB CHECKPOINT] FUTU_US @ 20000
2026-07-30 01:08:59.433 | INFO | FUTU_US | [DB CHECKPOINT] FUTU_US @ 20100
2026-07-30 01:08:59.550 | INFO | FUTU_US | [DB CHECKPOINT] FUTU_US @ 20200
2026-07-30 01:09:00.229 | INFO | FUTU_US | [DB CHECKPOINT] FUTU_US @ 20300
2026-07-30 01:09:00.365 | INFO | FUTU_US | [DB CHECKPOINT] FUTU_US @ 20400
2026-07-30 01:09:00.499 | INFO | FUTU_US | [DB CHECKPOINT] FUTU_US @ 20500
2026-07-30 01:09:00.659 | INFO | FUTU_US | [DB CHECKPOINT] FUTU_US @ 20600
2026-07-30 01:09:00.836 | INFO | FUTU_US | [DB CHECKPOINT] FUTU_US @ 20700
2026-07-30 01:09:01.015 | INFO | FUTU_US | [DB CHECKPOINT] FUTU_US @ 20800
2026-07-30 01:09:01.161 | INFO | FUTU_US | [DB CHECKPOINT] FUTU_US @ 20900
2026-07-30 01:09:01.311 | INFO | FUTU_US | [DB CHECKPOINT] FUTU_US @ 21000
2026-07-30 01:09:01.452 | INFO | FUTU_US | [DB CHECKPOINT] FUTU_US @ 21100
2026-07-30 01:09:01.603 | INFO | FUTU_US | [DB CHECKPOINT] FUTU_US @ 21200
2026-07-30 01:09:01.854 | INFO | FUTU_US | [DB CHECKPOINT] FUTU_US @ 21300
2026-07-30 01:09:02.065 | INFO | FUTU_US | [DB CHECKPOINT] FUTU_US @ 21400
2026-07-30 01:09:02.241 | INFO | FUTU_US | [DB CHECKPOINT] FUTU_US @ 21500
2026-07-30 01:09:02.401 | INFO | FUTU_US | [DB CHECKPOINT] FUTU_US @ 21600
2026-07-30 01:09:02.589 | INFO | FUTU_US | [DB CHECKPOINT] FUTU_US @ 21700
2026-07-30 01:09:02.796 | INFO | FUTU_US | [DB CHECKPOINT] FUTU_US @ 21800
2026-07-30 01:09:02.953 | INFO | FUTU_US | [DB CHECKPOINT] FUTU_US @ 21900
2026-07-30 01:09:03.066 | INFO | FUTU_US | [DB CHECKPOINT] FUTU_US @ 22000
2026-07-30 01:09:03.180 | INFO | FUTU_US | [DB CHECKPOINT] FUTU_US @ 22100
2026-07-30 01:09:03.340 | INFO | FUTU_US | [DB CHECKPOINT] FUTU_US @ 22200
2026-07-30 01:09:03.463 | INFO | FUTU_US | [DB CHECKPOINT] FUTU_US @ 22300
2026-07-30 01:09:03.604 | INFO | FUTU_US | [DB CHECKPOINT] FUTU_US @ 22400
2026-07-30 01:09:03.787 | INFO | FUTU_US | [DB CHECKPOINT] FUTU_US @ 22500
2026-07-30 01:09:03.932 | INFO | FUTU_US | [DB CHECKPOINT] FUTU_US @ 22600
2026-07-30 01:09:04.088 | INFO | FUTU_US | [DB CHECKPOINT] FUTU_US @ 22700
2026-07-30 01:09:04.257 | INFO | FUTU_US | [DB CHECKPOINT] FUTU_US @ 22800
2026-07-30 01:09:04.401 | INFO | FUTU_US | [DB CHECKPOINT] FUTU_US @ 22900
2026-07-30 01:09:04.557 | INFO | FUTU_US | [DB CHECKPOINT] FUTU_US @ 23000
2026-07-30 01:09:04.683 | INFO | FUTU_US | [DB CHECKPOINT] FUTU_US @ 23100
2026-07-30 01:09:04.842 | INFO | FUTU_US | [DB CHECKPOINT] FUTU_US @ 23200
2026-07-30 01:09:04.949 | INFO | FUTU_US | [DB CHECKPOINT] FUTU_US @ 23300
2026-07-30 01:09:05.145 | INFO | FUTU_US | [FUTU_US] 账户: 总资产=$9,999,906.91 现金=$9,996,058.01 证券=$3,848.90 冻结=$0.00 购买力=$19,995,964.92 (USD)
2026-07-30 01:09:05.147 | INFO | FUTU_HK | [FUTU_HK] 账户: 总资产=$823,936.69 现金=$635,296.69 证券=$188,640.00 冻结=$0.00 购买力=$635,296.69 (HKD)
2026-07-30 01:09:05.159 | INFO | FUTU_US | [DB CHECKPOINT] FUTU_US @ 23400
2026-07-30 01:09:05.282 | INFO | FUTU_US | [DB CHECKPOINT] FUTU_US @ 23500
2026-07-30 01:09:05.342 | INFO | FUTU_US | [DB CHECKPOINT] FUTU_US @ 23600
2026-07-30 01:09:05.509 | INFO | FUTU_US | [DB CHECKPOINT] FUTU_US @ 23700
2026-07-30 01:09:05.648 | INFO | FUTU_US | [DB CHECKPOINT] FUTU_US @ 23800
2026-07-30 01:09:05.765 | INFO | FUTU_US | [DB CHECKPOINT] FUTU_US @ 23900
2026-07-30 01:09:06.399 | INFO | FUTU_US | [DB CHECKPOINT] FUTU_US @ 24000
2026-07-30 01:09:06.502 | INFO | FUTU_US | [DB CHECKPOINT] FUTU_US @ 24100
2026-07-30 01:09:06.646 | INFO | FUTU_US | [DB CHECKPOINT] FUTU_US @ 24200
2026-07-30 01:09:06.727 | INFO | FUTU_US | [DB CHECKPOINT] FUTU_US @ 24300
2026-07-30 01:09:06.916 | INFO | FUTU_US | [DB CHECKPOINT] FUTU_US @ 24400
2026-07-30 01:09:07.077 | INFO | FUTU_US | [DB CHECKPOINT] FUTU_US @ 24500
2026-07-30 01:09:07.200 | INFO | FUTU_US | [DB CHECKPOINT] FUTU_US @ 24600
2026-07-30 01:09:07.340 | INFO | FUTU_US | [DB CHECKPOINT] FUTU_US @ 24700
2026-07-30 01:09:07.546 | INFO | FUTU_US | [DB CHECKPOINT] FUTU_US @ 24800
2026-07-30 01:09:07.717 | INFO | FUTU_US | [DB CHECKPOINT] FUTU_US @ 24900
2026-07-30 01:09:07.926 | INFO | FUTU_US | [DB CHECKPOINT] FUTU_US @ 25000
2026-07-30 01:09:08.121 | INFO | FUTU_US | [DB CHECKPOINT] FUTU_US @ 25100
2026-07-30 01:09:08.526 | INFO | FUTU_US | [DB CHECKPOINT] FUTU_US @ 25200
2026-07-30 01:09:08.645 | INFO | FUTU_US | [DB CHECKPOINT] FUTU_US @ 25300
2026-07-30 01:09:08.737 | INFO | FUTU_US | [DB CHECKPOINT] FUTU_US @ 25400
2026-07-30 01:09:08.936 | INFO | FUTU_US | [DB CHECKPOINT] FUTU_US @ 25500
2026-07-30 01:09:09.059 | INFO | FUTU_US | [DB CHECKPOINT] FUTU_US @ 25600
2026-07-30 01:09:09.181 | INFO | FUTU_US | [DB CHECKPOINT] FUTU_US @ 25700
2026-07-30 01:09:09.435 | INFO | FUTU_US | [DB CHECKPOINT] FUTU_US @ 25800
2026-07-30 01:09:09.679 | INFO | FUTU_US | [DB CHECKPOINT] FUTU_US @ 25900
2026-07-30 01:09:09.948 | INFO | FUTU_US | [DB CHECKPOINT] FUTU_US @ 26000
2026-07-30 01:09:10.053 | INFO | FUTU_US | [DB CHECKPOINT] FUTU_US @ 26100
2026-07-30 01:09:10.248 | INFO | FUTU_US | [DB CHECKPOINT] FUTU_US @ 26200
2026-07-30 01:09:10.412 | INFO | FUTU_US | [DB CHECKPOINT] FUTU_US @ 26300
2026-07-30 01:09:10.636 | INFO | FUTU_US | [DB CHECKPOINT] FUTU_US @ 26400
2026-07-30 01:09:10.938 | INFO | FUTU_US | [DB CHECKPOINT] FUTU_US @ 26500
2026-07-30 01:09:11.168 | INFO | FUTU_US | [DB CHECKPOINT] FUTU_US @ 26600
2026-07-30 01:09:11.275 | INFO | FUTU_US | [FUTU_US] 账户: 总资产=$9,999,906.91 现金=$9,996,058.01 证券=$3,848.90 冻结=$0.00 购买力=$19,995,964.92 (USD)
2026-07-30 01:09:11.281 | INFO | FUTU_HK | [FUTU_HK] 账户: 总资产=$823,936.69 现金=$635,296.69 证券=$188,640.00 冻结=$0.00 购买力=$635,296.69 (HKD)
2026-07-30 01:09:11.347 | INFO | FUTU_US | [DB CHECKPOINT] FUTU_US @ 26700
2026-07-30 01:09:11.558 | INFO | FUTU_US | [DB CHECKPOINT] FUTU_US @ 26800
2026-07-30 01:09:12.315 | INFO | FUTU_US | [DB CHECKPOINT] FUTU_US @ 26900
2026-07-30 01:09:12.435 | INFO | FUTU_US | [DB CHECKPOINT] FUTU_US @ 27000
2026-07-30 01:09:12.614 | INFO | FUTU_US | [DB CHECKPOINT] FUTU_US @ 27100
2026-07-30 01:09:12.731 | INFO | FUTU_US | [DB CHECKPOINT] FUTU_US @ 27200
2026-07-30 01:09:12.901 | INFO | FUTU_US | [DB CHECKPOINT] FUTU_US @ 27300
2026-07-30 01:09:13.194 | INFO | FUTU_US | [DB CHECKPOINT] FUTU_US @ 27400
2026-07-30 01:09:13.734 | INFO | FUTU_US | [DB CHECKPOINT] FUTU_US @ 27500
2026-07-30 01:09:13.854 | INFO | FUTU_US | [DB CHECKPOINT] FUTU_US @ 27600
2026-07-30 01:09:13.952 | INFO | FUTU_US | [DB CHECKPOINT] FUTU_US @ 27700
2026-07-30 01:09:14.155 | INFO | FUTU_US | [DB CHECKPOINT] FUTU_US @ 27800
2026-07-30 01:09:14.395 | INFO | FUTU_US | [DB CHECKPOINT] FUTU_US @ 27900
2026-07-30 01:09:14.508 | INFO | FUTU_US | [DB CHECKPOINT] FUTU_US @ 28000
2026-07-30 01:09:14.653 | INFO | FUTU_US | [DB CHECKPOINT] FUTU_US @ 28100
2026-07-30 01:09:14.848 | INFO | FUTU_US | [DB CHECKPOINT] FUTU_US @ 28200
2026-07-30 01:09:15.103 | INFO | FUTU_US | [DB CHECKPOINT] FUTU_US @ 28300
2026-07-30 01:09:15.283 | INFO | FUTU_US | [DB CHECKPOINT] FUTU_US @ 28400
2026-07-30 01:09:15.445 | INFO | FUTU_US | [DB CHECKPOINT] FUTU_US @ 28500
2026-07-30 01:09:15.657 | INFO | FUTU_US | [DB CHECKPOINT] FUTU_US @ 28600
2026-07-30 01:09:15.850 | INFO | FUTU_US | [DB CHECKPOINT] FUTU_US @ 28700
2026-07-30 01:09:16.035 | INFO | FUTU_US | [DB CHECKPOINT] FUTU_US @ 28800
2026-07-30 01:09:16.175 | INFO | FUTU_US | [DB CHECKPOINT] FUTU_US @ 28900
2026-07-30 01:09:16.284 | INFO | FUTU_US | [DB CHECKPOINT] FUTU_US @ 29000
2026-07-30 01:09:16.426 | INFO | FUTU_US | [DB CHECKPOINT] FUTU_US @ 29100
2026-07-30 01:09:16.578 | INFO | FUTU_US | [DB CHECKPOINT] FUTU_US @ 29200
2026-07-30 01:09:16.634 | INFO | FUTU_US | [DB CHECKPOINT] FUTU_US @ 29300
2026-07-30 01:09:16.815 | INFO | FUTU_US | [DB CHECKPOINT] FUTU_US @ 29400
2026-07-30 01:09:16.932 | INFO | FUTU_US | [DB CHECKPOINT] FUTU_US @ 29500
2026-07-30 01:09:17.423 | INFO | FUTU_HK | [FUTU_HK] 账户: 总资产=$823,936.69 现金=$635,296.69 证券=$188,640.00 冻结=$0.00 购买力=$635,296.69 (HKD)
2026-07-30 01:09:17.446 | INFO | FUTU_US | [FUTU_US] 账户: 总资产=$9,999,906.91 现金=$9,996,058.01 证券=$3,848.90 冻结=$0.00 购买力=$19,995,964.92 (USD)
2026-07-30 01:09:17.504 | INFO | FUTU_US | [DB CHECKPOINT] FUTU_US @ 29600
2026-07-30 01:09:17.621 | INFO | FUTU_US | [DB CHECKPOINT] FUTU_US @ 29700
2026-07-30 01:09:17.734 | INFO | FUTU_US | [DB CHECKPOINT] FUTU_US @ 29800
2026-07-30 01:09:17.882 | INFO | FUTU_US | [DB CHECKPOINT] FUTU_US @ 29900
2026-07-30 01:09:17.987 | INFO | FUTU_US | [DB CHECKPOINT] FUTU_US @ 30000
2026-07-30 01:09:18.116 | INFO | FUTU_US | [DB CHECKPOINT] FUTU_US @ 30100
2026-07-30 01:09:18.246 | INFO | FUTU_US | [DB CHECKPOINT] FUTU_US @ 30200
2026-07-30 01:09:18.547 | INFO | FUTU_US | [DB CHECKPOINT] FUTU_US @ 30300
2026-07-30 01:09:18.644 | INFO | FUTU_US | [DB CHECKPOINT] FUTU_US @ 30400
2026-07-30 01:09:18.741 | INFO | FUTU_US | [DB CHECKPOINT] FUTU_US @ 30500
2026-07-30 01:09:18.880 | INFO | FUTU_US | [DB CHECKPOINT] FUTU_US @ 30600
2026-07-30 01:09:18.999 | INFO | FUTU_US | [DB CHECKPOINT] FUTU_US @ 30700
2026-07-30 01:09:19.133 | INFO | FUTU_US | [DB CHECKPOINT] FUTU_US @ 30800
2026-07-30 01:09:19.273 | INFO | FUTU_US | [DB CHECKPOINT] FUTU_US @ 30900
2026-07-30 01:09:19.411 | INFO | FUTU_US | [DB CHECKPOINT] FUTU_US @ 31000
2026-07-30 01:09:19.577 | INFO | FUTU_US | [DB CHECKPOINT] FUTU_US @ 31100
2026-07-30 01:09:19.677 | INFO | FUTU_US | [DB CHECKPOINT] FUTU_US @ 31200
2026-07-30 01:09:19.831 | INFO | FUTU_US | [DB CHECKPOINT] FUTU_US @ 31300
2026-07-30 01:09:19.938 | INFO | FUTU_US | [DB CHECKPOINT] FUTU_US @ 31400
2026-07-30 01:09:20.059 | INFO | FUTU_US | [DB CHECKPOINT] FUTU_US @ 31500
2026-07-30 01:09:20.176 | INFO | FUTU_US | [DB CHECKPOINT] FUTU_US @ 31600
2026-07-30 01:09:20.311 | INFO | FUTU_US | [DB CHECKPOINT] FUTU_US @ 31700
2026-07-30 01:09:20.442 | INFO | FUTU_US | [DB CHECKPOINT] FUTU_US @ 31800
2026-07-30 01:09:20.584 | INFO | FUTU_US | [DB CHECKPOINT] FUTU_US @ 31900
2026-07-30 01:09:20.728 | INFO | FUTU_US | [DB CHECKPOINT] FUTU_US @ 32000
2026-07-30 01:09:20.839 | INFO | FUTU_US | [DB CHECKPOINT] FUTU_US @ 32100
2026-07-30 01:09:21.002 | INFO | FUTU_US | [DB CHECKPOINT] FUTU_US @ 32200
2026-07-30 01:09:21.077 | INFO | FUTU_US | [DB CHECKPOINT] FUTU_US @ 32300
2026-07-30 01:09:21.173 | INFO | FUTU_US | [DB CHECKPOINT] FUTU_US @ 32400
2026-07-30 01:09:21.301 | INFO | FUTU_US | [DB CHECKPOINT] FUTU_US @ 32500
2026-07-30 01:09:21.392 | INFO | FUTU_US | [DB CHECKPOINT] FUTU_US @ 32600
2026-07-30 01:09:21.530 | INFO | FUTU_US | [DB CHECKPOINT] FUTU_US @ 32700
2026-07-30 01:09:21.650 | INFO | FUTU_US | [DB CHECKPOINT] FUTU_US @ 32800
2026-07-30 01:09:21.821 | INFO | FUTU_US | [DB CHECKPOINT] FUTU_US @ 32900
2026-07-30 01:09:21.980 | INFO | FUTU_US | [DB CHECKPOINT] FUTU_US @ 33000
2026-07-30 01:09:22.127 | INFO | FUTU_US | [DB CHECKPOINT] FUTU_US @ 33100
2026-07-30 01:09:22.250 | INFO | FUTU_US | [DB CHECKPOINT] FUTU_US @ 33200
2026-07-30 01:09:22.408 | INFO | FUTU_US | [DB CHECKPOINT] FUTU_US @ 33300
2026-07-30 01:09:23.020 | INFO | FUTU_US | [DB CHECKPOINT] FUTU_US @ 33400
2026-07-30 01:09:23.217 | INFO | FUTU_US | [DB CHECKPOINT] FUTU_US @ 33500
2026-07-30 01:09:23.342 | INFO | FUTU_HK | [FUTU_HK] 账户: 总资产=$823,936.69 现金=$635,296.69 证券=$188,640.00 冻结=$0.00 购买力=$635,296.69 (HKD)
2026-07-30 01:09:23.353 | INFO | FUTU_US | [FUTU_US] 账户: 总资产=$9,999,906.91 现金=$9,996,058.01 证券=$3,848.90 冻结=$0.00 购买力=$19,995,964.92 (USD)
2026-07-30 01:09:23.449 | INFO | FUTU_US | [DB CHECKPOINT] FUTU_US @ 33600
2026-07-30 01:09:23.604 | INFO | FUTU_US | [DB CHECKPOINT] FUTU_US @ 33700
2026-07-30 01:09:23.759 | INFO | FUTU_US | [DB CHECKPOINT] FUTU_US @ 33800
2026-07-30 01:09:24.224 | INFO | FUTU_US | [DB CHECKPOINT] FUTU_US @ 33900
2026-07-30 01:09:24.431 | INFO | FUTU_US | [DB CHECKPOINT] FUTU_US @ 34000
2026-07-30 01:09:24.612 | INFO | FUTU_US | [DB CHECKPOINT] FUTU_US @ 34100
2026-07-30 01:09:24.774 | INFO | FUTU_US | [DB CHECKPOINT] FUTU_US @ 34200
2026-07-30 01:09:24.936 | INFO | FUTU_US | [DB CHECKPOINT] FUTU_US @ 34300
2026-07-30 01:09:25.052 | INFO | FUTU_US | [DB CHECKPOINT] FUTU_US @ 34400
2026-07-30 01:09:25.173 | INFO | FUTU_US | [DB CHECKPOINT] FUTU_US @ 34500
2026-07-30 01:09:25.302 | INFO | FUTU_US | [DB CHECKPOINT] FUTU_US @ 34600
2026-07-30 01:09:25.455 | INFO | FUTU_US | [DB CHECKPOINT] FUTU_US @ 34700
2026-07-30 01:09:25.595 | INFO | FUTU_US | [DB CHECKPOINT] FUTU_US @ 34800
2026-07-30 01:09:25.721 | INFO | FUTU_US | [DB CHECKPOINT] FUTU_US @ 34900
2026-07-30 01:09:25.866 | INFO | FUTU_US | [DB CHECKPOINT] FUTU_US @ 35000
2026-07-30 01:09:26.001 | INFO | FUTU_US | [DB CHECKPOINT] FUTU_US @ 35100
2026-07-30 01:09:26.118 | INFO | FUTU_US | [DB CHECKPOINT] FUTU_US @ 35200
2026-07-30 01:09:26.234 | INFO | FUTU_US | [DB CHECKPOINT] FUTU_US @ 35300
2026-07-30 01:09:26.353 | INFO | FUTU_US | [DB CHECKPOINT] FUTU_US @ 35400
2026-07-30 01:09:26.760 | INFO | FUTU_US | [DB CHECKPOINT] FUTU_US @ 35500
2026-07-30 01:09:26.890 | INFO | FUTU_US | [DB CHECKPOINT] FUTU_US @ 35600
2026-07-30 01:09:27.045 | INFO | FUTU_US | [DB CHECKPOINT] FUTU_US @ 35700
2026-07-30 01:09:27.211 | INFO | FUTU_US | [DB CHECKPOINT] FUTU_US @ 35800
2026-07-30 01:09:27.367 | INFO | FUTU_US | [DB CHECKPOINT] FUTU_US @ 35900
2026-07-30 01:09:27.500 | INFO | FUTU_US | [DB CHECKPOINT] FUTU_US @ 36000
2026-07-30 01:09:27.705 | INFO | FUTU_US | [DB CHECKPOINT] FUTU_US @ 36100
2026-07-30 01:09:27.837 | INFO | FUTU_US | [DB CHECKPOINT] FUTU_US @ 36200
2026-07-30 01:09:27.970 | INFO | FUTU_US | [DB CHECKPOINT] FUTU_US @ 36300
2026-07-30 01:09:28.113 | INFO | FUTU_US | [DB CHECKPOINT] FUTU_US @ 36400
2026-07-30 01:09:28.261 | INFO | FUTU_US | [DB CHECKPOINT] FUTU_US @ 36500
2026-07-30 01:09:28.391 | INFO | FUTU_US | [DB CHECKPOINT] FUTU_US @ 36600
2026-07-30 01:09:28.526 | INFO | FUTU_US | [DB CHECKPOINT] FUTU_US @ 36700
2026-07-30 01:09:28.618 | INFO | FUTU_US | [DB CHECKPOINT] FUTU_US @ 36800
2026-07-30 01:09:28.743 | INFO | FUTU_US | [DB CHECKPOINT] FUTU_US @ 36900
2026-07-30 01:09:28.871 | INFO | FUTU_US | [DB CHECKPOINT] FUTU_US @ 37000
2026-07-30 01:09:28.984 | INFO | FUTU_US | [DB CHECKPOINT] FUTU_US @ 37100
2026-07-30 01:09:29.113 | INFO | FUTU_US | [DB CHECKPOINT] FUTU_US @ 37200
2026-07-30 01:09:29.191 | INFO | FUTU_US | [DB CHECKPOINT] FUTU_US @ 37300
2026-07-30 01:09:29.322 | INFO | FUTU_US | [DB CHECKPOINT] FUTU_US @ 37400
2026-07-30 01:09:29.347 | INFO | FUTU_HK | [FUTU_HK] 账户: 总资产=$823,936.69 现金=$635,296.69 证券=$188,640.00 冻结=$0.00 购买力=$635,296.69 (HKD)
2026-07-30 01:09:29.350 | INFO | FUTU_US | [FUTU_US] 账户: 总资产=$9,999,906.91 现金=$9,996,058.01 证券=$3,848.90 冻结=$0.00 购买力=$19,995,964.92 (USD)
2026-07-30 01:09:29.431 | INFO | FUTU_US | [DB CHECKPOINT] FUTU_US @ 37500
2026-07-30 01:09:29.938 | INFO | FUTU_US | [DB CHECKPOINT] FUTU_US @ 37600
2026-07-30 01:09:30.039 | INFO | FUTU_US | [DB CHECKPOINT] FUTU_US @ 37700
2026-07-30 01:09:30.121 | INFO | FUTU_US | [DB CHECKPOINT] FUTU_US @ 37800
2026-07-30 01:09:30.246 | INFO | FUTU_US | [DB CHECKPOINT] FUTU_US @ 37900
2026-07-30 01:09:30.369 | INFO | FUTU_US | [DB CHECKPOINT] FUTU_US @ 38000
2026-07-30 01:09:30.464 | INFO | FUTU_US | [DB CHECKPOINT] FUTU_US @ 38100
2026-07-30 01:09:30.763 | INFO | FUTU_US | [DB CHECKPOINT] FUTU_US @ 38200
2026-07-30 01:09:30.910 | INFO | FUTU_US | [DB CHECKPOINT] FUTU_US @ 38300
2026-07-30 01:09:30.999 | INFO | FUTU_US | [DB CHECKPOINT] FUTU_US @ 38400
2026-07-30 01:09:31.116 | INFO | FUTU_US | [DB CHECKPOINT] FUTU_US @ 38500
2026-07-30 01:09:31.243 | INFO | FUTU_US | [DB CHECKPOINT] FUTU_US @ 38600
2026-07-30 01:09:31.373 | INFO | FUTU_US | [DB CHECKPOINT] FUTU_US @ 38700
2026-07-30 01:09:31.452 | INFO | FUTU_US | [DB CHECKPOINT] FUTU_US @ 38800
2026-07-30 01:09:31.578 | INFO | FUTU_US | [DB CHECKPOINT] FUTU_US @ 38900
2026-07-30 01:09:31.691 | INFO | FUTU_US | [DB CHECKPOINT] FUTU_US @ 39000
2026-07-30 01:09:31.849 | INFO | FUTU_US | [DB CHECKPOINT] FUTU_US @ 39100
2026-07-30 01:09:31.942 | INFO | FUTU_US | [DB CHECKPOINT] FUTU_US @ 39200
2026-07-30 01:09:32.043 | INFO | FUTU_US | [DB CHECKPOINT] FUTU_US @ 39300
2026-07-30 01:09:32.165 | INFO | FUTU_US | [DB CHECKPOINT] FUTU_US @ 39400
2026-07-30 01:09:32.239 | INFO | FUTU_US | [DB CHECKPOINT] FUTU_US @ 39500
2026-07-30 01:09:32.347 | INFO | FUTU_US | [DB CHECKPOINT] FUTU_US @ 39600
2026-07-30 01:09:32.452 | INFO | FUTU_US | [DB CHECKPOINT] FUTU_US @ 39700
2026-07-30 01:09:32.562 | INFO | FUTU_US | [DB CHECKPOINT] FUTU_US @ 39800
2026-07-30 01:09:32.636 | INFO | FUTU_US | [DB CHECKPOINT] FUTU_US @ 39900
2026-07-30 01:09:32.771 | INFO | FUTU_US | [DB CHECKPOINT] FUTU_US @ 40000
2026-07-30 01:09:32.892 | INFO | FUTU_US | [DB CHECKPOINT] FUTU_US @ 40100
2026-07-30 01:09:33.014 | INFO | FUTU_US | [DB CHECKPOINT] FUTU_US @ 40200
2026-07-30 01:09:33.087 | INFO | FUTU_US | [DB CHECKPOINT] FUTU_US @ 40300
2026-07-30 01:09:33.210 | INFO | FUTU_US | [DB CHECKPOINT] FUTU_US @ 40400
2026-07-30 01:09:33.339 | INFO | FUTU_US | [DB CHECKPOINT] FUTU_US @ 40500
2026-07-30 01:09:33.461 | INFO | FUTU_US | [DB CHECKPOINT] FUTU_US @ 40600
2026-07-30 01:09:33.630 | INFO | FUTU_US | [DB CHECKPOINT] FUTU_US @ 40700
2026-07-30 01:09:33.719 | INFO | FUTU_US | [DB CHECKPOINT] FUTU_US @ 40800
2026-07-30 01:09:34.243 | INFO | FUTU_US | [DB CHECKPOINT] FUTU_US @ 40900
2026-07-30 01:09:35.253 | INFO | FUTU_US | [DB CHECKPOINT] FUTU_US @ 41000
2026-07-30 01:09:35.530 | INFO | FUTU_HK | [FUTU_HK] 账户: 总资产=$823,936.69 现金=$635,296.69 证券=$188,640.00 冻结=$0.00 购买力=$635,296.69 (HKD)
2026-07-30 01:09:35.548 | INFO | FUTU_US | [FUTU_US] 账户: 总资产=$9,999,906.91 现金=$9,996,058.01 证券=$3,848.90 冻结=$0.00 购买力=$19,995,964.92 (USD)
2026-07-30 01:09:35.794 | INFO | FUTU_US | [DB CHECKPOINT] FUTU_US @ 41100
2026-07-30 01:09:36.121 | INFO | FUTU_US | [DB CHECKPOINT] FUTU_US @ 41200
2026-07-30 01:09:36.381 | INFO | FUTU_US | [DB CHECKPOINT] FUTU_US @ 41300
2026-07-30 01:09:36.601 | INFO | FUTU_US | [DB CHECKPOINT] FUTU_US @ 41400
2026-07-30 01:09:36.836 | INFO | FUTU_US | [DB CHECKPOINT] FUTU_US @ 41500
2026-07-30 01:09:37.117 | INFO | FUTU_US | [DB CHECKPOINT] FUTU_US @ 41600
2026-07-30 01:09:37.342 | INFO | FUTU_US | [DB CHECKPOINT] FUTU_US @ 41700
2026-07-30 01:09:37.617 | INFO | FUTU_US | [DB CHECKPOINT] FUTU_US @ 41800
2026-07-30 01:09:37.912 | INFO | FUTU_US | [DB CHECKPOINT] FUTU_US @ 41900
2026-07-30 01:09:38.048 | INFO | FUTU_US | [DB CHECKPOINT] FUTU_US @ 42000
2026-07-30 01:09:38.211 | INFO | FUTU_US | [DB CHECKPOINT] FUTU_US @ 42100
2026-07-30 01:09:38.741 | INFO | FUTU_US | [DB CHECKPOINT] FUTU_US @ 42200
2026-07-30 01:09:38.914 | INFO | FUTU_US | [DB CHECKPOINT] FUTU_US @ 42300
2026-07-30 01:09:39.095 | INFO | FUTU_US | [DB CHECKPOINT] FUTU_US @ 42400
2026-07-30 01:09:39.216 | INFO | FUTU_US | [DB CHECKPOINT] FUTU_US @ 42500
2026-07-30 01:09:39.353 | INFO | FUTU_US | [DB CHECKPOINT] FUTU_US @ 42600
2026-07-30 01:09:39.557 | INFO | FUTU_US | [DB CHECKPOINT] FUTU_US @ 42700
2026-07-30 01:09:39.820 | INFO | FUTU_US | [DB CHECKPOINT] FUTU_US @ 42800
2026-07-30 01:09:39.987 | INFO | FUTU_US | [DB CHECKPOINT] FUTU_US @ 42900
2026-07-30 01:09:40.525 | INFO | FUTU_US | [DB CHECKPOINT] FUTU_US @ 43000
2026-07-30 01:09:40.751 | INFO | FUTU_US | [DB CHECKPOINT] FUTU_US @ 43100
2026-07-30 01:09:41.006 | INFO | FUTU_US | [DB CHECKPOINT] FUTU_US @ 43200
2026-07-30 01:09:41.295 | INFO | FUTU_US | [DB CHECKPOINT] FUTU_US @ 43300
2026-07-30 01:09:41.449 | INFO | FUTU_HK | [FUTU_HK] 账户: 总资产=$823,936.69 现金=$635,296.69 证券=$188,640.00 冻结=$0.00 购买力=$635,296.69 (HKD)
2026-07-30 01:09:41.458 | INFO | FUTU_US | [FUTU_US] 账户: 总资产=$9,999,906.91 现金=$9,996,058.01 证券=$3,848.90 冻结=$0.00 购买力=$19,995,964.92 (USD)
2026-07-30 01:09:41.508 | INFO | FUTU_US | [DB CHECKPOINT] FUTU_US @ 43400
2026-07-30 01:09:41.769 | INFO | FUTU_US | [DB CHECKPOINT] FUTU_US @ 43500
2026-07-30 01:09:42.061 | INFO | FUTU_US | [DB CHECKPOINT] FUTU_US @ 43600
2026-07-30 01:09:42.455 | INFO | FUTU_US | [DB CHECKPOINT] FUTU_US @ 43700
2026-07-30 01:09:42.678 | INFO | FUTU_US | [DB CHECKPOINT] FUTU_US @ 43800
2026-07-30 01:09:42.871 | INFO | FUTU_US | [DB CHECKPOINT] FUTU_US @ 43900
2026-07-30 01:09:43.060 | INFO | FUTU_US | [DB CHECKPOINT] FUTU_US @ 44000
2026-07-30 01:09:43.256 | INFO | FUTU_US | [DB CHECKPOINT] FUTU_US @ 44100
2026-07-30 01:09:43.374 | INFO | FUTU_US | [DB CHECKPOINT] FUTU_US @ 44200
2026-07-30 01:09:43.552 | INFO | FUTU_US | [DB CHECKPOINT] FUTU_US @ 44300
2026-07-30 01:09:43.753 | INFO | FUTU_US | [DB CHECKPOINT] FUTU_US @ 44400
2026-07-30 01:09:43.949 | INFO | FUTU_US | [DB CHECKPOINT] FUTU_US @ 44500
2026-07-30 01:09:44.151 | INFO | FUTU_US | [DB CHECKPOINT] FUTU_US @ 44600
2026-07-30 01:09:44.282 | INFO | FUTU_US | [DB CHECKPOINT] FUTU_US @ 44700
2026-07-30 01:09:44.588 | INFO | FUTU_US | [DB CHECKPOINT] FUTU_US @ 44800
2026-07-30 01:09:44.814 | INFO | FUTU_US | [DB CHECKPOINT] FUTU_US @ 44900
2026-07-30 01:09:45.033 | INFO | FUTU_US | [DB CHECKPOINT] FUTU_US @ 45000
2026-07-30 01:09:45.308 | INFO | FUTU_US | [DB CHECKPOINT] FUTU_US @ 45100
2026-07-30 01:09:45.572 | INFO | FUTU_US | [DB CHECKPOINT] FUTU_US @ 45200
2026-07-30 01:09:45.974 | INFO | FUTU_US | [DB CHECKPOINT] FUTU_US @ 45300
2026-07-30 01:09:46.269 | INFO | FUTU_US | [DB CHECKPOINT] FUTU_US @ 45400
2026-07-30 01:09:46.443 | INFO | FUTU_US | [DB CHECKPOINT] FUTU_US @ 45500
2026-07-30 01:09:46.980 | INFO | FUTU_US | [DB CHECKPOINT] FUTU_US @ 45600
2026-07-30 01:09:47.425 | INFO | FUTU_US | [DB CHECKPOINT] FUTU_US @ 45700
2026-07-30 01:09:47.487 | INFO | FUTU_HK | [FUTU_HK] 账户: 总资产=$823,936.69 现金=$635,296.69 证券=$188,640.00 冻结=$0.00 购买力=$635,296.69 (HKD)
2026-07-30 01:09:47.489 | INFO | FUTU_US | [FUTU_US] 账户: 总资产=$9,999,906.91 现金=$9,996,058.01 证券=$3,848.90 冻结=$0.00 购买力=$19,995,964.92 (USD)
2026-07-30 01:09:47.660 | INFO | FUTU_US | [DB CHECKPOINT] FUTU_US @ 45800
2026-07-30 01:09:47.871 | INFO | FUTU_US | [DB CHECKPOINT] FUTU_US @ 45900
2026-07-30 01:09:48.112 | INFO | FUTU_US | [DB CHECKPOINT] FUTU_US @ 46000
2026-07-30 01:09:48.265 | INFO | FUTU_US | [DB CHECKPOINT] FUTU_US @ 46100
2026-07-30 01:09:48.541 | INFO | FUTU_US | [DB CHECKPOINT] FUTU_US @ 46200
2026-07-30 01:09:48.738 | INFO | FUTU_US | [DB CHECKPOINT] FUTU_US @ 46300
2026-07-30 01:09:49.011 | INFO | FUTU_US | [DB CHECKPOINT] FUTU_US @ 46400
2026-07-30 01:09:49.242 | INFO | FUTU_US | [DB CHECKPOINT] FUTU_US @ 46500
2026-07-30 01:09:49.356 | INFO | FUTU_US | [DB CHECKPOINT] FUTU_US @ 46600
2026-07-30 01:09:49.540 | INFO | FUTU_US | [DB CHECKPOINT] FUTU_US @ 46700
2026-07-30 01:09:49.737 | INFO | FUTU_US | [DB CHECKPOINT] FUTU_US @ 46800
2026-07-30 01:09:50.047 | INFO | FUTU_US | [DB CHECKPOINT] FUTU_US @ 46900
2026-07-30 01:09:50.374 | INFO | FUTU_US | [DB CHECKPOINT] FUTU_US @ 47000
2026-07-30 01:09:51.106 | INFO | FUTU_US | [DB CHECKPOINT] FUTU_US @ 47100
2026-07-30 01:09:51.438 | INFO | FUTU_US | [DB CHECKPOINT] FUTU_US @ 47200
2026-07-30 01:09:52.122 | INFO | FUTU_US | [DB CHECKPOINT] FUTU_US @ 47300
2026-07-30 01:09:52.325 | INFO | FUTU_US | [DB CHECKPOINT] FUTU_US @ 47400
2026-07-30 01:09:52.528 | INFO | FUTU_US | [DB CHECKPOINT] FUTU_US @ 47500
2026-07-30 01:09:52.822 | INFO | FUTU_US | [DB CHECKPOINT] FUTU_US @ 47600
2026-07-30 01:09:53.126 | INFO | FUTU_US | [DB CHECKPOINT] FUTU_US @ 47700
2026-07-30 01:09:53.275 | INFO | FUTU_US | [DB CHECKPOINT] FUTU_US @ 47800
2026-07-30 01:09:53.518 | INFO | FUTU_US | [FUTU_US] 账户: 总资产=$9,999,906.91 现金=$9,996,058.01 证券=$3,848.90 冻结=$0.00 购买力=$19,995,964.92 (USD)
2026-07-30 01:09:53.526 | INFO | FUTU_HK | [FUTU_HK] 账户: 总资产=$823,936.69 现金=$635,296.69 证券=$188,640.00 冻结=$0.00 购买力=$635,296.69 (HKD)
2026-07-30 01:09:53.749 | INFO | FUTU_US | [DB CHECKPOINT] FUTU_US @ 47900
2026-07-30 01:09:54.166 | INFO | FUTU_US | [DB CHECKPOINT] FUTU_US @ 48000
2026-07-30 01:09:55.029 | INFO | FUTU_US | [DB CHECKPOINT] FUTU_US @ 48100
2026-07-30 01:09:55.765 | INFO | FUTU_US | [DB CHECKPOINT] FUTU_US @ 48200
2026-07-30 01:09:57.147 | INFO | FUTU_US | [DB CHECKPOINT] FUTU_US @ 48300
2026-07-30 01:09:57.417 | INFO | FUTU_US | [DB CHECKPOINT] FUTU_US @ 48400
2026-07-30 01:09:57.830 | INFO | FUTU_US | [DB CHECKPOINT] FUTU_US @ 48500
2026-07-30 01:09:58.426 | INFO | FUTU_US | [DB CHECKPOINT] FUTU_US @ 48600
2026-07-30 01:09:59.503 | INFO | FUTU_US | [DB CHECKPOINT] FUTU_US @ 48700
2026-07-30 01:09:59.655 | INFO | FUTU_HK | [FUTU_HK] 账户: 总资产=$823,936.69 现金=$635,296.69 证券=$188,640.00 冻结=$0.00 购买力=$635,296.69 (HKD)
2026-07-30 01:09:59.712 | INFO | FUTU_US | [FUTU_US] 账户: 总资产=$9,999,906.91 现金=$9,996,058.01 证券=$3,848.90 冻结=$0.00 购买力=$19,995,964.92 (USD)
2026-07-30 01:10:00.073 | INFO | FUTU_US | [DB CHECKPOINT] FUTU_US @ 48800
2026-07-30 01:10:00.556 | INFO | FUTU_US | [DB CHECKPOINT] FUTU_US @ 48900
2026-07-30 01:10:01.138 | INFO | FUTU_US | [DB CHECKPOINT] FUTU_US @ 49000
2026-07-30 01:10:01.632 | INFO | FUTU_US | [DB CHECKPOINT] FUTU_US @ 49100
2026-07-30 01:10:02.283 | INFO | FUTU_US | [DB CHECKPOINT] FUTU_US @ 49200
2026-07-30 01:10:04.067 | INFO | FUTU_US | [DB CHECKPOINT] FUTU_US @ 49300
2026-07-30 01:10:05.073 | INFO | FUTU_US | [DB CHECKPOINT] FUTU_US @ 49400
2026-07-30 01:10:06.783 | INFO | FUTU_HK | [FUTU_HK] 账户: 总资产=$823,936.69 现金=$635,296.69 证券=$188,640.00 冻结=$0.00 购买力=$635,296.69 (HKD)
2026-07-30 01:10:06.787 | INFO | FUTU_US | [FUTU_US] 账户: 总资产=$9,999,906.91 现金=$9,996,058.01 证券=$3,848.90 冻结=$0.00 购买力=$19,995,964.92 (USD)
2026-07-30 01:10:09.743 | INFO | FUTU_US | [DB CHECKPOINT] FUTU_US @ 49500
2026-07-30 01:10:10.304 | INFO | FUTU_US | [DB CHECKPOINT] FUTU_US @ 49600
2026-07-30 01:10:11.173 | INFO | FUTU_US | [DB CHECKPOINT] FUTU_US @ 49700
2026-07-30 01:10:11.710 | INFO | FUTU_US | [DB CHECKPOINT] FUTU_US @ 49800
2026-07-30 01:10:11.850 | INFO | FUTU_HK | [FUTU_HK] 账户: 总资产=$823,936.69 现金=$635,296.69 证券=$188,640.00 冻结=$0.00 购买力=$635,296.69 (HKD)
2026-07-30 01:10:11.892 | INFO | FUTU_US | [FUTU_US] 账户: 总资产=$9,999,906.91 现金=$9,996,058.01 证券=$3,848.90 冻结=$0.00 购买力=$19,995,964.92 (USD)
2026-07-30 01:10:13.468 | INFO | FUTU_US | [DB CHECKPOINT] FUTU_US @ 49900
2026-07-30 01:10:13.905 | INFO | FUTU_US | [DB CHECKPOINT] FUTU_US @ 50000
2026-07-30 01:10:14.251 | INFO | FUTU_US | [DB CHECKPOINT] FUTU_US @ 50100
2026-07-30 01:10:14.651 | INFO | FUTU_US | [DB CHECKPOINT] FUTU_US @ 50200
2026-07-30 01:10:15.459 | INFO | FUTU_US | [DB CHECKPOINT] FUTU_US @ 50300
2026-07-30 01:10:17.458 | INFO | FUTU_US | [DB CHECKPOINT] FUTU_US @ 50400
2026-07-30 01:10:17.768 | INFO | FUTU_US | [DB CHECKPOINT] FUTU_US @ 50500
2026-07-30 01:10:17.898 | INFO | FUTU_US | [FUTU_US] 账户: 总资产=$9,999,906.91 现金=$9,996,058.01 证券=$3,848.90 冻结=$0.00 购买力=$19,995,964.92 (USD)
2026-07-30 01:10:18.092 | INFO | FUTU_US | [DB CHECKPOINT] FUTU_US @ 50600
2026-07-30 01:10:18.115 | INFO | FUTU_HK | [FUTU_HK] 账户: 总资产=$823,936.69 现金=$635,296.69 证券=$188,640.00 冻结=$0.00 购买力=$635,296.69 (HKD)
2026-07-30 01:10:18.384 | INFO | FUTU_US | [DB CHECKPOINT] FUTU_US @ 50700
2026-07-30 01:10:18.723 | INFO | FUTU_US | [DB CHECKPOINT] FUTU_US @ 50800
2026-07-30 01:10:18.992 | INFO | FUTU_US | [DB CHECKPOINT] FUTU_US @ 50900
2026-07-30 01:10:19.356 | INFO | FUTU_US | [DB CHECKPOINT] FUTU_US @ 51000
2026-07-30 01:10:19.601 | INFO | FUTU_US | [DB CHECKPOINT] FUTU_US @ 51100
2026-07-30 01:10:19.897 | INFO | FUTU_US | [DB CHECKPOINT] FUTU_US @ 51200
2026-07-30 01:10:20.262 | INFO | FUTU_US | [DB CHECKPOINT] FUTU_US @ 51300
2026-07-30 01:10:20.439 | INFO | FUTU_US | [DB CHECKPOINT] FUTU_US @ 51400
2026-07-30 01:10:20.737 | INFO | FUTU_US | [DB CHECKPOINT] FUTU_US @ 51500
2026-07-30 01:10:21.753 | INFO | FUTU_US | [DB CHECKPOINT] FUTU_US @ 51600
2026-07-30 01:10:22.154 | INFO | FUTU_US | [DB CHECKPOINT] FUTU_US @ 51700
2026-07-30 01:10:22.605 | INFO | FUTU_US | [DB CHECKPOINT] FUTU_US @ 51800
2026-07-30 01:10:22.796 | INFO | FUTU_US | [DB CHECKPOINT] FUTU_US @ 51900
2026-07-30 01:10:22.906 | INFO | FUTU_US | [DB CHECKPOINT] FUTU_US @ 52000
2026-07-30 01:10:23.167 | INFO | FUTU_US | [DB CHECKPOINT] FUTU_US @ 52100
2026-07-30 01:10:23.306 | INFO | FUTU_US | [DB CHECKPOINT] FUTU_US @ 52200
2026-07-30 01:10:23.595 | INFO | FUTU_US | [DB CHECKPOINT] FUTU_US @ 52300
2026-07-30 01:10:23.868 | INFO | FUTU_US | [DB CHECKPOINT] FUTU_US @ 52400
2026-07-30 01:10:23.912 | INFO | FUTU_US | [FUTU_US] 账户: 总资产=$9,999,906.91 现金=$9,996,058.01 证券=$3,848.90 冻结=$0.00 购买力=$19,995,964.92 (USD)
2026-07-30 01:10:24.001 | INFO | FUTU_US | [DB CHECKPOINT] FUTU_US @ 52500
2026-07-30 01:10:24.185 | INFO | FUTU_US | [DB CHECKPOINT] FUTU_US @ 52600
2026-07-30 01:10:24.436 | INFO | FUTU_US | [DB CHECKPOINT] FUTU_US @ 52700
2026-07-30 01:10:24.649 | INFO | FUTU_HK | [FUTU_HK] 账户: 总资产=$823,936.69 现金=$635,296.69 证券=$188,640.00 冻结=$0.00 购买力=$635,296.69 (HKD)
2026-07-30 01:10:24.687 | INFO | FUTU_US | [DB CHECKPOINT] FUTU_US @ 52800
2026-07-30 01:10:25.171 | INFO | FUTU_US | [DB CHECKPOINT] FUTU_US @ 52900
2026-07-30 01:10:25.312 | INFO | FUTU_US | [DB CHECKPOINT] FUTU_US @ 53000
2026-07-30 01:10:25.613 | INFO | FUTU_US | [DB CHECKPOINT] FUTU_US @ 53100
2026-07-30 01:10:25.759 | INFO | FUTU_US | [DB CHECKPOINT] FUTU_US @ 53200
2026-07-30 01:10:26.012 | INFO | FUTU_US | [DB CHECKPOINT] FUTU_US @ 53300
2026-07-30 01:10:26.237 | INFO | FUTU_US | [DB CHECKPOINT] FUTU_US @ 53400
2026-07-30 01:10:26.531 | INFO | FUTU_US | [DB CHECKPOINT] FUTU_US @ 53500
2026-07-30 01:10:26.797 | INFO | FUTU_US | [DB CHECKPOINT] FUTU_US @ 53600
2026-07-30 01:10:27.130 | INFO | FUTU_US | [DB CHECKPOINT] FUTU_US @ 53700
2026-07-30 01:10:27.460 | INFO | FUTU_US | [DB CHECKPOINT] FUTU_US @ 53800
2026-07-30 01:10:28.669 | INFO | FUTU_US | [DB CHECKPOINT] FUTU_US @ 53900
2026-07-30 01:10:28.975 | INFO | FUTU_US | [DB CHECKPOINT] FUTU_US @ 54000
2026-07-30 01:10:29.109 | INFO | FUTU_US | [DB CHECKPOINT] FUTU_US @ 54100
2026-07-30 01:10:29.229 | INFO | FUTU_US | [DB CHECKPOINT] FUTU_US @ 54200
2026-07-30 01:10:29.534 | INFO | FUTU_US | [DB CHECKPOINT] FUTU_US @ 54300
2026-07-30 01:10:29.726 | INFO | FUTU_US | [DB CHECKPOINT] FUTU_US @ 54400
2026-07-30 01:10:29.990 | INFO | FUTU_US | [DB CHECKPOINT] FUTU_US @ 54500
2026-07-30 01:10:30.386 | INFO | FUTU_US | [FUTU_US] 账户: 总资产=$9,999,906.91 现金=$9,996,058.01 证券=$3,848.90 冻结=$0.00 购买力=$19,995,964.92 (USD)
2026-07-30 01:10:30.395 | INFO | FUTU_US | [DB CHECKPOINT] FUTU_US @ 54600
2026-07-30 01:10:30.565 | INFO | FUTU_US | [DB CHECKPOINT] FUTU_US @ 54700
2026-07-30 01:10:30.687 | INFO | FUTU_US | [DB CHECKPOINT] FUTU_US @ 54800
2026-07-30 01:10:30.954 | INFO | FUTU_US | [DB CHECKPOINT] FUTU_US @ 54900
2026-07-30 01:10:31.122 | INFO | FUTU_US | [DB CHECKPOINT] FUTU_US @ 55000
2026-07-30 01:10:31.258 | INFO | FUTU_US | [DB CHECKPOINT] FUTU_US @ 55100
2026-07-30 01:10:31.273 | INFO | FUTU_HK | [FUTU_HK] 账户: 总资产=$823,936.69 现金=$635,296.69 证券=$188,640.00 冻结=$0.00 购买力=$635,296.69 (HKD)
2026-07-30 01:10:31.428 | INFO | FUTU_US | [DB CHECKPOINT] FUTU_US @ 55200
2026-07-30 01:10:31.641 | INFO | FUTU_US | [DB CHECKPOINT] FUTU_US @ 55300
2026-07-30 01:10:31.931 | INFO | FUTU_US | [DB CHECKPOINT] FUTU_US @ 55400
2026-07-30 01:10:32.181 | INFO | FUTU_US | [DB CHECKPOINT] FUTU_US @ 55500
2026-07-30 01:10:32.356 | INFO | FUTU_US | [DB CHECKPOINT] FUTU_US @ 55600
2026-07-30 01:10:32.538 | INFO | FUTU_US | [DB CHECKPOINT] FUTU_US @ 55700
2026-07-30 01:10:32.813 | INFO | FUTU_US | [DB CHECKPOINT] FUTU_US @ 55800
2026-07-30 01:10:33.103 | INFO | FUTU_US | [DB CHECKPOINT] FUTU_US @ 55900
2026-07-30 01:10:33.356 | INFO | FUTU_US | [DB CHECKPOINT] FUTU_US @ 56000
2026-07-30 01:10:33.531 | INFO | FUTU_US | [DB CHECKPOINT] FUTU_US @ 56100
2026-07-30 01:10:36.850 | INFO | FUTU_US | [DB CHECKPOINT] FUTU_US @ 56200
2026-07-30 01:10:37.036 | INFO | FUTU_US | [FUTU_US] 账户: 总资产=$9,999,906.91 现金=$9,996,058.01 证券=$3,848.90 冻结=$0.00 购买力=$19,995,964.92 (USD)
2026-07-30 01:10:37.684 | INFO | FUTU_US | [DB CHECKPOINT] FUTU_US @ 56300
2026-07-30 01:10:38.068 | INFO | FUTU_HK | [FUTU_HK] 账户: 总资产=$823,936.69 现金=$635,296.69 证券=$188,640.00 冻结=$0.00 购买力=$635,296.69 (HKD)
2026-07-30 01:10:38.557 | INFO | FUTU_US | [DB CHECKPOINT] FUTU_US @ 56400
2026-07-30 01:10:39.850 | INFO | FUTU_US | [DB CHECKPOINT] FUTU_US @ 56500
2026-07-30 01:10:40.493 | INFO | FUTU_US | [DB CHECKPOINT] FUTU_US @ 56600
2026-07-30 01:10:42.413 | INFO | FUTU_US | [DB CHECKPOINT] FUTU_US @ 56700
2026-07-30 01:10:42.687 | INFO | FUTU_US | [DB CHECKPOINT] FUTU_US @ 56800
2026-07-30 01:10:42.859 | INFO | FUTU_US | [DB CHECKPOINT] FUTU_US @ 56900
2026-07-30 01:10:43.126 | INFO | FUTU_US | [DB CHECKPOINT] FUTU_US @ 57000
2026-07-30 01:10:43.402 | INFO | FUTU_US | [DB CHECKPOINT] FUTU_US @ 57100
2026-07-30 01:10:43.746 | INFO | FUTU_US | [FUTU_US] 账户: 总资产=$9,999,906.91 现金=$9,996,058.01 证券=$3,848.90 冻结=$0.00 购买力=$19,995,964.92 (USD)
2026-07-30 01:10:43.783 | INFO | FUTU_US | [DB CHECKPOINT] FUTU_US @ 57200
2026-07-30 01:10:44.077 | INFO | FUTU_US | [DB CHECKPOINT] FUTU_US @ 57300
2026-07-30 01:10:44.421 | INFO | FUTU_US | [DB CHECKPOINT] FUTU_US @ 57400
2026-07-30 01:10:44.544 | INFO | FUTU_US | [DB CHECKPOINT] FUTU_US @ 57500
2026-07-30 01:10:44.742 | INFO | FUTU_HK | [FUTU_HK] 账户: 总资产=$823,936.69 现金=$635,296.69 证券=$188,640.00 冻结=$0.00 购买力=$635,296.69 (HKD)
2026-07-30 01:10:44.800 | INFO | FUTU_US | [DB CHECKPOINT] FUTU_US @ 57600
2026-07-30 01:10:45.061 | INFO | FUTU_US | [DB CHECKPOINT] FUTU_US @ 57700
2026-07-30 01:10:45.350 | INFO | FUTU_US | [DB CHECKPOINT] FUTU_US @ 57800
2026-07-30 01:10:45.549 | INFO | FUTU_US | [DB CHECKPOINT] FUTU_US @ 57900
2026-07-30 01:10:45.824 | INFO | FUTU_US | [DB CHECKPOINT] FUTU_US @ 58000
2026-07-30 01:10:46.094 | INFO | FUTU_US | [DB CHECKPOINT] FUTU_US @ 58100
2026-07-30 01:10:46.248 | INFO | FUTU_US | [DB CHECKPOINT] FUTU_US @ 58200
2026-07-30 01:10:46.859 | INFO | FUTU_US | [DB CHECKPOINT] FUTU_US @ 58300
2026-07-30 01:10:47.060 | INFO | FUTU_US | [DB CHECKPOINT] FUTU_US @ 58400
2026-07-30 01:10:47.243 | INFO | FUTU_US | [DB CHECKPOINT] FUTU_US @ 58500
2026-07-30 01:10:47.335 | INFO | FUTU_US | [DB CHECKPOINT] FUTU_US @ 58600
2026-07-30 01:10:47.448 | INFO | FUTU_US | [DB CHECKPOINT] FUTU_US @ 58700
2026-07-30 01:10:47.645 | INFO | FUTU_US | [DB CHECKPOINT] FUTU_US @ 58800
2026-07-30 01:10:47.986 | INFO | FUTU_US | [DB CHECKPOINT] FUTU_US @ 58900
2026-07-30 01:10:48.235 | INFO | FUTU_US | [DB CHECKPOINT] FUTU_US @ 59000
2026-07-30 01:10:48.509 | INFO | FUTU_US | [DB CHECKPOINT] FUTU_US @ 59100
2026-07-30 01:10:48.733 | INFO | FUTU_US | [DB CHECKPOINT] FUTU_US @ 59200
2026-07-30 01:10:49.997 | INFO | FUTU_US | [DB CHECKPOINT] FUTU_US @ 59300
2026-07-30 01:10:50.003 | INFO | FUTU_US | [FUTU_US] 账户: 总资产=$9,999,906.91 现金=$9,996,058.01 证券=$3,848.90 冻结=$0.00 购买力=$19,995,964.92 (USD)
2026-07-30 01:10:50.220 | INFO | FUTU_US | [DB CHECKPOINT] FUTU_US @ 59400
2026-07-30 01:10:50.476 | INFO | FUTU_US | [DB CHECKPOINT] FUTU_US @ 59500
2026-07-30 01:10:50.724 | INFO | FUTU_US | [DB CHECKPOINT] FUTU_US @ 59600
2026-07-30 01:10:50.748 | INFO | FUTU_HK | [FUTU_HK] 账户: 总资产=$823,936.69 现金=$635,296.69 证券=$188,640.00 冻结=$0.00 购买力=$635,296.69 (HKD)
2026-07-30 01:10:50.937 | INFO | FUTU_US | [DB CHECKPOINT] FUTU_US @ 59700
2026-07-30 01:10:51.051 | INFO | FUTU_US | [DB CHECKPOINT] FUTU_US @ 59800
2026-07-30 01:10:51.140 | INFO | FUTU_US | [DB CHECKPOINT] FUTU_US @ 59900
2026-07-30 01:10:51.227 | INFO | FUTU_US | [DB CHECKPOINT] FUTU_US @ 60000
2026-07-30 01:10:51.354 | INFO | FUTU_US | [DB CHECKPOINT] FUTU_US @ 60100
2026-07-30 01:10:51.447 | INFO | FUTU_US | [DB CHECKPOINT] FUTU_US @ 60200
2026-07-30 01:10:51.632 | INFO | FUTU_US | [DB CHECKPOINT] FUTU_US @ 60300
2026-07-30 01:10:51.860 | INFO | FUTU_US | [DB CHECKPOINT] FUTU_US @ 60400
2026-07-30 01:10:52.192 | INFO | FUTU_US | [DB CHECKPOINT] FUTU_US @ 60500
2026-07-30 01:10:52.380 | INFO | FUTU_US | [DB CHECKPOINT] FUTU_US @ 60600
2026-07-30 01:10:52.608 | INFO | FUTU_US | [DB CHECKPOINT] FUTU_US @ 60700
2026-07-30 01:10:52.826 | INFO | FUTU_US | [DB CHECKPOINT] FUTU_US @ 60800
2026-07-30 01:10:53.133 | INFO | FUTU_US | [DB CHECKPOINT] FUTU_US @ 60900
2026-07-30 01:10:53.322 | INFO | FUTU_US | [DB CHECKPOINT] FUTU_US @ 61000
2026-07-30 01:10:53.432 | INFO | FUTU_US | [DB CHECKPOINT] FUTU_US @ 61100
2026-07-30 01:10:53.619 | INFO | FUTU_US | [DB CHECKPOINT] FUTU_US @ 61200
2026-07-30 01:10:53.800 | INFO | FUTU_US | [DB CHECKPOINT] FUTU_US @ 61300
2026-07-30 01:10:53.928 | INFO | FUTU_US | [DB CHECKPOINT] FUTU_US @ 61400
2026-07-30 01:10:54.130 | INFO | FUTU_US | [DB CHECKPOINT] FUTU_US @ 61500
2026-07-30 01:10:54.341 | INFO | FUTU_US | [DB CHECKPOINT] FUTU_US @ 61600
2026-07-30 01:10:54.538 | INFO | FUTU_US | [DB CHECKPOINT] FUTU_US @ 61700
2026-07-30 01:10:54.798 | INFO | FUTU_US | [DB CHECKPOINT] FUTU_US @ 61800
2026-07-30 01:10:54.899 | INFO | FUTU_US | [DB CHECKPOINT] FUTU_US @ 61900
2026-07-30 01:10:55.279 | INFO | FUTU_US | [DB CHECKPOINT] FUTU_US @ 62000
2026-07-30 01:10:55.598 | INFO | FUTU_US | [DB CHECKPOINT] FUTU_US @ 62100
2026-07-30 01:10:55.906 | INFO | FUTU_US | [FUTU_US] 账户: 总资产=$9,999,906.91 现金=$9,996,058.01 证券=$3,848.90 冻结=$0.00 购买力=$19,995,964.92 (USD)
2026-07-30 01:10:56.248 | INFO | FUTU_US | [DB CHECKPOINT] FUTU_US @ 62200
2026-07-30 01:10:56.650 | INFO | FUTU_US | [DB CHECKPOINT] FUTU_US @ 62300
2026-07-30 01:10:56.787 | INFO | FUTU_HK | [FUTU_HK] 账户: 总资产=$823,936.69 现金=$635,296.69 证券=$188,640.00 冻结=$0.00 购买力=$635,296.69 (HKD)
2026-07-30 01:10:56.894 | INFO | FUTU_US | [DB CHECKPOINT] FUTU_US @ 62400
2026-07-30 01:10:57.368 | INFO | FUTU_US | [DB CHECKPOINT] FUTU_US @ 62500
2026-07-30 01:10:57.787 | INFO | FUTU_US | [DB CHECKPOINT] FUTU_US @ 62600
2026-07-30 01:10:57.972 | INFO | FUTU_US | [DB CHECKPOINT] FUTU_US @ 62700
2026-07-30 01:11:01.074 | INFO | FUTU_US | [DB CHECKPOINT] FUTU_US @ 62800
2026-07-30 01:11:01.335 | INFO | FUTU_US | [DB CHECKPOINT] FUTU_US @ 62900
2026-07-30 01:11:01.674 | INFO | FUTU_US | [DB CHECKPOINT] FUTU_US @ 63000
2026-07-30 01:11:01.948 | INFO | FUTU_US | [DB CHECKPOINT] FUTU_US @ 63100
2026-07-30 01:11:02.226 | INFO | FUTU_US | [DB CHECKPOINT] FUTU_US @ 63200
2026-07-30 01:11:02.430 | INFO | FUTU_US | [FUTU_US] 账户: 总资产=$9,999,906.91 现金=$9,996,058.01 证券=$3,848.90 冻结=$0.00 购买力=$19,995,964.92 (USD)
2026-07-30 01:11:02.484 | INFO | FUTU_US | [DB CHECKPOINT] FUTU_US @ 63300
2026-07-30 01:11:02.642 | INFO | FUTU_US | [DB CHECKPOINT] FUTU_US @ 63400
2026-07-30 01:11:02.840 | INFO | FUTU_US | [DB CHECKPOINT] FUTU_US @ 63500
2026-07-30 01:11:03.087 | INFO | FUTU_US | [DB CHECKPOINT] FUTU_US @ 63600
2026-07-30 01:11:03.257 | INFO | FUTU_US | [DB CHECKPOINT] FUTU_US @ 63700
2026-07-30 01:11:03.398 | INFO | FUTU_HK | [FUTU_HK] 账户: 总资产=$823,936.69 现金=$635,296.69 证券=$188,640.00 冻结=$0.00 购买力=$635,296.69 (HKD)
2026-07-30 01:11:03.509 | INFO | FUTU_US | [DB CHECKPOINT] FUTU_US @ 63800
2026-07-30 01:11:03.821 | INFO | FUTU_US | [DB CHECKPOINT] FUTU_US @ 63900
2026-07-30 01:11:04.110 | INFO | FUTU_US | [DB CHECKPOINT] FUTU_US @ 64000
2026-07-30 01:11:04.386 | INFO | FUTU_US | [DB CHECKPOINT] FUTU_US @ 64100
2026-07-30 01:11:04.843 | INFO | FUTU_US | [DB CHECKPOINT] FUTU_US @ 64200
2026-07-30 01:11:05.059 | INFO | FUTU_US | [DB CHECKPOINT] FUTU_US @ 64300
2026-07-30 01:11:05.455 | INFO | FUTU_US | [DB CHECKPOINT] FUTU_US @ 64400
2026-07-30 01:11:05.606 | INFO | FUTU_US | [DB CHECKPOINT] FUTU_US @ 64500
2026-07-30 01:11:05.712 | INFO | FUTU_US | [DB CHECKPOINT] FUTU_US @ 64600
2026-07-30 01:11:06.093 | INFO | FUTU_US | [DB CHECKPOINT] FUTU_US @ 64700
2026-07-30 01:11:06.481 | INFO | FUTU_US | [DB CHECKPOINT] FUTU_US @ 64800
2026-07-30 01:11:06.911 | INFO | FUTU_US | [DB CHECKPOINT] FUTU_US @ 64900
2026-07-30 01:11:07.298 | INFO | FUTU_US | [DB CHECKPOINT] FUTU_US @ 65000
2026-07-30 01:11:07.462 | INFO | FUTU_US | [DB CHECKPOINT] FUTU_US @ 65100
2026-07-30 01:11:07.687 | INFO | FUTU_US | [DB CHECKPOINT] FUTU_US @ 65200
2026-07-30 01:11:08.145 | INFO | FUTU_US | [DB CHECKPOINT] FUTU_US @ 65300
2026-07-30 01:11:08.391 | INFO | FUTU_US | [FUTU_US] 账户: 总资产=$9,999,906.91 现金=$9,996,058.01 证券=$3,848.90 冻结=$0.00 购买力=$19,995,964.92 (USD)
2026-07-30 01:11:08.405 | INFO | FUTU_US | [DB CHECKPOINT] FUTU_US @ 65400
2026-07-30 01:11:10.258 | INFO | FUTU_HK | [FUTU_HK] 账户: 总资产=$823,936.69 现金=$635,296.69 证券=$188,640.00 冻结=$0.00 购买力=$635,296.69 (HKD)
2026-07-30 01:11:10.382 | INFO | FUTU_US | [DB CHECKPOINT] FUTU_US @ 65500
2026-07-30 01:11:10.856 | INFO | FUTU_US | [DB CHECKPOINT] FUTU_US @ 65600
2026-07-30 01:11:11.151 | INFO | FUTU_US | [DB CHECKPOINT] FUTU_US @ 65700
2026-07-30 01:11:11.435 | INFO | FUTU_US | [DB CHECKPOINT] FUTU_US @ 65800
2026-07-30 01:11:11.775 | INFO | FUTU_US | [DB CHECKPOINT] FUTU_US @ 65900
2026-07-30 01:11:12.066 | INFO | FUTU_US | [DB CHECKPOINT] FUTU_US @ 66000
2026-07-30 01:11:12.434 | INFO | FUTU_US | [DB CHECKPOINT] FUTU_US @ 66100
2026-07-30 01:11:12.620 | INFO | FUTU_US | [DB CHECKPOINT] FUTU_US @ 66200
2026-07-30 01:11:13.151 | INFO | FUTU_US | [DB CHECKPOINT] FUTU_US @ 66300
2026-07-30 01:11:13.583 | INFO | FUTU_US | [DB CHECKPOINT] FUTU_US @ 66400
2026-07-30 01:11:13.977 | INFO | FUTU_US | [DB CHECKPOINT] FUTU_US @ 66500
2026-07-30 01:11:14.251 | INFO | FUTU_US | [DB CHECKPOINT] FUTU_US @ 66600
2026-07-30 01:11:14.814 | INFO | FUTU_US | [FUTU_US] 账户: 总资产=$9,999,906.91 现金=$9,996,058.01 证券=$3,848.90 冻结=$0.00 购买力=$19,995,964.92 (USD)
2026-07-30 01:11:14.833 | INFO | FUTU_US | [DB CHECKPOINT] FUTU_US @ 66700
2026-07-30 01:11:15.295 | INFO | FUTU_US | [DB CHECKPOINT] FUTU_US @ 66800
2026-07-30 01:11:15.650 | INFO | FUTU_US | [DB CHECKPOINT] FUTU_US @ 66900
2026-07-30 01:11:15.734 | INFO | FUTU_HK | [FUTU_HK] 账户: 总资产=$823,936.69 现金=$635,296.69 证券=$188,640.00 冻结=$0.00 购买力=$635,296.69 (HKD)
2026-07-30 01:11:16.015 | INFO | FUTU_US | [DB CHECKPOINT] FUTU_US @ 67000
2026-07-30 01:11:16.499 | INFO | FUTU_US | [DB CHECKPOINT] FUTU_US @ 67100
2026-07-30 01:11:17.654 | INFO | FUTU_US | [DB CHECKPOINT] FUTU_US @ 67200
2026-07-30 01:11:18.136 | INFO | FUTU_US | [DB CHECKPOINT] FUTU_US @ 67300
2026-07-30 01:11:18.474 | INFO | FUTU_US | [DB CHECKPOINT] FUTU_US @ 67400
2026-07-30 01:11:18.748 | INFO | FUTU_US | [DB CHECKPOINT] FUTU_US @ 67500
2026-07-30 01:11:20.192 | INFO | FUTU_US | [DB CHECKPOINT] FUTU_US @ 67600
2026-07-30 01:11:20.624 | INFO | FUTU_US | [DB CHECKPOINT] FUTU_US @ 67700
2026-07-30 01:11:20.854 | INFO | FUTU_US | [DB CHECKPOINT] FUTU_US @ 67800
2026-07-30 01:11:20.942 | INFO | FUTU_US | [FUTU_US] 账户: 总资产=$9,999,906.91 现金=$9,996,058.01 证券=$3,848.90 冻结=$0.00 购买力=$19,995,964.92 (USD)
2026-07-30 01:11:21.064 | INFO | FUTU_US | [DB CHECKPOINT] FUTU_US @ 67900
2026-07-30 01:11:21.389 | INFO | FUTU_US | [DB CHECKPOINT] FUTU_US @ 68000
2026-07-30 01:11:21.559 | INFO | FUTU_US | [DB CHECKPOINT] FUTU_US @ 68100
2026-07-30 01:11:21.846 | INFO | FUTU_US | [DB CHECKPOINT] FUTU_US @ 68200
2026-07-30 01:11:21.934 | INFO | FUTU_HK | [FUTU_HK] 账户: 总资产=$823,936.69 现金=$635,296.69 证券=$188,640.00 冻结=$0.00 购买力=$635,296.69 (HKD)
2026-07-30 01:11:22.088 | INFO | FUTU_US | [DB CHECKPOINT] FUTU_US @ 68300
2026-07-30 01:11:22.159 | INFO | FUTU_US | [DB CHECKPOINT] FUTU_US @ 68400
2026-07-30 01:11:22.415 | INFO | FUTU_US | [DB CHECKPOINT] FUTU_US @ 68500
2026-07-30 01:11:22.705 | INFO | FUTU_US | [DB CHECKPOINT] FUTU_US @ 68600
2026-07-30 01:11:22.989 | INFO | FUTU_US | [DB CHECKPOINT] FUTU_US @ 68700
2026-07-30 01:11:23.332 | INFO | FUTU_US | [DB CHECKPOINT] FUTU_US @ 68800
2026-07-30 01:11:23.575 | INFO | FUTU_US | [DB CHECKPOINT] FUTU_US @ 68900
2026-07-30 01:11:23.799 | INFO | FUTU_US | [DB CHECKPOINT] FUTU_US @ 69000
2026-07-30 01:11:23.925 | INFO | FUTU_US | [DB CHECKPOINT] FUTU_US @ 69100
2026-07-30 01:11:24.151 | INFO | FUTU_US | [DB CHECKPOINT] FUTU_US @ 69200
2026-07-30 01:11:24.423 | INFO | FUTU_US | [DB CHECKPOINT] FUTU_US @ 69300
2026-07-30 01:11:24.666 | INFO | FUTU_US | [DB CHECKPOINT] FUTU_US @ 69400
2026-07-30 01:11:25.042 | INFO | FUTU_US | [DB CHECKPOINT] FUTU_US @ 69500
2026-07-30 01:11:25.460 | INFO | FUTU_US | [DB CHECKPOINT] FUTU_US @ 69600
2026-07-30 01:11:25.768 | INFO | FUTU_US | [DB CHECKPOINT] FUTU_US @ 69700
2026-07-30 01:11:26.040 | INFO | FUTU_US | [DB CHECKPOINT] FUTU_US @ 69800
2026-07-30 01:11:26.345 | INFO | FUTU_US | [DB CHECKPOINT] FUTU_US @ 69900
2026-07-30 01:11:26.554 | INFO | FUTU_US | [DB CHECKPOINT] FUTU_US @ 70000
2026-07-30 01:11:26.935 | INFO | FUTU_US | [DB CHECKPOINT] FUTU_US @ 70100
2026-07-30 01:11:26.949 | INFO | FUTU_US | [FUTU_US] 账户: 总资产=$9,999,906.91 现金=$9,996,058.01 证券=$3,848.90 冻结=$0.00 购买力=$19,995,964.92 (USD)
2026-07-30 01:11:27.243 | INFO | FUTU_US | [DB CHECKPOINT] FUTU_US @ 70200
2026-07-30 01:11:27.714 | INFO | FUTU_US | [DB CHECKPOINT] FUTU_US @ 70300
2026-07-30 01:11:27.957 | INFO | FUTU_HK | [FUTU_HK] 账户: 总资产=$823,936.69 现金=$635,296.69 证券=$188,640.00 冻结=$0.00 购买力=$635,296.69 (HKD)
2026-07-30 01:11:28.092 | INFO | FUTU_US | [DB CHECKPOINT] FUTU_US @ 70400
2026-07-30 01:11:28.803 | INFO | FUTU_US | [DB CHECKPOINT] FUTU_US @ 70500
2026-07-30 01:11:29.034 | INFO | FUTU_US | [DB CHECKPOINT] FUTU_US @ 70600
2026-07-30 01:11:29.550 | INFO | FUTU_US | [DB CHECKPOINT] FUTU_US @ 70700
2026-07-30 01:11:29.938 | INFO | FUTU_US | [DB CHECKPOINT] FUTU_US @ 70800
2026-07-30 01:11:30.367 | INFO | FUTU_US | [DB CHECKPOINT] FUTU_US @ 70900
2026-07-30 01:11:30.583 | INFO | FUTU_US | [DB CHECKPOINT] FUTU_US @ 71000
2026-07-30 01:11:30.945 | INFO | FUTU_US | [DB CHECKPOINT] FUTU_US @ 71100
2026-07-30 01:11:32.488 | INFO | FUTU_US | [DB CHECKPOINT] FUTU_US @ 71200
2026-07-30 01:11:33.125 | INFO | FUTU_US | [DB CHECKPOINT] FUTU_US @ 71300
2026-07-30 01:11:33.290 | INFO | FUTU_US | [DB CHECKPOINT] FUTU_US @ 71400
2026-07-30 01:11:33.377 | INFO | FUTU_US | [DB CHECKPOINT] FUTU_US @ 71500
2026-07-30 01:11:33.534 | INFO | FUTU_US | [FUTU_US] 账户: 总资产=$9,999,906.91 现金=$9,996,058.01 证券=$3,848.90 冻结=$0.00 购买力=$19,995,964.92 (USD)
2026-07-30 01:11:33.686 | INFO | FUTU_US | [DB CHECKPOINT] FUTU_US @ 71600
2026-07-30 01:11:33.932 | INFO | FUTU_US | [DB CHECKPOINT] FUTU_US @ 71700
2026-07-30 01:11:34.073 | INFO | FUTU_US | [DB CHECKPOINT] FUTU_US @ 71800
2026-07-30 01:11:34.170 | INFO | FUTU_US | [DB CHECKPOINT] FUTU_US @ 71900
2026-07-30 01:11:34.275 | INFO | FUTU_US | [DB CHECKPOINT] FUTU_US @ 72000
2026-07-30 01:11:34.508 | INFO | FUTU_US | [DB CHECKPOINT] FUTU_US @ 72100
2026-07-30 01:11:34.517 | INFO | FUTU_HK | [FUTU_HK] 账户: 总资产=$823,936.69 现金=$635,296.69 证券=$188,640.00 冻结=$0.00 购买力=$635,296.69 (HKD)
2026-07-30 01:11:34.704 | INFO | FUTU_US | [DB CHECKPOINT] FUTU_US @ 72200
2026-07-30 01:11:34.880 | INFO | FUTU_US | [DB CHECKPOINT] FUTU_US @ 72300
2026-07-30 01:11:34.978 | INFO | FUTU_US | [DB CHECKPOINT] FUTU_US @ 72400
2026-07-30 01:11:36.087 | INFO | FUTU_US | [DB CHECKPOINT] FUTU_US @ 72500
2026-07-30 01:11:36.366 | INFO | FUTU_US | [DB CHECKPOINT] FUTU_US @ 72600
2026-07-30 01:11:37.001 | INFO | FUTU_US | [DB CHECKPOINT] FUTU_US @ 72700
2026-07-30 01:11:37.338 | INFO | FUTU_US | [DB CHECKPOINT] FUTU_US @ 72800
2026-07-30 01:11:37.667 | INFO | FUTU_US | [DB CHECKPOINT] FUTU_US @ 72900
2026-07-30 01:11:37.758 | INFO | FUTU_US | [DB CHECKPOINT] FUTU_US @ 73000
2026-07-30 01:11:38.143 | INFO | FUTU_US | [DB CHECKPOINT] FUTU_US @ 73100
2026-07-30 01:11:38.466 | INFO | FUTU_US | [DB CHECKPOINT] FUTU_US @ 73200
2026-07-30 01:11:38.661 | INFO | FUTU_US | [DB CHECKPOINT] FUTU_US @ 73300
2026-07-30 01:11:39.005 | INFO | FUTU_US | [DB CHECKPOINT] FUTU_US @ 73400
2026-07-30 01:11:39.384 | INFO | FUTU_US | [DB CHECKPOINT] FUTU_US @ 73500
2026-07-30 01:11:39.624 | INFO | FUTU_US | [FUTU_US] 账户: 总资产=$9,999,906.91 现金=$9,996,058.01 证券=$3,848.90 冻结=$0.00 购买力=$19,995,964.92 (USD)
2026-07-30 01:11:39.816 | INFO | FUTU_US | [DB CHECKPOINT] FUTU_US @ 73600
2026-07-30 01:11:40.190 | INFO | FUTU_US | [DB CHECKPOINT] FUTU_US @ 73700
2026-07-30 01:11:40.606 | INFO | FUTU_HK | [FUTU_HK] 账户: 总资产=$823,936.69 现金=$635,296.69 证券=$188,640.00 冻结=$0.00 购买力=$635,296.69 (HKD)
2026-07-30 01:11:40.642 | INFO | FUTU_US | [DB CHECKPOINT] FUTU_US @ 73800
2026-07-30 01:11:41.093 | INFO | FUTU_US | [DB CHECKPOINT] FUTU_US @ 73900
2026-07-30 01:11:41.709 | INFO | FUTU_US | [DB CHECKPOINT] FUTU_US @ 74000
2026-07-30 01:11:42.058 | INFO | FUTU_US | [DB CHECKPOINT] FUTU_US @ 74100
2026-07-30 01:11:42.197 | INFO | FUTU_US | [DB CHECKPOINT] FUTU_US @ 74200
2026-07-30 01:11:42.711 | INFO | FUTU_US | [DB CHECKPOINT] FUTU_US @ 74300
2026-07-30 01:11:43.393 | INFO | FUTU_US | [DB CHECKPOINT] FUTU_US @ 74400
2026-07-30 01:11:43.836 | INFO | FUTU_US | [DB CHECKPOINT] FUTU_US @ 74500
2026-07-30 01:11:44.334 | INFO | FUTU_US | [DB CHECKPOINT] FUTU_US @ 74600
2026-07-30 01:11:44.774 | INFO | FUTU_US | [DB CHECKPOINT] FUTU_US @ 74700
2026-07-30 01:11:45.041 | INFO | FUTU_US | [DB CHECKPOINT] FUTU_US @ 74800
2026-07-30 01:11:47.008 | INFO | FUTU_US | [FUTU_US] 账户: 总资产=$9,999,906.91 现金=$9,996,058.01 证券=$3,848.90 冻结=$0.00 购买力=$19,995,964.92 (USD)
2026-07-30 01:11:47.133 | INFO | FUTU_US | [DB CHECKPOINT] FUTU_US @ 74900
2026-07-30 01:11:47.299 | INFO | FUTU_US | [DB CHECKPOINT] FUTU_US @ 75000
2026-07-30 01:11:47.526 | INFO | FUTU_US | [DB CHECKPOINT] FUTU_US @ 75100
2026-07-30 01:11:47.684 | INFO | FUTU_HK | [FUTU_HK] 账户: 总资产=$823,936.69 现金=$635,296.69 证券=$188,640.00 冻结=$0.00 购买力=$635,296.69 (HKD)
2026-07-30 01:11:47.752 | INFO | FUTU_US | [DB CHECKPOINT] FUTU_US @ 75200
2026-07-30 01:11:47.962 | INFO | FUTU_US | [DB CHECKPOINT] FUTU_US @ 75300
2026-07-30 01:11:48.187 | INFO | FUTU_US | [DB CHECKPOINT] FUTU_US @ 75400
2026-07-30 01:11:48.342 | INFO | FUTU_US | [DB CHECKPOINT] FUTU_US @ 75500
2026-07-30 01:11:48.519 | INFO | FUTU_US | [DB CHECKPOINT] FUTU_US @ 75600
2026-07-30 01:11:48.739 | INFO | FUTU_US | [DB CHECKPOINT] FUTU_US @ 75700
2026-07-30 01:11:49.024 | INFO | FUTU_US | [DB CHECKPOINT] FUTU_US @ 75800
2026-07-30 01:11:49.252 | INFO | FUTU_US | [DB CHECKPOINT] FUTU_US @ 75900
2026-07-30 01:11:49.470 | INFO | FUTU_US | [DB CHECKPOINT] FUTU_US @ 76000
2026-07-30 01:11:49.843 | INFO | FUTU_US | [DB CHECKPOINT] FUTU_US @ 76100
2026-07-30 01:11:50.021 | INFO | FUTU_US | [DB CHECKPOINT] FUTU_US @ 76200
2026-07-30 01:11:50.236 | INFO | FUTU_US | [DB CHECKPOINT] FUTU_US @ 76300
2026-07-30 01:11:50.490 | INFO | FUTU_US | [DB CHECKPOINT] FUTU_US @ 76400
2026-07-30 01:11:50.673 | INFO | FUTU_US | [DB CHECKPOINT] FUTU_US @ 76500
2026-07-30 01:11:50.826 | INFO | FUTU_US | [DB CHECKPOINT] FUTU_US @ 76600
2026-07-30 01:11:51.031 | INFO | FUTU_US | [DB CHECKPOINT] FUTU_US @ 76700
2026-07-30 01:11:51.227 | INFO | FUTU_US | [DB CHECKPOINT] FUTU_US @ 76800
2026-07-30 01:11:51.449 | INFO | FUTU_US | [DB CHECKPOINT] FUTU_US @ 76900
2026-07-30 01:11:51.754 | INFO | FUTU_US | [DB CHECKPOINT] FUTU_US @ 77000
2026-07-30 01:11:51.992 | INFO | FUTU_US | [DB CHECKPOINT] FUTU_US @ 77100
2026-07-30 01:11:52.279 | INFO | FUTU_US | [DB CHECKPOINT] FUTU_US @ 77200
2026-07-30 01:11:52.527 | INFO | FUTU_US | [DB CHECKPOINT] FUTU_US @ 77300
2026-07-30 01:11:52.683 | INFO | FUTU_US | [FUTU_US] 账户: 总资产=$9,999,906.91 现金=$9,996,058.01 证券=$3,848.90 冻结=$0.00 购买力=$19,995,964.92 (USD)
2026-07-30 01:11:52.766 | INFO | FUTU_US | [DB CHECKPOINT] FUTU_US @ 77400
2026-07-30 01:11:53.290 | INFO | FUTU_US | [DB CHECKPOINT] FUTU_US @ 77500
2026-07-30 01:11:53.533 | INFO | FUTU_US | [DB CHECKPOINT] FUTU_US @ 77600
2026-07-30 01:11:53.677 | INFO | FUTU_HK | [FUTU_HK] 账户: 总资产=$823,936.69 现金=$635,296.69 证券=$188,640.00 冻结=$0.00 购买力=$635,296.69 (HKD)
2026-07-30 01:11:53.773 | INFO | FUTU_US | [DB CHECKPOINT] FUTU_US @ 77700
2026-07-30 01:11:54.026 | INFO | FUTU_US | [DB CHECKPOINT] FUTU_US @ 77800
2026-07-30 01:11:54.279 | INFO | FUTU_US | [DB CHECKPOINT] FUTU_US @ 77900
2026-07-30 01:11:54.557 | INFO | FUTU_US | [DB CHECKPOINT] FUTU_US @ 78000
2026-07-30 01:11:54.839 | INFO | FUTU_US | [DB CHECKPOINT] FUTU_US @ 78100
2026-07-30 01:11:55.052 | INFO | FUTU_US | [DB CHECKPOINT] FUTU_US @ 78200
2026-07-30 01:11:55.316 | INFO | FUTU_US | [DB CHECKPOINT] FUTU_US @ 78300
2026-07-30 01:11:55.541 | INFO | FUTU_US | [DB CHECKPOINT] FUTU_US @ 78400
2026-07-30 01:11:55.854 | INFO | FUTU_US | [DB CHECKPOINT] FUTU_US @ 78500
2026-07-30 01:11:56.139 | INFO | FUTU_US | [DB CHECKPOINT] FUTU_US @ 78600
2026-07-30 01:11:56.258 | INFO | FUTU_US | [DB CHECKPOINT] FUTU_US @ 78700
2026-07-30 01:11:56.470 | INFO | FUTU_US | [DB CHECKPOINT] FUTU_US @ 78800
2026-07-30 01:11:57.000 | INFO | FUTU_US | [DB CHECKPOINT] FUTU_US @ 78900
2026-07-30 01:11:57.182 | INFO | FUTU_US | [DB CHECKPOINT] FUTU_US @ 79000
2026-07-30 01:11:57.406 | INFO | FUTU_US | [DB CHECKPOINT] FUTU_US @ 79100
2026-07-30 01:11:57.510 | INFO | FUTU_US | [DB CHECKPOINT] FUTU_US @ 79200
2026-07-30 01:11:57.698 | INFO | FUTU_US | [DB CHECKPOINT] FUTU_US @ 79300
2026-07-30 01:11:57.872 | INFO | FUTU_US | [DB CHECKPOINT] FUTU_US @ 79400
2026-07-30 01:11:58.075 | INFO | FUTU_US | [DB CHECKPOINT] FUTU_US @ 79500
2026-07-30 01:11:58.211 | INFO | FUTU_US | [DB CHECKPOINT] FUTU_US @ 79600
2026-07-30 01:11:58.429 | INFO | FUTU_US | [DB CHECKPOINT] FUTU_US @ 79700
2026-07-30 01:11:58.650 | INFO | FUTU_US | [DB CHECKPOINT] FUTU_US @ 79800
2026-07-30 01:11:58.707 | INFO | FUTU_US | [FUTU_US] 账户: 总资产=$9,999,906.91 现金=$9,996,058.01 证券=$3,848.90 冻结=$0.00 购买力=$19,995,964.92 (USD)
2026-07-30 01:11:58.930 | INFO | FUTU_US | [DB CHECKPOINT] FUTU_US @ 79900
2026-07-30 01:11:59.188 | INFO | FUTU_US | [DB CHECKPOINT] FUTU_US @ 80000
2026-07-30 01:11:59.337 | INFO | FUTU_US | [DB CHECKPOINT] FUTU_US @ 80100
2026-07-30 01:11:59.556 | INFO | FUTU_US | [DB CHECKPOINT] FUTU_US @ 80200
2026-07-30 01:11:59.679 | INFO | FUTU_HK | [FUTU_HK] 账户: 总资产=$823,936.69 现金=$635,296.69 证券=$188,640.00 冻结=$0.00 购买力=$635,296.69 (HKD)
2026-07-30 01:11:59.721 | INFO | FUTU_US | [DB CHECKPOINT] FUTU_US @ 80300
2026-07-30 01:11:59.930 | INFO | FUTU_US | [DB CHECKPOINT] FUTU_US @ 80400
2026-07-30 01:12:00.125 | INFO | FUTU_US | [DB CHECKPOINT] FUTU_US @ 80500
2026-07-30 01:12:00.408 | INFO | FUTU_US | [DB CHECKPOINT] FUTU_US @ 80600
2026-07-30 01:12:00.523 | INFO | FUTU_US | [DB CHECKPOINT] FUTU_US @ 80700
2026-07-30 01:12:00.696 | INFO | FUTU_US | [DB CHECKPOINT] FUTU_US @ 80800
2026-07-30 01:12:00.936 | INFO | FUTU_US | [DB CHECKPOINT] FUTU_US @ 80900
2026-07-30 01:12:01.113 | INFO | FUTU_US | [DB CHECKPOINT] FUTU_US @ 81000
2026-07-30 01:12:01.292 | INFO | FUTU_US | [DB CHECKPOINT] FUTU_US @ 81100
2026-07-30 01:12:01.492 | INFO | FUTU_US | [DB CHECKPOINT] FUTU_US @ 81200
2026-07-30 01:12:03.728 | INFO | FUTU_US | [DB CHECKPOINT] FUTU_US @ 81300
2026-07-30 01:12:04.145 | INFO | FUTU_US | [DB CHECKPOINT] FUTU_US @ 81400
2026-07-30 01:12:04.644 | INFO | FUTU_US | [DB CHECKPOINT] FUTU_US @ 81500
2026-07-30 01:12:04.886 | INFO | FUTU_US | [DB CHECKPOINT] FUTU_US @ 81600
2026-07-30 01:12:05.075 | INFO | FUTU_US | [DB CHECKPOINT] FUTU_US @ 81700
2026-07-30 01:12:05.469 | INFO | FUTU_US | [DB CHECKPOINT] FUTU_US @ 81800
2026-07-30 01:12:05.691 | INFO | FUTU_US | [DB CHECKPOINT] FUTU_US @ 81900
2026-07-30 01:12:05.924 | INFO | FUTU_US | [FUTU_US] 账户: 总资产=$9,999,911.61 现金=$9,996,058.01 证券=$3,853.60 冻结=$0.00 购买力=$19,995,969.62 (USD)
2026-07-30 01:12:06.006 | INFO | FUTU_US | [DB CHECKPOINT] FUTU_US @ 82000
2026-07-30 01:12:06.162 | INFO | FUTU_US | [DB CHECKPOINT] FUTU_US @ 82100
2026-07-30 01:12:06.551 | INFO | FUTU_US | [DB CHECKPOINT] FUTU_US @ 82200
2026-07-30 01:12:06.863 | INFO | FUTU_HK | [FUTU_HK] 账户: 总资产=$823,936.69 现金=$635,296.69 证券=$188,640.00 冻结=$0.00 购买力=$635,296.69 (HKD)
2026-07-30 01:12:07.096 | INFO | FUTU_US | [DB CHECKPOINT] FUTU_US @ 82300
2026-07-30 01:12:07.258 | INFO | FUTU_US | [DB CHECKPOINT] FUTU_US @ 82400
2026-07-30 01:12:07.655 | INFO | FUTU_US | [DB CHECKPOINT] FUTU_US @ 82500
2026-07-30 01:12:07.935 | INFO | FUTU_US | [DB CHECKPOINT] FUTU_US @ 82600
2026-07-30 01:12:08.585 | INFO | FUTU_US | [DB CHECKPOINT] FUTU_US @ 82700
2026-07-30 01:12:08.790 | INFO | FUTU_US | [DB CHECKPOINT] FUTU_US @ 82800
2026-07-30 01:12:09.070 | INFO | FUTU_US | [DB CHECKPOINT] FUTU_US @ 82900
2026-07-30 01:12:09.402 | INFO | FUTU_US | [DB CHECKPOINT] FUTU_US @ 83000
2026-07-30 01:12:09.700 | INFO | FUTU_US | [DB CHECKPOINT] FUTU_US @ 83100
2026-07-30 01:12:09.960 | INFO | FUTU_US | [DB CHECKPOINT] FUTU_US @ 83200
2026-07-30 01:12:10.174 | INFO | FUTU_US | [DB CHECKPOINT] FUTU_US @ 83300
2026-07-30 01:12:10.276 | INFO | FUTU_US | [DB CHECKPOINT] FUTU_US @ 83400
2026-07-30 01:12:10.386 | INFO | FUTU_US | [DB CHECKPOINT] FUTU_US @ 83500
2026-07-30 01:12:10.639 | INFO | FUTU_US | [DB CHECKPOINT] FUTU_US @ 83600
2026-07-30 01:12:10.967 | INFO | FUTU_US | [DB CHECKPOINT] FUTU_US @ 83700
2026-07-30 01:12:11.199 | INFO | FUTU_US | [DB CHECKPOINT] FUTU_US @ 83800
2026-07-30 01:12:11.504 | INFO | FUTU_US | [DB CHECKPOINT] FUTU_US @ 83900
2026-07-30 01:12:11.963 | INFO | FUTU_US | [DB CHECKPOINT] FUTU_US @ 84000
2026-07-30 01:12:11.970 | INFO | FUTU_US | [FUTU_US] 账户: 总资产=$9,999,911.61 现金=$9,996,058.01 证券=$3,853.60 冻结=$0.00 购买力=$19,995,969.62 (USD)
2026-07-30 01:12:12.256 | INFO | FUTU_US | [DB CHECKPOINT] FUTU_US @ 84100
2026-07-30 01:12:12.566 | INFO | FUTU_US | [DB CHECKPOINT] FUTU_US @ 84200
2026-07-30 01:12:12.888 | INFO | FUTU_US | [DB CHECKPOINT] FUTU_US @ 84300
2026-07-30 01:12:12.930 | INFO | FUTU_HK | [FUTU_HK] 账户: 总资产=$823,936.69 现金=$635,296.69 证券=$188,640.00 冻结=$0.00 购买力=$635,296.69 (HKD)
2026-07-30 01:12:13.195 | INFO | FUTU_US | [DB CHECKPOINT] FUTU_US @ 84400
2026-07-30 01:12:13.372 | INFO | FUTU_US | [DB CHECKPOINT] FUTU_US @ 84500
2026-07-30 01:12:13.859 | INFO | FUTU_US | [DB CHECKPOINT] FUTU_US @ 84600
2026-07-30 01:12:14.169 | INFO | FUTU_US | [DB CHECKPOINT] FUTU_US @ 84700
2026-07-30 01:12:14.392 | INFO | FUTU_US | [DB CHECKPOINT] FUTU_US @ 84800
2026-07-30 01:12:14.671 | INFO | FUTU_US | [DB CHECKPOINT] FUTU_US @ 84900
2026-07-30 01:12:14.976 | INFO | FUTU_US | [DB CHECKPOINT] FUTU_US @ 85000
2026-07-30 01:12:15.175 | INFO | FUTU_US | [DB CHECKPOINT] FUTU_US @ 85100
2026-07-30 01:12:15.536 | INFO | FUTU_US | [DB CHECKPOINT] FUTU_US @ 85200
2026-07-30 01:12:15.826 | INFO | FUTU_US | [DB CHECKPOINT] FUTU_US @ 85300
2026-07-30 01:12:16.251 | INFO | FUTU_US | [DB CHECKPOINT] FUTU_US @ 85400
2026-07-30 01:12:16.899 | INFO | FUTU_US | [DB CHECKPOINT] FUTU_US @ 85500
2026-07-30 01:12:21.003 | INFO | FUTU_US | [FUTU_US] 账户: 总资产=$9,999,911.61 现金=$9,996,058.01 证券=$3,853.60 冻结=$0.00 购买力=$19,995,969.62 (USD)
2026-07-30 01:12:21.551 | INFO | FUTU_HK | [FUTU_HK] 账户: 总资产=$823,936.69 现金=$635,296.69 证券=$188,640.00 冻结=$0.00 购买力=$635,296.69 (HKD)
2026-07-30 01:12:24.500 | INFO | FUTU_US | [DB CHECKPOINT] FUTU_US @ 85600
2026-07-30 01:12:25.155 | INFO | FUTU_US | [DB CHECKPOINT] FUTU_US @ 85700
2026-07-30 01:12:25.623 | INFO | FUTU_US | [FUTU_US] 账户: 总资产=$9,999,911.61 现金=$9,996,058.01 证券=$3,853.60 冻结=$0.00 购买力=$19,995,969.62 (USD)
2026-07-30 01:12:25.626 | INFO | FUTU_US | [DB CHECKPOINT] FUTU_US @ 85800
2026-07-30 01:12:26.056 | INFO | FUTU_US | [DB CHECKPOINT] FUTU_US @ 85900
2026-07-30 01:12:26.541 | INFO | FUTU_HK | [FUTU_HK] 账户: 总资产=$823,936.69 现金=$635,296.69 证券=$188,640.00 冻结=$0.00 购买力=$635,296.69 (HKD)
2026-07-30 01:12:26.600 | INFO | FUTU_US | [DB CHECKPOINT] FUTU_US @ 86000
2026-07-30 01:12:27.006 | INFO | FUTU_US | [DB CHECKPOINT] FUTU_US @ 86100
2026-07-30 01:12:27.394 | INFO | FUTU_US | [DB CHECKPOINT] FUTU_US @ 86200
2026-07-30 01:12:27.710 | INFO | FUTU_US | [DB CHECKPOINT] FUTU_US @ 86300
2026-07-30 01:12:29.041 | INFO | FUTU_US | [DB CHECKPOINT] FUTU_US @ 86400
2026-07-30 01:12:29.384 | INFO | FUTU_US | [DB CHECKPOINT] FUTU_US @ 86500
2026-07-30 01:12:30.011 | INFO | FUTU_US | [DB CHECKPOINT] FUTU_US @ 86600
2026-07-30 01:12:30.372 | INFO | FUTU_US | [DB CHECKPOINT] FUTU_US @ 86700
2026-07-30 01:12:30.869 | INFO | FUTU_US | [DB CHECKPOINT] FUTU_US @ 86800
2026-07-30 01:12:31.588 | INFO | FUTU_US | [FUTU_US] 账户: 总资产=$9,999,909.19 现金=$9,996,058.01 证券=$3,851.18 冻结=$0.00 购买力=$19,995,967.20 (USD)
2026-07-30 01:12:31.608 | INFO | FUTU_US | [DB CHECKPOINT] FUTU_US @ 86900
2026-07-30 01:12:31.991 | INFO | FUTU_US | [DB CHECKPOINT] FUTU_US @ 87000
2026-07-30 01:12:32.454 | INFO | FUTU_US | [DB CHECKPOINT] FUTU_US @ 87100
2026-07-30 01:12:32.586 | INFO | FUTU_HK | [FUTU_HK] 账户: 总资产=$823,936.69 现金=$635,296.69 证券=$188,640.00 冻结=$0.00 购买力=$635,296.69 (HKD)
2026-07-30 01:12:32.834 | INFO | FUTU_US | [DB CHECKPOINT] FUTU_US @ 87200
2026-07-30 01:12:33.237 | INFO | FUTU_US | [DB CHECKPOINT] FUTU_US @ 87300
2026-07-30 01:12:33.758 | INFO | FUTU_US | [DB CHECKPOINT] FUTU_US @ 87400
2026-07-30 01:12:34.283 | INFO | FUTU_US | [DB CHECKPOINT] FUTU_US @ 87500
2026-07-30 01:12:34.887 | INFO | FUTU_US | [DB CHECKPOINT] FUTU_US @ 87600
2026-07-30 01:12:35.333 | INFO | FUTU_US | [DB CHECKPOINT] FUTU_US @ 87700
2026-07-30 01:12:35.840 | INFO | FUTU_US | [DB CHECKPOINT] FUTU_US @ 87800
2026-07-30 01:12:36.258 | INFO | FUTU_US | [DB CHECKPOINT] FUTU_US @ 87900
2026-07-30 01:12:40.896 | INFO | FUTU_US | [FUTU_US] 账户: 总资产=$9,999,909.19 现金=$9,996,058.01 证券=$3,851.18 冻结=$0.00 购买力=$19,995,967.20 (USD)
2026-07-30 01:12:40.903 | INFO | FUTU_US | [DB CHECKPOINT] FUTU_US @ 88000
2026-07-30 01:12:41.726 | INFO | FUTU_HK | [FUTU_HK] 账户: 总资产=$823,936.69 现金=$635,296.69 证券=$188,640.00 冻结=$0.00 购买力=$635,296.69 (HKD)
2026-07-30 01:12:42.102 | INFO | FUTU_US | [DB CHECKPOINT] FUTU_US @ 88100
2026-07-30 01:12:42.667 | INFO | FUTU_US | [DB CHECKPOINT] FUTU_US @ 88200
2026-07-30 01:12:43.071 | INFO | FUTU_US | [DB CHECKPOINT] FUTU_US @ 88300
2026-07-30 01:12:43.569 | INFO | FUTU_US | [DB CHECKPOINT] FUTU_US @ 88400
2026-07-30 01:12:43.903 | INFO | FUTU_US | [DB CHECKPOINT] FUTU_US @ 88500
2026-07-30 01:12:44.255 | INFO | FUTU_US | [DB CHECKPOINT] FUTU_US @ 88600
2026-07-30 01:12:44.646 | INFO | FUTU_US | [DB CHECKPOINT] FUTU_US @ 88700
2026-07-30 01:12:45.452 | INFO | FUTU_US | [DB CHECKPOINT] FUTU_US @ 88800
2026-07-30 01:12:46.010 | INFO | FUTU_US | [FUTU_US] 账户: 总资产=$9,999,909.19 现金=$9,996,058.01 证券=$3,851.18 冻结=$0.00 购买力=$19,995,967.20 (USD)
2026-07-30 01:12:46.633 | INFO | FUTU_US | [DB CHECKPOINT] FUTU_US @ 88900
2026-07-30 01:12:47.451 | INFO | FUTU_HK | [FUTU_HK] 账户: 总资产=$823,936.69 现金=$635,296.69 证券=$188,640.00 冻结=$0.00 购买力=$635,296.69 (HKD)
2026-07-30 01:12:48.385 | INFO | FUTU_US | [DB CHECKPOINT] FUTU_US @ 89000
2026-07-30 01:12:48.891 | INFO | FUTU_US | [DB CHECKPOINT] FUTU_US @ 89100
2026-07-30 01:12:49.285 | INFO | FUTU_US | [DB CHECKPOINT] FUTU_US @ 89200
2026-07-30 01:12:49.787 | INFO | FUTU_US | [DB CHECKPOINT] FUTU_US @ 89300
2026-07-30 01:12:50.260 | INFO | FUTU_US | [DB CHECKPOINT] FUTU_US @ 89400
2026-07-30 01:12:50.636 | INFO | FUTU_US | [DB CHECKPOINT] FUTU_US @ 89500
2026-07-30 01:12:50.869 | INFO | FUTU_US | [DB CHECKPOINT] FUTU_US @ 89600
2026-07-30 01:12:51.327 | INFO | FUTU_US | [DB CHECKPOINT] FUTU_US @ 89700
2026-07-30 01:12:51.451 | INFO | FUTU_US | [DB CHECKPOINT] FUTU_US @ 89800
2026-07-30 01:12:51.740 | INFO | FUTU_US | [DB CHECKPOINT] FUTU_US @ 89900
2026-07-30 01:12:51.968 | INFO | FUTU_US | [FUTU_US] 账户: 总资产=$9,999,909.19 现金=$9,996,058.01 证券=$3,851.18 冻结=$0.00 购买力=$19,995,967.20 (USD)
2026-07-30 01:12:52.127 | INFO | FUTU_US | [DB CHECKPOINT] FUTU_US @ 90000
2026-07-30 01:12:52.463 | INFO | FUTU_US | [DB CHECKPOINT] FUTU_US @ 90100
2026-07-30 01:12:52.762 | INFO | FUTU_US | [DB CHECKPOINT] FUTU_US @ 90200
2026-07-30 01:12:52.912 | INFO | FUTU_US | [DB CHECKPOINT] FUTU_US @ 90300
2026-07-30 01:12:52.965 | INFO | FUTU_HK | [FUTU_HK] 账户: 总资产=$823,936.69 现金=$635,296.69 证券=$188,640.00 冻结=$0.00 购买力=$635,296.69 (HKD)
2026-07-30 01:12:53.220 | INFO | FUTU_US | [DB CHECKPOINT] FUTU_US @ 90400
2026-07-30 01:12:53.495 | INFO | FUTU_US | [DB CHECKPOINT] FUTU_US @ 90500
2026-07-30 01:12:53.862 | INFO | FUTU_US | [DB CHECKPOINT] FUTU_US @ 90600
2026-07-30 01:12:55.492 | INFO | FUTU_US | [DB CHECKPOINT] FUTU_US @ 90700
2026-07-30 01:12:55.859 | INFO | FUTU_US | [DB CHECKPOINT] FUTU_US @ 90800
2026-07-30 01:12:56.265 | INFO | FUTU_US | [DB CHECKPOINT] FUTU_US @ 90900
2026-07-30 01:12:56.577 | INFO | FUTU_US | [DB CHECKPOINT] FUTU_US @ 91000
2026-07-30 01:12:57.017 | INFO | FUTU_US | [DB CHECKPOINT] FUTU_US @ 91100
2026-07-30 01:12:57.288 | INFO | FUTU_US | [DB CHECKPOINT] FUTU_US @ 91200
2026-07-30 01:13:00.678 | INFO | FUTU_US | [FUTU_US] 账户: 总资产=$9,999,909.19 现金=$9,996,058.01 证券=$3,851.18 冻结=$0.00 购买力=$19,995,967.20 (USD)
2026-07-30 01:13:00.884 | INFO | FUTU_US | [DB CHECKPOINT] FUTU_US @ 91300
2026-07-30 01:13:01.365 | INFO | FUTU_US | [DB CHECKPOINT] FUTU_US @ 91400
2026-07-30 01:13:01.444 | INFO | FUTU_US | [DB CHECKPOINT] FUTU_US @ 91500
2026-07-30 01:13:01.556 | INFO | FUTU_HK | [FUTU_HK] 账户: 总资产=$823,936.69 现金=$635,296.69 证券=$188,640.00 冻结=$0.00 购买力=$635,296.69 (HKD)
2026-07-30 01:13:01.700 | INFO | FUTU_US | [DB CHECKPOINT] FUTU_US @ 91600
2026-07-30 01:13:01.955 | INFO | FUTU_US | [DB CHECKPOINT] FUTU_US @ 91700
2026-07-30 01:13:02.263 | INFO | FUTU_US | [DB CHECKPOINT] FUTU_US @ 91800
2026-07-30 01:13:02.559 | INFO | FUTU_US | [DB CHECKPOINT] FUTU_US @ 91900
2026-07-30 01:13:02.829 | INFO | FUTU_US | [DB CHECKPOINT] FUTU_US @ 92000
2026-07-30 01:13:03.039 | INFO | FUTU_US | [DB CHECKPOINT] FUTU_US @ 92100
2026-07-30 01:13:03.424 | INFO | FUTU_US | [DB CHECKPOINT] FUTU_US @ 92200
2026-07-30 01:13:03.678 | INFO | FUTU_US | [DB CHECKPOINT] FUTU_US @ 92300
2026-07-30 01:13:03.987 | INFO | FUTU_US | [DB CHECKPOINT] FUTU_US @ 92400
2026-07-30 01:13:04.288 | INFO | FUTU_US | [DB CHECKPOINT] FUTU_US @ 92500
2026-07-30 01:13:04.586 | INFO | FUTU_US | [DB CHECKPOINT] FUTU_US @ 92600
2026-07-30 01:13:04.898 | INFO | FUTU_US | [DB CHECKPOINT] FUTU_US @ 92700
2026-07-30 01:13:05.013 | INFO | FUTU_US | [DB CHECKPOINT] FUTU_US @ 92800
2026-07-30 01:13:05.130 | INFO | FUTU_US | [DB CHECKPOINT] FUTU_US @ 92900
2026-07-30 01:13:05.342 | INFO | FUTU_US | [DB CHECKPOINT] FUTU_US @ 93000
2026-07-30 01:13:05.609 | INFO | FUTU_US | [DB CHECKPOINT] FUTU_US @ 93100
2026-07-30 01:13:05.818 | INFO | FUTU_US | [DB CHECKPOINT] FUTU_US @ 93200
2026-07-30 01:13:06.132 | INFO | FUTU_US | [DB CHECKPOINT] FUTU_US @ 93300
2026-07-30 01:13:06.296 | INFO | FUTU_US | [DB CHECKPOINT] FUTU_US @ 93400
2026-07-30 01:13:06.407 | INFO | FUTU_US | [DB CHECKPOINT] FUTU_US @ 93500
2026-07-30 01:13:06.537 | INFO | FUTU_US | [FUTU_US] 账户: 总资产=$9,999,909.19 现金=$9,996,058.01 证券=$3,851.18 冻结=$0.00 购买力=$19,995,967.20 (USD)
2026-07-30 01:13:06.729 | INFO | FUTU_US | [DB CHECKPOINT] FUTU_US @ 93600
2026-07-30 01:13:07.005 | INFO | FUTU_US | [DB CHECKPOINT] FUTU_US @ 93700
2026-07-30 01:13:07.284 | INFO | FUTU_US | [DB CHECKPOINT] FUTU_US @ 93800
2026-07-30 01:13:07.566 | INFO | FUTU_HK | [FUTU_HK] 账户: 总资产=$823,936.69 现金=$635,296.69 证券=$188,640.00 冻结=$0.00 购买力=$635,296.69 (HKD)
2026-07-30 01:13:07.589 | INFO | FUTU_US | [DB CHECKPOINT] FUTU_US @ 93900
2026-07-30 01:13:07.770 | INFO | FUTU_US | [DB CHECKPOINT] FUTU_US @ 94000
2026-07-30 01:13:08.124 | INFO | FUTU_US | [DB CHECKPOINT] FUTU_US @ 94100
2026-07-30 01:13:08.294 | INFO | FUTU_US | [DB CHECKPOINT] FUTU_US @ 94200
2026-07-30 01:13:08.452 | INFO | FUTU_US | [DB CHECKPOINT] FUTU_US @ 94300
2026-07-30 01:13:08.639 | INFO | FUTU_US | [DB CHECKPOINT] FUTU_US @ 94400
2026-07-30 01:13:08.840 | INFO | FUTU_US | [DB CHECKPOINT] FUTU_US @ 94500
2026-07-30 01:13:09.064 | INFO | FUTU_US | [DB CHECKPOINT] FUTU_US @ 94600
2026-07-30 01:13:09.221 | INFO | FUTU_US | [DB CHECKPOINT] FUTU_US @ 94700
2026-07-30 01:13:09.479 | INFO | FUTU_US | [DB CHECKPOINT] FUTU_US @ 94800
2026-07-30 01:13:09.685 | INFO | FUTU_US | [DB CHECKPOINT] FUTU_US @ 94900
2026-07-30 01:13:09.865 | INFO | FUTU_US | [DB CHECKPOINT] FUTU_US @ 95000
2026-07-30 01:13:10.139 | INFO | FUTU_US | [DB CHECKPOINT] FUTU_US @ 95100
2026-07-30 01:13:10.324 | INFO | FUTU_US | [DB CHECKPOINT] FUTU_US @ 95200
2026-07-30 01:13:10.541 | INFO | FUTU_US | [DB CHECKPOINT] FUTU_US @ 95300
2026-07-30 01:13:10.724 | INFO | FUTU_US | [DB CHECKPOINT] FUTU_US @ 95400
2026-07-30 01:13:10.918 | INFO | FUTU_US | [DB CHECKPOINT] FUTU_US @ 95500
2026-07-30 01:13:10.988 | INFO | FUTU_US | [DB CHECKPOINT] FUTU_US @ 95600
2026-07-30 01:13:11.149 | INFO | FUTU_US | [DB CHECKPOINT] FUTU_US @ 95700
2026-07-30 01:13:11.329 | INFO | FUTU_US | [DB CHECKPOINT] FUTU_US @ 95800
2026-07-30 01:13:11.486 | INFO | FUTU_US | [DB CHECKPOINT] FUTU_US @ 95900
2026-07-30 01:13:11.628 | INFO | FUTU_US | [DB CHECKPOINT] FUTU_US @ 96000
2026-07-30 01:13:11.790 | INFO | FUTU_US | [DB CHECKPOINT] FUTU_US @ 96100
2026-07-30 01:13:12.008 | INFO | FUTU_US | [DB CHECKPOINT] FUTU_US @ 96200
2026-07-30 01:13:12.260 | INFO | FUTU_US | [DB CHECKPOINT] FUTU_US @ 96300
2026-07-30 01:13:12.535 | INFO | FUTU_US | [FUTU_US] 账户: 总资产=$9,999,909.19 现金=$9,996,058.01 证券=$3,851.18 冻结=$0.00 购买力=$19,995,967.20 (USD)
2026-07-30 01:13:12.537 | INFO | FUTU_US | [DB CHECKPOINT] FUTU_US @ 96400
2026-07-30 01:13:12.801 | INFO | FUTU_US | [DB CHECKPOINT] FUTU_US @ 96500
2026-07-30 01:13:13.071 | INFO | FUTU_US | [DB CHECKPOINT] FUTU_US @ 96600
2026-07-30 01:13:13.326 | INFO | FUTU_US | [DB CHECKPOINT] FUTU_US @ 96700
2026-07-30 01:13:13.529 | INFO | FUTU_HK | [FUTU_HK] 账户: 总资产=$823,936.69 现金=$635,296.69 证券=$188,640.00 冻结=$0.00 购买力=$635,296.69 (HKD)
2026-07-30 01:13:13.625 | INFO | FUTU_US | [DB CHECKPOINT] FUTU_US @ 96800
2026-07-30 01:13:13.893 | INFO | FUTU_US | [DB CHECKPOINT] FUTU_US @ 96900
2026-07-30 01:13:13.992 | INFO | FUTU_US | [DB CHECKPOINT] FUTU_US @ 97000
2026-07-30 01:13:14.168 | INFO | FUTU_US | [DB CHECKPOINT] FUTU_US @ 97100
2026-07-30 01:13:14.401 | INFO | FUTU_US | [DB CHECKPOINT] FUTU_US @ 97200
2026-07-30 01:13:14.554 | INFO | FUTU_US | [DB CHECKPOINT] FUTU_US @ 97300
2026-07-30 01:13:14.759 | INFO | FUTU_US | [DB CHECKPOINT] FUTU_US @ 97400
2026-07-30 01:13:14.927 | INFO | FUTU_US | [DB CHECKPOINT] FUTU_US @ 97500
2026-07-30 01:13:15.223 | INFO | FUTU_US | [DB CHECKPOINT] FUTU_US @ 97600
2026-07-30 01:13:15.486 | INFO | FUTU_US | [DB CHECKPOINT] FUTU_US @ 97700
2026-07-30 01:13:16.018 | INFO | FUTU_US | [DB CHECKPOINT] FUTU_US @ 97800
2026-07-30 01:13:16.266 | INFO | FUTU_US | [DB CHECKPOINT] FUTU_US @ 97900
2026-07-30 01:13:16.605 | INFO | FUTU_US | [DB CHECKPOINT] FUTU_US @ 98000
2026-07-30 01:13:16.930 | INFO | FUTU_US | [DB CHECKPOINT] FUTU_US @ 98100
2026-07-30 01:13:17.182 | INFO | FUTU_US | [DB CHECKPOINT] FUTU_US @ 98200
2026-07-30 01:13:17.517 | INFO | FUTU_US | [DB CHECKPOINT] FUTU_US @ 98300
2026-07-30 01:13:17.793 | INFO | FUTU_US | [DB CHECKPOINT] FUTU_US @ 98400
2026-07-30 01:13:17.933 | INFO | FUTU_US | [DB CHECKPOINT] FUTU_US @ 98500
2026-07-30 01:13:18.266 | INFO | FUTU_US | [DB CHECKPOINT] FUTU_US @ 98600
2026-07-30 01:13:18.600 | INFO | FUTU_US | [FUTU_US] 账户: 总资产=$9,999,909.19 现金=$9,996,058.01 证券=$3,851.18 冻结=$0.00 购买力=$19,995,967.20 (USD)
2026-07-30 01:13:18.601 | INFO | FUTU_US | [DB CHECKPOINT] FUTU_US @ 98700
2026-07-30 01:13:18.672 | INFO | FUTU_US | [DB CHECKPOINT] FUTU_US @ 98800
2026-07-30 01:13:19.500 | INFO | FUTU_US | [DB CHECKPOINT] FUTU_US @ 98900
2026-07-30 01:13:19.583 | INFO | FUTU_HK | [FUTU_HK] 账户: 总资产=$823,936.69 现金=$635,296.69 证券=$188,640.00 冻结=$0.00 购买力=$635,296.69 (HKD)
2026-07-30 01:13:19.688 | INFO | FUTU_US | [DB CHECKPOINT] FUTU_US @ 99000
2026-07-30 01:13:19.825 | INFO | FUTU_US | [DB CHECKPOINT] FUTU_US @ 99100
2026-07-30 01:13:20.028 | INFO | FUTU_US | [DB CHECKPOINT] FUTU_US @ 99200
2026-07-30 01:13:23.058 | INFO | FUTU_US | [DB CHECKPOINT] FUTU_US @ 99300
2026-07-30 01:13:24.281 | INFO | FUTU_US | [DB CHECKPOINT] FUTU_US @ 99400
2026-07-30 01:13:24.506 | INFO | FUTU_US | [DB CHECKPOINT] FUTU_US @ 99500
2026-07-30 01:13:24.623 | INFO | FUTU_US | [DB CHECKPOINT] FUTU_US @ 99600
2026-07-30 01:13:24.736 | INFO | FUTU_US | [DB CHECKPOINT] FUTU_US @ 99700
2026-07-30 01:13:25.117 | INFO | FUTU_US | [DB CHECKPOINT] FUTU_US @ 99800
2026-07-30 01:13:25.375 | INFO | FUTU_US | [DB CHECKPOINT] FUTU_US @ 99900
2026-07-30 01:13:26.096 | INFO | FUTU_US | [DB CHECKPOINT] FUTU_US @ 100000
2026-07-30 01:13:26.360 | INFO | FUTU_US | [DB CHECKPOINT] FUTU_US @ 100100
2026-07-30 01:13:26.534 | INFO | FUTU_US | [DB CHECKPOINT] FUTU_US @ 100200
2026-07-30 01:13:26.690 | INFO | FUTU_US | [DB CHECKPOINT] FUTU_US @ 100300
2026-07-30 01:13:26.869 | INFO | FUTU_US | [FUTU_US] 账户: 总资产=$9,999,909.19 现金=$9,996,058.01 证券=$3,851.18 冻结=$0.00 购买力=$19,995,967.20 (USD)
2026-07-30 01:13:26.977 | INFO | FUTU_US | [DB CHECKPOINT] FUTU_US @ 100400
2026-07-30 01:13:27.216 | INFO | FUTU_US | [DB CHECKPOINT] FUTU_US @ 100500
2026-07-30 01:13:27.424 | INFO | FUTU_US | [DB CHECKPOINT] FUTU_US @ 100600
2026-07-30 01:13:27.535 | INFO | FUTU_US | [DB CHECKPOINT] FUTU_US @ 100700
2026-07-30 01:13:27.756 | INFO | FUTU_US | [DB CHECKPOINT] FUTU_US @ 100800
2026-07-30 01:13:27.777 | INFO | FUTU_HK | [FUTU_HK] 账户: 总资产=$823,936.69 现金=$635,296.69 证券=$188,640.00 冻结=$0.00 购买力=$635,296.69 (HKD)
2026-07-30 01:13:27.832 | INFO | FUTU_US | [DB CHECKPOINT] FUTU_US @ 100900
2026-07-30 01:13:27.932 | INFO | FUTU_US | [DB CHECKPOINT] FUTU_US @ 101000
2026-07-30 01:13:28.027 | INFO | FUTU_US | [DB CHECKPOINT] FUTU_US @ 101100
2026-07-30 01:13:28.197 | INFO | FUTU_US | [DB CHECKPOINT] FUTU_US @ 101200
2026-07-30 01:13:28.288 | INFO | FUTU_US | [DB CHECKPOINT] FUTU_US @ 101300
2026-07-30 01:13:28.600 | INFO | FUTU_US | [DB CHECKPOINT] FUTU_US @ 101400
2026-07-30 01:13:28.942 | INFO | FUTU_US | [DB CHECKPOINT] FUTU_US @ 101500
2026-07-30 01:13:29.052 | INFO | FUTU_US | [DB CHECKPOINT] FUTU_US @ 101600
2026-07-30 01:13:29.242 | INFO | FUTU_US | [DB CHECKPOINT] FUTU_US @ 101700
2026-07-30 01:13:29.544 | INFO | FUTU_US | [DB CHECKPOINT] FUTU_US @ 101800
2026-07-30 01:13:29.843 | INFO | FUTU_US | [DB CHECKPOINT] FUTU_US @ 101900
2026-07-30 01:13:30.029 | INFO | FUTU_US | [DB CHECKPOINT] FUTU_US @ 102000
2026-07-30 01:13:30.128 | INFO | FUTU_US | [DB CHECKPOINT] FUTU_US @ 102100
2026-07-30 01:13:30.291 | INFO | FUTU_US | [DB CHECKPOINT] FUTU_US @ 102200
2026-07-30 01:13:30.427 | INFO | FUTU_US | [DB CHECKPOINT] FUTU_US @ 102300
2026-07-30 01:13:30.586 | INFO | FUTU_US | [DB CHECKPOINT] FUTU_US @ 102400
2026-07-30 01:13:30.689 | INFO | FUTU_US | [DB CHECKPOINT] FUTU_US @ 102500
2026-07-30 01:13:30.846 | INFO | FUTU_US | [DB CHECKPOINT] FUTU_US @ 102600
2026-07-30 01:13:30.986 | INFO | FUTU_US | [DB CHECKPOINT] FUTU_US @ 102700
2026-07-30 01:13:31.316 | INFO | FUTU_US | [DB CHECKPOINT] FUTU_US @ 102800
2026-07-30 01:13:31.516 | INFO | FUTU_US | [DB CHECKPOINT] FUTU_US @ 102900
2026-07-30 01:13:31.794 | INFO | FUTU_US | [DB CHECKPOINT] FUTU_US @ 103000
2026-07-30 01:13:31.999 | INFO | FUTU_US | [DB CHECKPOINT] FUTU_US @ 103100
2026-07-30 01:13:32.206 | INFO | FUTU_US | [DB CHECKPOINT] FUTU_US @ 103200
2026-07-30 01:13:32.356 | INFO | FUTU_US | [DB CHECKPOINT] FUTU_US @ 103300
2026-07-30 01:13:32.678 | INFO | FUTU_US | [DB CHECKPOINT] FUTU_US @ 103400
2026-07-30 01:13:32.845 | INFO | FUTU_US | [DB CHECKPOINT] FUTU_US @ 103500
2026-07-30 01:13:32.863 | INFO | FUTU_US | [FUTU_US] 账户: 总资产=$9,999,909.19 现金=$9,996,058.01 证券=$3,851.18 冻结=$0.00 购买力=$19,995,967.20 (USD)
2026-07-30 01:13:33.159 | INFO | FUTU_US | [DB CHECKPOINT] FUTU_US @ 103600
2026-07-30 01:13:33.519 | INFO | FUTU_US | [DB CHECKPOINT] FUTU_US @ 103700
2026-07-30 01:13:33.817 | INFO | FUTU_HK | [FUTU_HK] 账户: 总资产=$823,936.69 现金=$635,296.69 证券=$188,640.00 冻结=$0.00 购买力=$635,296.69 (HKD)
2026-07-30 01:13:33.884 | INFO | FUTU_US | [DB CHECKPOINT] FUTU_US @ 103800
2026-07-30 01:13:34.106 | INFO | FUTU_US | [DB CHECKPOINT] FUTU_US @ 103900
2026-07-30 01:13:34.269 | INFO | FUTU_US | [DB CHECKPOINT] FUTU_US @ 104000
2026-07-30 01:13:34.330 | INFO | FUTU_US | [DB CHECKPOINT] FUTU_US @ 104100
2026-07-30 01:13:34.476 | INFO | FUTU_US | [DB CHECKPOINT] FUTU_US @ 104200
2026-07-30 01:13:34.792 | INFO | FUTU_US | [DB CHECKPOINT] FUTU_US @ 104300
2026-07-30 01:13:35.032 | INFO | FUTU_US | [DB CHECKPOINT] FUTU_US @ 104400
2026-07-30 01:13:35.354 | INFO | FUTU_US | [DB CHECKPOINT] FUTU_US @ 104500
2026-07-30 01:13:35.735 | INFO | FUTU_US | [DB CHECKPOINT] FUTU_US @ 104600
2026-07-30 01:13:36.332 | INFO | FUTU_US | [DB CHECKPOINT] FUTU_US @ 104700
2026-07-30 01:13:36.495 | INFO | FUTU_US | [DB CHECKPOINT] FUTU_US @ 104800
2026-07-30 01:13:36.739 | INFO | FUTU_US | [DB CHECKPOINT] FUTU_US @ 104900
2026-07-30 01:13:37.361 | INFO | FUTU_US | [DB CHECKPOINT] FUTU_US @ 105000
2026-07-30 01:13:37.614 | INFO | FUTU_US | [DB CHECKPOINT] FUTU_US @ 105100
2026-07-30 01:13:37.936 | INFO | FUTU_US | [DB CHECKPOINT] FUTU_US @ 105200
2026-07-30 01:13:38.149 | INFO | FUTU_US | [DB CHECKPOINT] FUTU_US @ 105300
2026-07-30 01:13:38.484 | INFO | FUTU_US | [DB CHECKPOINT] FUTU_US @ 105400
2026-07-30 01:13:38.919 | INFO | FUTU_US | [FUTU_US] 账户: 总资产=$9,999,909.19 现金=$9,996,058.01 证券=$3,851.18 冻结=$0.00 购买力=$19,995,967.20 (USD)
2026-07-30 01:13:38.919 | INFO | FUTU_US | [DB CHECKPOINT] FUTU_US @ 105500
2026-07-30 01:13:39.199 | INFO | FUTU_US | [DB CHECKPOINT] FUTU_US @ 105600
2026-07-30 01:13:39.628 | INFO | FUTU_US | [DB CHECKPOINT] FUTU_US @ 105700
2026-07-30 01:13:39.778 | INFO | FUTU_US | [DB CHECKPOINT] FUTU_US @ 105800
2026-07-30 01:13:39.803 | INFO | FUTU_HK | [FUTU_HK] 账户: 总资产=$823,936.69 现金=$635,296.69 证券=$188,640.00 冻结=$0.00 购买力=$635,296.69 (HKD)
2026-07-30 01:13:39.999 | INFO | FUTU_US | [DB CHECKPOINT] FUTU_US @ 105900
2026-07-30 01:13:40.267 | INFO | FUTU_US | [DB CHECKPOINT] FUTU_US @ 106000
2026-07-30 01:13:40.383 | INFO | FUTU_US | [DB CHECKPOINT] FUTU_US @ 106100
2026-07-30 01:13:40.550 | INFO | FUTU_US | [DB CHECKPOINT] FUTU_US @ 106200
2026-07-30 01:13:40.694 | INFO | FUTU_US | [DB CHECKPOINT] FUTU_US @ 106300
2026-07-30 01:13:40.899 | INFO | FUTU_US | [DB CHECKPOINT] FUTU_US @ 106400
2026-07-30 01:13:41.132 | INFO | FUTU_US | [DB CHECKPOINT] FUTU_US @ 106500
2026-07-30 01:13:41.356 | INFO | FUTU_US | [DB CHECKPOINT] FUTU_US @ 106600
2026-07-30 01:13:41.680 | INFO | FUTU_US | [DB CHECKPOINT] FUTU_US @ 106700
2026-07-30 01:13:41.982 | INFO | FUTU_US | [DB CHECKPOINT] FUTU_US @ 106800
2026-07-30 01:13:42.190 | INFO | FUTU_US | [DB CHECKPOINT] FUTU_US @ 106900
2026-07-30 01:13:42.362 | INFO | FUTU_US | [DB CHECKPOINT] FUTU_US @ 107000
2026-07-30 01:13:42.555 | INFO | FUTU_US | [DB CHECKPOINT] FUTU_US @ 107100
2026-07-30 01:13:42.895 | INFO | FUTU_US | [DB CHECKPOINT] FUTU_US @ 107200
2026-07-30 01:13:43.211 | INFO | FUTU_US | [DB CHECKPOINT] FUTU_US @ 107300
2026-07-30 01:13:43.370 | INFO | FUTU_US | [DB CHECKPOINT] FUTU_US @ 107400
2026-07-30 01:13:43.633 | INFO | FUTU_US | [DB CHECKPOINT] FUTU_US @ 107500
2026-07-30 01:13:43.867 | INFO | FUTU_US | [DB CHECKPOINT] FUTU_US @ 107600
2026-07-30 01:13:44.053 | INFO | FUTU_US | [DB CHECKPOINT] FUTU_US @ 107700
2026-07-30 01:13:44.215 | INFO | FUTU_US | [DB CHECKPOINT] FUTU_US @ 107800
2026-07-30 01:13:44.447 | INFO | FUTU_US | [DB CHECKPOINT] FUTU_US @ 107900
2026-07-30 01:13:44.638 | INFO | FUTU_US | [DB CHECKPOINT] FUTU_US @ 108000
2026-07-30 01:13:44.777 | INFO | FUTU_US | [DB CHECKPOINT] FUTU_US @ 108100
2026-07-30 01:13:44.851 | INFO | FUTU_US | [FUTU_US] 账户: 总资产=$9,999,909.19 现金=$9,996,058.01 证券=$3,851.18 冻结=$0.00 购买力=$19,995,967.20 (USD)
2026-07-30 01:13:44.951 | INFO | FUTU_US | [DB CHECKPOINT] FUTU_US @ 108200
2026-07-30 01:13:45.123 | INFO | FUTU_US | [DB CHECKPOINT] FUTU_US @ 108300
2026-07-30 01:13:47.654 | INFO | FUTU_HK | [FUTU_HK] 账户: 总资产=$823,936.69 现金=$635,296.69 证券=$188,640.00 冻结=$0.00 购买力=$635,296.69 (HKD)
2026-07-30 01:13:49.039 | INFO | FUTU_US | [DB CHECKPOINT] FUTU_US @ 108400
2026-07-30 01:13:50.062 | INFO | FUTU_US | [DB CHECKPOINT] FUTU_US @ 108500
2026-07-30 01:13:51.078 | INFO | FUTU_US | [DB CHECKPOINT] FUTU_US @ 108600
2026-07-30 01:13:51.723 | INFO | FUTU_US | [DB CHECKPOINT] FUTU_US @ 108700
2026-07-30 01:13:52.274 | INFO | FUTU_US | [FUTU_US] 账户: 总资产=$9,999,909.19 现金=$9,996,058.01 证券=$3,851.18 冻结=$0.00 购买力=$19,995,967.20 (USD)
2026-07-30 01:13:52.329 | INFO | FUTU_US | [DB CHECKPOINT] FUTU_US @ 108800
2026-07-30 01:13:52.608 | INFO | FUTU_US | [DB CHECKPOINT] FUTU_US @ 108900
2026-07-30 01:13:52.953 | INFO | FUTU_US | [DB CHECKPOINT] FUTU_US @ 109000
2026-07-30 01:13:53.191 | INFO | FUTU_HK | [FUTU_HK] 账户: 总资产=$823,936.69 现金=$635,296.69 证券=$188,640.00 冻结=$0.00 购买力=$635,296.69 (HKD)
2026-07-30 01:13:53.487 | INFO | FUTU_US | [DB CHECKPOINT] FUTU_US @ 109100
2026-07-30 01:13:53.977 | INFO | FUTU_US | [DB CHECKPOINT] FUTU_US @ 109200
2026-07-30 01:13:54.631 | INFO | FUTU_US | [DB CHECKPOINT] FUTU_US @ 109300
2026-07-30 01:13:55.310 | INFO | FUTU_US | [DB CHECKPOINT] FUTU_US @ 109400
2026-07-30 01:13:55.641 | INFO | FUTU_US | [DB CHECKPOINT] FUTU_US @ 109500
2026-07-30 01:13:56.046 | INFO | FUTU_US | [DB CHECKPOINT] FUTU_US @ 109600
2026-07-30 01:13:56.560 | INFO | FUTU_US | [DB CHECKPOINT] FUTU_US @ 109700
2026-07-30 01:13:57.095 | INFO | FUTU_US | [DB CHECKPOINT] FUTU_US @ 109800
2026-07-30 01:13:57.433 | INFO | FUTU_US | [DB CHECKPOINT] FUTU_US @ 109900
2026-07-30 01:13:57.680 | INFO | FUTU_US | [DB CHECKPOINT] FUTU_US @ 110000
2026-07-30 01:13:57.850 | INFO | FUTU_US | [DB CHECKPOINT] FUTU_US @ 110100
2026-07-30 01:13:58.082 | INFO | FUTU_US | [DB CHECKPOINT] FUTU_US @ 110200
2026-07-30 01:13:58.268 | INFO | FUTU_US | [FUTU_US] 账户: 总资产=$9,999,909.19 现金=$9,996,058.01 证券=$3,851.18 冻结=$0.00 购买力=$19,995,967.20 (USD)
2026-07-30 01:13:58.487 | INFO | FUTU_US | [DB CHECKPOINT] FUTU_US @ 110300
2026-07-30 01:13:58.649 | INFO | FUTU_US | [DB CHECKPOINT] FUTU_US @ 110400
2026-07-30 01:13:58.921 | INFO | FUTU_US | [DB CHECKPOINT] FUTU_US @ 110500
2026-07-30 01:13:59.200 | INFO | FUTU_HK | [FUTU_HK] 账户: 总资产=$823,936.69 现金=$635,296.69 证券=$188,640.00 冻结=$0.00 购买力=$635,296.69 (HKD)
2026-07-30 01:13:59.243 | INFO | FUTU_US | [DB CHECKPOINT] FUTU_US @ 110600
2026-07-30 01:13:59.602 | INFO | FUTU_US | [DB CHECKPOINT] FUTU_US @ 110700
2026-07-30 01:14:00.026 | INFO | FUTU_US | [DB CHECKPOINT] FUTU_US @ 110800
2026-07-30 01:14:00.362 | INFO | FUTU_US | [DB CHECKPOINT] FUTU_US @ 110900
2026-07-30 01:14:00.632 | INFO | FUTU_US | [DB CHECKPOINT] FUTU_US @ 111000
2026-07-30 01:14:00.764 | INFO | FUTU_US | [DB CHECKPOINT] FUTU_US @ 111100
2026-07-30 01:14:00.849 | INFO | FUTU_US | [DB CHECKPOINT] FUTU_US @ 111200
2026-07-30 01:14:01.117 | INFO | FUTU_US | [DB CHECKPOINT] FUTU_US @ 111300
2026-07-30 01:14:01.309 | INFO | FUTU_US | [DB CHECKPOINT] FUTU_US @ 111400
2026-07-30 01:14:01.567 | INFO | FUTU_US | [DB CHECKPOINT] FUTU_US @ 111500
2026-07-30 01:14:01.707 | INFO | FUTU_US | [DB CHECKPOINT] FUTU_US @ 111600
2026-07-30 01:14:01.911 | INFO | FUTU_US | [DB CHECKPOINT] FUTU_US @ 111700
2026-07-30 01:14:02.206 | INFO | FUTU_US | [DB CHECKPOINT] FUTU_US @ 111800
2026-07-30 01:14:02.451 | INFO | FUTU_US | [DB CHECKPOINT] FUTU_US @ 111900
2026-07-30 01:14:02.658 | INFO | FUTU_US | [DB CHECKPOINT] FUTU_US @ 112000
2026-07-30 01:14:03.158 | INFO | FUTU_US | [DB CHECKPOINT] FUTU_US @ 112100
2026-07-30 01:14:03.485 | INFO | FUTU_US | [DB CHECKPOINT] FUTU_US @ 112200
2026-07-30 01:14:03.868 | INFO | FUTU_US | [DB CHECKPOINT] FUTU_US @ 112300
2026-07-30 01:14:04.304 | INFO | FUTU_US | [FUTU_US] 账户: 总资产=$9,999,909.19 现金=$9,996,058.01 证券=$3,851.18 冻结=$0.00 购买力=$19,995,967.20 (USD)
2026-07-30 01:14:04.714 | INFO | FUTU_US | [DB CHECKPOINT] FUTU_US @ 112400
2026-07-30 01:14:05.483 | INFO | FUTU_HK | [FUTU_HK] 账户: 总资产=$823,936.69 现金=$635,296.69 证券=$188,640.00 冻结=$0.00 购买力=$635,296.69 (HKD)
2026-07-30 01:14:05.864 | INFO | FUTU_US | [DB CHECKPOINT] FUTU_US @ 112500
2026-07-30 01:14:06.310 | INFO | FUTU_US | [DB CHECKPOINT] FUTU_US @ 112600
2026-07-30 01:14:06.720 | INFO | FUTU_US | [DB CHECKPOINT] FUTU_US @ 112700
2026-07-30 01:14:07.051 | INFO | FUTU_US | [DB CHECKPOINT] FUTU_US @ 112800
2026-07-30 01:14:07.588 | INFO | FUTU_US | [DB CHECKPOINT] FUTU_US @ 112900
2026-07-30 01:14:07.946 | INFO | FUTU_US | [DB CHECKPOINT] FUTU_US @ 113000
2026-07-30 01:14:08.496 | INFO | FUTU_US | [DB CHECKPOINT] FUTU_US @ 113100
2026-07-30 01:14:10.339 | INFO | FUTU_US | [DB CHECKPOINT] FUTU_US @ 113200
2026-07-30 01:14:10.498 | INFO | FUTU_US | [FUTU_US] 账户: 总资产=$9,999,909.19 现金=$9,996,058.01 证券=$3,851.18 冻结=$0.00 购买力=$19,995,967.20 (USD)
2026-07-30 01:14:11.140 | INFO | FUTU_US | [DB CHECKPOINT] FUTU_US @ 113300
2026-07-30 01:14:11.345 | INFO | FUTU_US | [DB CHECKPOINT] FUTU_US @ 113400
2026-07-30 01:14:11.706 | INFO | FUTU_HK | [FUTU_HK] 账户: 总资产=$823,936.69 现金=$635,296.69 证券=$188,640.00 冻结=$0.00 购买力=$635,296.69 (HKD)
2026-07-30 01:14:11.861 | INFO | FUTU_US | [DB CHECKPOINT] FUTU_US @ 113500
2026-07-30 01:14:12.246 | INFO | FUTU_US | [DB CHECKPOINT] FUTU_US @ 113600
2026-07-30 01:14:12.364 | INFO | FUTU_US | [DB CHECKPOINT] FUTU_US @ 113700
2026-07-30 01:14:16.415 | INFO | FUTU_US | [DB CHECKPOINT] FUTU_US @ 113800
2026-07-30 01:14:18.138 | INFO | FUTU_US | [DB CHECKPOINT] FUTU_US @ 113900
2026-07-30 01:14:18.414 | INFO | FUTU_US | [DB CHECKPOINT] FUTU_US @ 114000
2026-07-30 01:14:18.737 | INFO | FUTU_US | [DB CHECKPOINT] FUTU_US @ 114100
2026-07-30 01:14:19.208 | INFO | FUTU_US | [DB CHECKPOINT] FUTU_US @ 114200
2026-07-30 01:14:21.384 | INFO | FUTU_US | [FUTU_US] 账户: 总资产=$9,999,909.19 现金=$9,996,058.01 证券=$3,851.18 冻结=$0.00 购买力=$19,995,967.20 (USD)
2026-07-30 01:14:21.402 | INFO | FUTU_US | [DB CHECKPOINT] FUTU_US @ 114300
2026-07-30 01:14:21.457 | INFO | FUTU_HK | [FUTU_HK] 账户: 总资产=$823,936.69 现金=$635,296.69 证券=$188,640.00 冻结=$0.00 购买力=$635,296.69 (HKD)
2026-07-30 01:14:21.557 | INFO | FUTU_US | [DB CHECKPOINT] FUTU_US @ 114400
2026-07-30 01:14:21.732 | INFO | FUTU_US | [DB CHECKPOINT] FUTU_US @ 114500
2026-07-30 01:14:21.857 | INFO | FUTU_US | [DB CHECKPOINT] FUTU_US @ 114600
2026-07-30 01:14:22.020 | INFO | FUTU_US | [DB CHECKPOINT] FUTU_US @ 114700
2026-07-30 01:14:22.164 | INFO | FUTU_US | [DB CHECKPOINT] FUTU_US @ 114800
2026-07-30 01:14:22.382 | INFO | FUTU_US | [DB CHECKPOINT] FUTU_US @ 114900
2026-07-30 01:14:22.727 | INFO | FUTU_US | [DB CHECKPOINT] FUTU_US @ 115000
2026-07-30 01:14:23.362 | INFO | FUTU_US | [DB CHECKPOINT] FUTU_US @ 115100
2026-07-30 01:14:24.089 | INFO | FUTU_US | [DB CHECKPOINT] FUTU_US @ 115200
2026-07-30 01:14:24.501 | INFO | FUTU_US | [DB CHECKPOINT] FUTU_US @ 115300
2026-07-30 01:14:24.767 | INFO | FUTU_US | [DB CHECKPOINT] FUTU_US @ 115400
2026-07-30 01:14:25.264 | INFO | FUTU_US | [DB CHECKPOINT] FUTU_US @ 115500
2026-07-30 01:14:25.664 | INFO | FUTU_US | [DB CHECKPOINT] FUTU_US @ 115600
2026-07-30 01:14:26.065 | INFO | FUTU_US | [DB CHECKPOINT] FUTU_US @ 115700
2026-07-30 01:14:26.109 | INFO | FUTU_US | [FUTU_US] 账户: 总资产=$9,999,909.19 现金=$9,996,058.01 证券=$3,851.18 冻结=$0.00 购买力=$19,995,967.20 (USD)
2026-07-30 01:14:26.635 | INFO | FUTU_US | [DB CHECKPOINT] FUTU_US @ 115800
2026-07-30 01:14:27.118 | INFO | FUTU_US | [DB CHECKPOINT] FUTU_US @ 115900
2026-07-30 01:14:27.199 | INFO | FUTU_HK | [FUTU_HK] 账户: 总资产=$823,936.69 现金=$635,296.69 证券=$188,640.00 冻结=$0.00 购买力=$635,296.69 (HKD)
2026-07-30 01:14:27.682 | INFO | FUTU_US | [DB CHECKPOINT] FUTU_US @ 116000
2026-07-30 01:14:28.011 | INFO | FUTU_US | [DB CHECKPOINT] FUTU_US @ 116100
2026-07-30 01:14:28.277 | INFO | FUTU_US | [DB CHECKPOINT] FUTU_US @ 116200
2026-07-30 01:14:28.553 | INFO | FUTU_US | [DB CHECKPOINT] FUTU_US @ 116300
2026-07-30 01:14:28.751 | INFO | FUTU_US | [DB CHECKPOINT] FUTU_US @ 116400
2026-07-30 01:14:29.105 | INFO | FUTU_US | [DB CHECKPOINT] FUTU_US @ 116500
2026-07-30 01:14:29.444 | INFO | FUTU_US | [DB CHECKPOINT] FUTU_US @ 116600
2026-07-30 01:14:29.640 | INFO | FUTU_US | [DB CHECKPOINT] FUTU_US @ 116700
2026-07-30 01:14:29.929 | INFO | FUTU_US | [DB CHECKPOINT] FUTU_US @ 116800
2026-07-30 01:14:30.346 | INFO | FUTU_US | [DB CHECKPOINT] FUTU_US @ 116900
2026-07-30 01:14:30.488 | INFO | FUTU_US | [DB CHECKPOINT] FUTU_US @ 117000
2026-07-30 01:14:30.684 | INFO | FUTU_US | [DB CHECKPOINT] FUTU_US @ 117100
2026-07-30 01:14:31.015 | INFO | FUTU_US | [DB CHECKPOINT] FUTU_US @ 117200
2026-07-30 01:14:31.389 | INFO | FUTU_US | [DB CHECKPOINT] FUTU_US @ 117300
2026-07-30 01:14:31.774 | INFO | FUTU_US | [DB CHECKPOINT] FUTU_US @ 117400
2026-07-30 01:14:32.071 | INFO | FUTU_US | [FUTU_US] 账户: 总资产=$9,999,909.19 现金=$9,996,058.01 证券=$3,851.18 冻结=$0.00 购买力=$19,995,967.20 (USD)
2026-07-30 01:14:32.101 | INFO | FUTU_US | [DB CHECKPOINT] FUTU_US @ 117500
2026-07-30 01:14:32.485 | INFO | FUTU_US | [DB CHECKPOINT] FUTU_US @ 117600
2026-07-30 01:14:32.563 | INFO | FUTU_US | [DB CHECKPOINT] FUTU_US @ 117700
2026-07-30 01:14:32.647 | INFO | FUTU_US | [DB CHECKPOINT] FUTU_US @ 117800
2026-07-30 01:14:32.776 | INFO | FUTU_US | [DB CHECKPOINT] FUTU_US @ 117900
2026-07-30 01:14:33.131 | INFO | FUTU_US | [DB CHECKPOINT] FUTU_US @ 118000
2026-07-30 01:14:33.174 | INFO | FUTU_HK | [FUTU_HK] 账户: 总资产=$823,936.69 现金=$635,296.69 证券=$188,640.00 冻结=$0.00 购买力=$635,296.69 (HKD)
2026-07-30 01:14:33.408 | INFO | FUTU_US | [DB CHECKPOINT] FUTU_US @ 118100
2026-07-30 01:14:33.570 | INFO | FUTU_US | [DB CHECKPOINT] FUTU_US @ 118200
2026-07-30 01:14:33.745 | INFO | FUTU_US | [DB CHECKPOINT] FUTU_US @ 118300
2026-07-30 01:14:33.926 | INFO | FUTU_US | [DB CHECKPOINT] FUTU_US @ 118400
2026-07-30 01:14:34.284 | INFO | FUTU_US | [DB CHECKPOINT] FUTU_US @ 118500
2026-07-30 01:14:34.552 | INFO | FUTU_US | [DB CHECKPOINT] FUTU_US @ 118600
2026-07-30 01:14:34.861 | INFO | FUTU_US | [DB CHECKPOINT] FUTU_US @ 118700
2026-07-30 01:14:35.135 | INFO | FUTU_US | [DB CHECKPOINT] FUTU_US @ 118800
2026-07-30 01:14:35.530 | INFO | FUTU_US | [DB CHECKPOINT] FUTU_US @ 118900
2026-07-30 01:14:35.801 | INFO | FUTU_US | [DB CHECKPOINT] FUTU_US @ 119000
2026-07-30 01:14:36.225 | INFO | FUTU_US | [DB CHECKPOINT] FUTU_US @ 119100
2026-07-30 01:14:37.031 | INFO | FUTU_US | [DB CHECKPOINT] FUTU_US @ 119200
2026-07-30 01:14:37.658 | INFO | FUTU_US | [DB CHECKPOINT] FUTU_US @ 119300
2026-07-30 01:14:38.213 | INFO | FUTU_US | [FUTU_US] 账户: 总资产=$9,999,909.19 现金=$9,996,058.01 证券=$3,851.18 冻结=$0.00 购买力=$19,995,967.20 (USD)
2026-07-30 01:14:38.335 | INFO | FUTU_US | [DB CHECKPOINT] FUTU_US @ 119400
2026-07-30 01:14:38.769 | INFO | FUTU_US | [DB CHECKPOINT] FUTU_US @ 119500
2026-07-30 01:14:39.160 | INFO | FUTU_US | [DB CHECKPOINT] FUTU_US @ 119600
2026-07-30 01:14:39.212 | INFO | FUTU_HK | [FUTU_HK] 账户: 总资产=$823,936.69 现金=$635,296.69 证券=$188,640.00 冻结=$0.00 购买力=$635,296.69 (HKD)
2026-07-30 01:14:39.649 | INFO | FUTU_US | [DB CHECKPOINT] FUTU_US @ 119700
2026-07-30 01:14:40.294 | INFO | FUTU_US | [DB CHECKPOINT] FUTU_US @ 119800
2026-07-30 01:14:40.921 | INFO | FUTU_US | [DB CHECKPOINT] FUTU_US @ 119900
2026-07-30 01:14:41.396 | INFO | FUTU_US | [DB CHECKPOINT] FUTU_US @ 120000
2026-07-30 01:14:41.972 | INFO | FUTU_US | [DB CHECKPOINT] FUTU_US @ 120100
2026-07-30 01:14:42.675 | INFO | FUTU_US | [DB CHECKPOINT] FUTU_US @ 120200
2026-07-30 01:14:42.974 | INFO | FUTU_US | [DB CHECKPOINT] FUTU_US @ 120300
2026-07-30 01:14:46.977 | INFO | FUTU_US | [FUTU_US] 账户: 总资产=$9,999,909.19 现金=$9,996,058.01 证券=$3,851.18 冻结=$0.00 购买力=$19,995,967.20 (USD)
2026-07-30 01:14:47.589 | INFO | FUTU_US | [DB CHECKPOINT] FUTU_US @ 120400
2026-07-30 01:14:47.746 | INFO | FUTU_HK | [FUTU_HK] 账户: 总资产=$823,936.69 现金=$635,296.69 证券=$188,640.00 冻结=$0.00 购买力=$635,296.69 (HKD)
2026-07-30 01:14:48.247 | INFO | FUTU_US | [DB CHECKPOINT] FUTU_US @ 120500
2026-07-30 01:14:48.533 | INFO | FUTU_US | [DB CHECKPOINT] FUTU_US @ 120600
2026-07-30 01:14:48.725 | INFO | FUTU_US | [DB CHECKPOINT] FUTU_US @ 120700
2026-07-30 01:14:48.997 | INFO | FUTU_US | [DB CHECKPOINT] FUTU_US @ 120800
2026-07-30 01:14:49.313 | INFO | FUTU_US | [DB CHECKPOINT] FUTU_US @ 120900
2026-07-30 01:14:49.564 | INFO | FUTU_US | [DB CHECKPOINT] FUTU_US @ 121000
2026-07-30 01:14:49.890 | INFO | FUTU_US | [DB CHECKPOINT] FUTU_US @ 121100
2026-07-30 01:14:50.169 | INFO | FUTU_US | [DB CHECKPOINT] FUTU_US @ 121200
2026-07-30 01:14:50.431 | INFO | FUTU_US | [DB CHECKPOINT] FUTU_US @ 121300
2026-07-30 01:14:50.759 | INFO | FUTU_US | [DB CHECKPOINT] FUTU_US @ 121400
2026-07-30 01:14:50.984 | INFO | FUTU_US | [DB CHECKPOINT] FUTU_US @ 121500
2026-07-30 01:14:51.556 | INFO | FUTU_US | [DB CHECKPOINT] FUTU_US @ 121600
2026-07-30 01:14:51.859 | INFO | FUTU_US | [DB CHECKPOINT] FUTU_US @ 121700
2026-07-30 01:14:52.251 | INFO | FUTU_US | [DB CHECKPOINT] FUTU_US @ 121800
2026-07-30 01:14:52.445 | INFO | FUTU_US | [FUTU_US] 账户: 总资产=$9,999,909.19 现金=$9,996,058.01 证券=$3,851.18 冻结=$0.00 购买力=$19,995,967.20 (USD)
2026-07-30 01:14:52.517 | INFO | FUTU_US | [DB CHECKPOINT] FUTU_US @ 121900
2026-07-30 01:14:53.454 | INFO | FUTU_HK | [FUTU_HK] 账户: 总资产=$823,936.69 现金=$635,296.69 证券=$188,640.00 冻结=$0.00 购买力=$635,296.69 (HKD)
2026-07-30 01:14:53.520 | INFO | FUTU_US | [DB CHECKPOINT] FUTU_US @ 122000
2026-07-30 01:14:54.056 | INFO | FUTU_US | [DB CHECKPOINT] FUTU_US @ 122100
2026-07-30 01:14:54.579 | INFO | FUTU_US | [DB CHECKPOINT] FUTU_US @ 122200
2026-07-30 01:14:55.196 | INFO | FUTU_US | [DB CHECKPOINT] FUTU_US @ 122300
2026-07-30 01:14:55.722 | INFO | FUTU_US | [DB CHECKPOINT] FUTU_US @ 122400
2026-07-30 01:14:56.040 | INFO | FUTU_US | [DB CHECKPOINT] FUTU_US @ 122500
2026-07-30 01:14:56.813 | INFO | FUTU_US | [DB CHECKPOINT] FUTU_US @ 122600
2026-07-30 01:14:58.120 | INFO | FUTU_US | [DB CHECKPOINT] FUTU_US @ 122700
2026-07-30 01:14:58.455 | INFO | FUTU_US | [FUTU_US] 账户: 总资产=$9,999,909.19 现金=$9,996,058.01 证券=$3,851.18 冻结=$0.00 购买力=$19,995,967.20 (USD)
2026-07-30 01:14:58.894 | INFO | FUTU_US | [DB CHECKPOINT] FUTU_US @ 122800
2026-07-30 01:14:59.467 | INFO | FUTU_HK | [FUTU_HK] 账户: 总资产=$823,936.69 现金=$635,296.69 证券=$188,640.00 冻结=$0.00 购买力=$635,296.69 (HKD)
2026-07-30 01:14:59.528 | INFO | FUTU_US | [DB CHECKPOINT] FUTU_US @ 122900
2026-07-30 01:15:00.049 | INFO | FUTU_US | [DB CHECKPOINT] FUTU_US @ 123000
2026-07-30 01:15:00.364 | INFO | FUTU_US | [DB CHECKPOINT] FUTU_US @ 123100
2026-07-30 01:15:00.723 | INFO | FUTU_US | [DB CHECKPOINT] FUTU_US @ 123200
2026-07-30 01:15:00.975 | INFO | FUTU_US | [DB CHECKPOINT] FUTU_US @ 123300
2026-07-30 01:15:01.273 | INFO | FUTU_US | [DB CHECKPOINT] FUTU_US @ 123400
2026-07-30 01:15:01.525 | INFO | FUTU_US | [DB CHECKPOINT] FUTU_US @ 123500
2026-07-30 01:15:01.631 | INFO | FUTU_US | [DB CHECKPOINT] FUTU_US @ 123600
2026-07-30 01:15:01.855 | INFO | FUTU_US | [DB CHECKPOINT] FUTU_US @ 123700
2026-07-30 01:15:02.170 | INFO | FUTU_US | [DB CHECKPOINT] FUTU_US @ 123800
2026-07-30 01:15:02.326 | INFO | FUTU_US | [DB CHECKPOINT] FUTU_US @ 123900
2026-07-30 01:15:02.494 | INFO | FUTU_US | [DB CHECKPOINT] FUTU_US @ 124000
2026-07-30 01:15:02.775 | INFO | FUTU_US | [DB CHECKPOINT] FUTU_US @ 124100
2026-07-30 01:15:02.963 | INFO | FUTU_US | [DB CHECKPOINT] FUTU_US @ 124200
2026-07-30 01:15:03.204 | INFO | FUTU_US | [DB CHECKPOINT] FUTU_US @ 124300
2026-07-30 01:15:03.369 | INFO | FUTU_US | [DB CHECKPOINT] FUTU_US @ 124400
2026-07-30 01:15:03.644 | INFO | FUTU_US | [DB CHECKPOINT] FUTU_US @ 124500
2026-07-30 01:15:03.818 | INFO | FUTU_US | [DB CHECKPOINT] FUTU_US @ 124600
2026-07-30 01:15:04.051 | INFO | FUTU_US | [DB CHECKPOINT] FUTU_US @ 124700
2026-07-30 01:15:04.329 | INFO | FUTU_US | [DB CHECKPOINT] FUTU_US @ 124800
2026-07-30 01:15:04.455 | INFO | FUTU_US | [FUTU_US] 账户: 总资产=$9,999,909.19 现金=$9,996,058.01 证券=$3,851.18 冻结=$0.00 购买力=$19,995,967.20 (USD)
2026-07-30 01:15:04.643 | INFO | FUTU_US | [DB CHECKPOINT] FUTU_US @ 124900
2026-07-30 01:15:04.901 | INFO | FUTU_US | [DB CHECKPOINT] FUTU_US @ 125000
2026-07-30 01:15:05.172 | INFO | FUTU_US | [DB CHECKPOINT] FUTU_US @ 125100
2026-07-30 01:15:05.428 | INFO | FUTU_US | [DB CHECKPOINT] FUTU_US @ 125200
2026-07-30 01:15:05.464 | INFO | FUTU_HK | [FUTU_HK] 账户: 总资产=$823,936.69 现金=$635,296.69 证券=$188,640.00 冻结=$0.00 购买力=$635,296.69 (HKD)
2026-07-30 01:15:05.816 | INFO | FUTU_US | [DB CHECKPOINT] FUTU_US @ 125300
2026-07-30 01:15:06.111 | INFO | FUTU_US | [DB CHECKPOINT] FUTU_US @ 125400
2026-07-30 01:15:06.340 | INFO | FUTU_US | [DB CHECKPOINT] FUTU_US @ 125500
2026-07-30 01:15:06.671 | INFO | FUTU_US | [DB CHECKPOINT] FUTU_US @ 125600
2026-07-30 01:15:06.931 | INFO | FUTU_US | [DB CHECKPOINT] FUTU_US @ 125700
2026-07-30 01:15:07.277 | INFO | FUTU_US | [DB CHECKPOINT] FUTU_US @ 125800
2026-07-30 01:15:07.564 | INFO | FUTU_US | [DB CHECKPOINT] FUTU_US @ 125900
2026-07-30 01:15:07.892 | INFO | FUTU_US | [DB CHECKPOINT] FUTU_US @ 126000
2026-07-30 01:15:08.188 | INFO | FUTU_US | [DB CHECKPOINT] FUTU_US @ 126100
2026-07-30 01:15:08.536 | INFO | FUTU_US | [DB CHECKPOINT] FUTU_US @ 126200
2026-07-30 01:15:08.787 | INFO | FUTU_US | [DB CHECKPOINT] FUTU_US @ 126300
2026-07-30 01:15:09.109 | INFO | FUTU_US | [DB CHECKPOINT] FUTU_US @ 126400
2026-07-30 01:15:09.213 | INFO | FUTU_US | [DB CHECKPOINT] FUTU_US @ 126500
2026-07-30 01:15:09.417 | INFO | FUTU_US | [DB CHECKPOINT] FUTU_US @ 126600
2026-07-30 01:15:09.642 | INFO | FUTU_US | [DB CHECKPOINT] FUTU_US @ 126700
2026-07-30 01:15:09.923 | INFO | FUTU_US | [DB CHECKPOINT] FUTU_US @ 126800
2026-07-30 01:15:10.123 | INFO | FUTU_US | [DB CHECKPOINT] FUTU_US @ 126900
2026-07-30 01:15:10.281 | INFO | FUTU_US | [DB CHECKPOINT] FUTU_US @ 127000
2026-07-30 01:15:10.454 | INFO | FUTU_US | [FUTU_US] 账户: 总资产=$9,999,909.19 现金=$9,996,058.01 证券=$3,851.18 冻结=$0.00 购买力=$19,995,967.20 (USD)
2026-07-30 01:15:10.599 | INFO | FUTU_US | [DB CHECKPOINT] FUTU_US @ 127100
2026-07-30 01:15:10.718 | INFO | FUTU_US | [DB CHECKPOINT] FUTU_US @ 127200
2026-07-30 01:15:10.925 | INFO | FUTU_US | [DB CHECKPOINT] FUTU_US @ 127300
2026-07-30 01:15:11.406 | INFO | FUTU_US | [DB CHECKPOINT] FUTU_US @ 127400
2026-07-30 01:15:11.503 | INFO | FUTU_HK | [FUTU_HK] 账户: 总资产=$823,936.69 现金=$635,296.69 证券=$188,640.00 冻结=$0.00 购买力=$635,296.69 (HKD)
2026-07-30 01:15:11.724 | INFO | FUTU_US | [DB CHECKPOINT] FUTU_US @ 127500
2026-07-30 01:15:12.006 | INFO | FUTU_US | [DB CHECKPOINT] FUTU_US @ 127600
2026-07-30 01:15:12.152 | INFO | FUTU_US | [DB CHECKPOINT] FUTU_US @ 127700
2026-07-30 01:15:12.375 | INFO | FUTU_US | [DB CHECKPOINT] FUTU_US @ 127800
2026-07-30 01:15:12.488 | INFO | FUTU_US | [DB CHECKPOINT] FUTU_US @ 127900
2026-07-30 01:15:12.692 | INFO | FUTU_US | [DB CHECKPOINT] FUTU_US @ 128000
2026-07-30 01:15:13.005 | INFO | FUTU_US | [DB CHECKPOINT] FUTU_US @ 128100
2026-07-30 01:15:13.273 | INFO | FUTU_US | [DB CHECKPOINT] FUTU_US @ 128200
2026-07-30 01:15:13.509 | INFO | FUTU_US | [DB CHECKPOINT] FUTU_US @ 128300
2026-07-30 01:15:13.582 | INFO | FUTU_US | [DB CHECKPOINT] FUTU_US @ 128400
2026-07-30 01:15:13.730 | INFO | FUTU_US | [DB CHECKPOINT] FUTU_US @ 128500
2026-07-30 01:15:13.866 | INFO | FUTU_US | [DB CHECKPOINT] FUTU_US @ 128600
2026-07-30 01:15:13.939 | INFO | FUTU_US | [DB CHECKPOINT] FUTU_US @ 128700
2026-07-30 01:15:14.021 | INFO | FUTU_US | [DB CHECKPOINT] FUTU_US @ 128800
2026-07-30 01:15:14.088 | INFO | FUTU_US | [DB CHECKPOINT] FUTU_US @ 128900
2026-07-30 01:15:14.139 | INFO | FUTU_US | [DB CHECKPOINT] FUTU_US @ 129000
2026-07-30 01:15:14.279 | INFO | FUTU_US | [DB CHECKPOINT] FUTU_US @ 129100
2026-07-30 01:15:14.350 | INFO | FUTU_US | [DB CHECKPOINT] FUTU_US @ 129200
2026-07-30 01:15:14.481 | INFO | FUTU_US | [DB CHECKPOINT] FUTU_US @ 129300
2026-07-30 01:15:14.535 | INFO | FUTU_US | [DB CHECKPOINT] FUTU_US @ 129400
2026-07-30 01:15:14.662 | INFO | FUTU_US | [DB CHECKPOINT] FUTU_US @ 129500
2026-07-30 01:15:14.900 | INFO | FUTU_US | [DB CHECKPOINT] FUTU_US @ 129600
2026-07-30 01:15:15.030 | INFO | FUTU_US | [DB CHECKPOINT] FUTU_US @ 129700
2026-07-30 01:15:15.085 | INFO | FUTU_US | [DB CHECKPOINT] FUTU_US @ 129800
2026-07-30 01:15:15.184 | INFO | FUTU_US | [DB CHECKPOINT] FUTU_US @ 129900
2026-07-30 01:15:15.266 | INFO | FUTU_US | [DB CHECKPOINT] FUTU_US @ 130000
2026-07-30 01:15:15.433 | INFO | FUTU_US | [DB CHECKPOINT] FUTU_US @ 130100
2026-07-30 01:15:15.718 | INFO | FUTU_US | [DB CHECKPOINT] FUTU_US @ 130200
2026-07-30 01:15:15.942 | INFO | FUTU_US | [DB CHECKPOINT] FUTU_US @ 130300
2026-07-30 01:15:15.996 | INFO | FUTU_US | [DB CHECKPOINT] FUTU_US @ 130400
2026-07-30 01:15:16.175 | INFO | FUTU_US | [DB CHECKPOINT] FUTU_US @ 130500
2026-07-30 01:15:16.322 | INFO | FUTU_US | [DB CHECKPOINT] FUTU_US @ 130600
2026-07-30 01:15:16.492 | INFO | FUTU_US | [FUTU_US] 账户: 总资产=$9,999,909.19 现金=$9,996,058.01 证券=$3,851.18 冻结=$0.00 购买力=$19,995,967.20 (USD)
2026-07-30 01:15:16.511 | INFO | FUTU_US | [DB CHECKPOINT] FUTU_US @ 130700
2026-07-30 01:15:16.937 | INFO | FUTU_US | [DB CHECKPOINT] FUTU_US @ 130800
2026-07-30 01:15:17.156 | INFO | FUTU_US | [DB CHECKPOINT] FUTU_US @ 130900
2026-07-30 01:15:17.447 | INFO | FUTU_US | [DB CHECKPOINT] FUTU_US @ 131000
2026-07-30 01:15:17.468 | INFO | FUTU_HK | [FUTU_HK] 账户: 总资产=$823,936.69 现金=$635,296.69 证券=$188,640.00 冻结=$0.00 购买力=$635,296.69 (HKD)
2026-07-30 01:15:17.711 | INFO | FUTU_US | [DB CHECKPOINT] FUTU_US @ 131100
2026-07-30 01:15:17.863 | INFO | FUTU_US | [DB CHECKPOINT] FUTU_US @ 131200
2026-07-30 01:15:17.991 | INFO | FUTU_US | [DB CHECKPOINT] FUTU_US @ 131300
2026-07-30 01:15:18.090 | INFO | FUTU_US | [DB CHECKPOINT] FUTU_US @ 131400
2026-07-30 01:15:18.297 | INFO | FUTU_US | [DB CHECKPOINT] FUTU_US @ 131500
2026-07-30 01:15:18.473 | INFO | FUTU_US | [DB CHECKPOINT] FUTU_US @ 131600
2026-07-30 01:15:18.707 | INFO | FUTU_US | [DB CHECKPOINT] FUTU_US @ 131700
2026-07-30 01:15:18.911 | INFO | FUTU_US | [DB CHECKPOINT] FUTU_US @ 131800
2026-07-30 01:15:19.248 | INFO | FUTU_US | [DB CHECKPOINT] FUTU_US @ 131900
2026-07-30 01:15:19.572 | INFO | FUTU_US | [DB CHECKPOINT] FUTU_US @ 132000
2026-07-30 01:15:23.550 | INFO | FUTU_US | [DB CHECKPOINT] FUTU_US @ 132100
2026-07-30 01:15:24.821 | INFO | FUTU_US | [DB CHECKPOINT] FUTU_US @ 132200
2026-07-30 01:15:25.007 | INFO | FUTU_US | [DB CHECKPOINT] FUTU_US @ 132300
2026-07-30 01:15:25.221 | INFO | FUTU_US | [DB CHECKPOINT] FUTU_US @ 132400
2026-07-30 01:15:25.598 | INFO | FUTU_US | [DB CHECKPOINT] FUTU_US @ 132500
2026-07-30 01:15:25.602 | INFO | FUTU_US | [FUTU_US] 账户: 总资产=$9,999,909.19 现金=$9,996,058.01 证券=$3,851.18 冻结=$0.00 购买力=$19,995,967.20 (USD)
2026-07-30 01:15:25.712 | INFO | FUTU_US | [DB CHECKPOINT] FUTU_US @ 132600
2026-07-30 01:15:25.855 | INFO | FUTU_US | [DB CHECKPOINT] FUTU_US @ 132700
2026-07-30 01:15:26.011 | INFO | FUTU_US | [DB CHECKPOINT] FUTU_US @ 132800
2026-07-30 01:15:26.195 | INFO | FUTU_US | [DB CHECKPOINT] FUTU_US @ 132900
2026-07-30 01:15:26.340 | INFO | FUTU_US | [DB CHECKPOINT] FUTU_US @ 133000
2026-07-30 01:15:26.568 | INFO | FUTU_HK | [FUTU_HK] 账户: 总资产=$823,936.69 现金=$635,296.69 证券=$188,640.00 冻结=$0.00 购买力=$635,296.69 (HKD)
2026-07-30 01:15:26.570 | INFO | FUTU_US | [DB CHECKPOINT] FUTU_US @ 133100
2026-07-30 01:15:26.846 | INFO | FUTU_US | [DB CHECKPOINT] FUTU_US @ 133200
2026-07-30 01:15:27.110 | INFO | FUTU_US | [DB CHECKPOINT] FUTU_US @ 133300
2026-07-30 01:15:27.323 | INFO | FUTU_US | [DB CHECKPOINT] FUTU_US @ 133400
2026-07-30 01:15:27.483 | INFO | FUTU_US | [DB CHECKPOINT] FUTU_US @ 133500
2026-07-30 01:15:27.675 | INFO | FUTU_US | [DB CHECKPOINT] FUTU_US @ 133600
2026-07-30 01:15:27.993 | INFO | FUTU_US | [DB CHECKPOINT] FUTU_US @ 133700
2026-07-30 01:15:28.204 | INFO | FUTU_US | [DB CHECKPOINT] FUTU_US @ 133800
2026-07-30 01:15:28.429 | INFO | FUTU_US | [DB CHECKPOINT] FUTU_US @ 133900
2026-07-30 01:15:28.689 | INFO | FUTU_US | [DB CHECKPOINT] FUTU_US @ 134000
2026-07-30 01:15:28.852 | INFO | FUTU_US | [DB CHECKPOINT] FUTU_US @ 134100
2026-07-30 01:15:29.148 | INFO | FUTU_US | [DB CHECKPOINT] FUTU_US @ 134200
2026-07-30 01:15:29.311 | INFO | FUTU_US | [DB CHECKPOINT] FUTU_US @ 134300
2026-07-30 01:15:29.568 | INFO | FUTU_US | [DB CHECKPOINT] FUTU_US @ 134400
2026-07-30 01:15:29.760 | INFO | FUTU_US | [DB CHECKPOINT] FUTU_US @ 134500
2026-07-30 01:15:30.015 | INFO | FUTU_US | [DB CHECKPOINT] FUTU_US @ 134600
2026-07-30 01:15:30.125 | INFO | FUTU_US | [DB CHECKPOINT] FUTU_US @ 134700
2026-07-30 01:15:30.381 | INFO | FUTU_US | [DB CHECKPOINT] FUTU_US @ 134800
2026-07-30 01:15:30.626 | INFO | FUTU_US | [DB CHECKPOINT] FUTU_US @ 134900
2026-07-30 01:15:30.833 | INFO | FUTU_US | [DB CHECKPOINT] FUTU_US @ 135000
2026-07-30 01:15:30.989 | INFO | FUTU_US | [DB CHECKPOINT] FUTU_US @ 135100
2026-07-30 01:15:31.253 | INFO | FUTU_US | [DB CHECKPOINT] FUTU_US @ 135200
2026-07-30 01:15:31.543 | INFO | FUTU_US | [DB CHECKPOINT] FUTU_US @ 135300
2026-07-30 01:15:31.568 | INFO | FUTU_US | [FUTU_US] 账户: 总资产=$9,999,909.19 现金=$9,996,058.01 证券=$3,851.18 冻结=$0.00 购买力=$19,995,967.20 (USD)
2026-07-30 01:15:31.745 | INFO | FUTU_US | [DB CHECKPOINT] FUTU_US @ 135400
2026-07-30 01:15:32.030 | INFO | FUTU_US | [DB CHECKPOINT] FUTU_US @ 135500
2026-07-30 01:15:32.217 | INFO | FUTU_US | [DB CHECKPOINT] FUTU_US @ 135600
2026-07-30 01:15:32.559 | INFO | FUTU_HK | [FUTU_HK] 账户: 总资产=$823,936.69 现金=$635,296.69 证券=$188,640.00 冻结=$0.00 购买力=$635,296.69 (HKD)
2026-07-30 01:15:32.573 | INFO | FUTU_US | [DB CHECKPOINT] FUTU_US @ 135700
2026-07-30 01:15:32.821 | INFO | FUTU_US | [DB CHECKPOINT] FUTU_US @ 135800
2026-07-30 01:15:33.070 | INFO | FUTU_US | [DB CHECKPOINT] FUTU_US @ 135900
2026-07-30 01:15:33.233 | INFO | FUTU_US | [DB CHECKPOINT] FUTU_US @ 136000
2026-07-30 01:15:33.347 | INFO | FUTU_US | [DB CHECKPOINT] FUTU_US @ 136100
2026-07-30 01:15:33.535 | INFO | FUTU_US | [DB CHECKPOINT] FUTU_US @ 136200
2026-07-30 01:15:33.718 | INFO | FUTU_US | [DB CHECKPOINT] FUTU_US @ 136300
2026-07-30 01:15:33.799 | INFO | FUTU_US | [DB CHECKPOINT] FUTU_US @ 136400
2026-07-30 01:15:33.928 | INFO | FUTU_US | [DB CHECKPOINT] FUTU_US @ 136500
2026-07-30 01:15:34.041 | INFO | FUTU_US | [DB CHECKPOINT] FUTU_US @ 136600
2026-07-30 01:15:34.233 | INFO | FUTU_US | [DB CHECKPOINT] FUTU_US @ 136700
2026-07-30 01:15:34.345 | INFO | FUTU_US | [DB CHECKPOINT] FUTU_US @ 136800
2026-07-30 01:15:34.626 | INFO | FUTU_US | [DB CHECKPOINT] FUTU_US @ 136900
2026-07-30 01:15:34.869 | INFO | FUTU_US | [DB CHECKPOINT] FUTU_US @ 137000
2026-07-30 01:15:35.098 | INFO | FUTU_US | [DB CHECKPOINT] FUTU_US @ 137100
2026-07-30 01:15:35.153 | INFO | FUTU_US | [DB CHECKPOINT] FUTU_US @ 137200
2026-07-30 01:15:35.274 | INFO | FUTU_US | [DB CHECKPOINT] FUTU_US @ 137300
2026-07-30 01:15:35.475 | INFO | FUTU_US | [DB CHECKPOINT] FUTU_US @ 137400
2026-07-30 01:15:35.764 | INFO | FUTU_US | [DB CHECKPOINT] FUTU_US @ 137500
2026-07-30 01:15:35.914 | INFO | FUTU_US | [DB CHECKPOINT] FUTU_US @ 137600
2026-07-30 01:15:36.209 | INFO | FUTU_US | [DB CHECKPOINT] FUTU_US @ 137700
2026-07-30 01:15:36.458 | INFO | FUTU_US | [DB CHECKPOINT] FUTU_US @ 137800
2026-07-30 01:15:36.722 | INFO | FUTU_US | [DB CHECKPOINT] FUTU_US @ 137900
2026-07-30 01:15:36.965 | INFO | FUTU_US | [DB CHECKPOINT] FUTU_US @ 138000
2026-07-30 01:15:37.218 | INFO | FUTU_US | [DB CHECKPOINT] FUTU_US @ 138100
2026-07-30 01:15:37.396 | INFO | FUTU_US | [DB CHECKPOINT] FUTU_US @ 138200
2026-07-30 01:15:37.549 | INFO | FUTU_US | [DB CHECKPOINT] FUTU_US @ 138300
2026-07-30 01:15:37.579 | INFO | FUTU_US | [FUTU_US] 账户: 总资产=$9,999,909.19 现金=$9,996,058.01 证券=$3,851.18 冻结=$0.00 购买力=$19,995,967.20 (USD)
2026-07-30 01:15:37.693 | INFO | FUTU_US | [DB CHECKPOINT] FUTU_US @ 138400
2026-07-30 01:15:37.869 | INFO | FUTU_US | [DB CHECKPOINT] FUTU_US @ 138500
2026-07-30 01:15:38.056 | INFO | FUTU_US | [DB CHECKPOINT] FUTU_US @ 138600
2026-07-30 01:15:38.209 | INFO | FUTU_US | [DB CHECKPOINT] FUTU_US @ 138700
2026-07-30 01:15:38.474 | INFO | FUTU_US | [DB CHECKPOINT] FUTU_US @ 138800
2026-07-30 01:15:38.589 | INFO | FUTU_HK | [FUTU_HK] 账户: 总资产=$823,936.69 现金=$635,296.69 证券=$188,640.00 冻结=$0.00 购买力=$635,296.69 (HKD)
2026-07-30 01:15:38.781 | INFO | FUTU_US | [DB CHECKPOINT] FUTU_US @ 138900
2026-07-30 01:15:39.089 | INFO | FUTU_US | [DB CHECKPOINT] FUTU_US @ 139000
2026-07-30 01:15:39.387 | INFO | FUTU_US | [DB CHECKPOINT] FUTU_US @ 139100
2026-07-30 01:15:39.573 | INFO | FUTU_US | [DB CHECKPOINT] FUTU_US @ 139200
2026-07-30 01:15:39.963 | INFO | FUTU_US | [DB CHECKPOINT] FUTU_US @ 139300
2026-07-30 01:15:40.101 | INFO | FUTU_US | [DB CHECKPOINT] FUTU_US @ 139400
2026-07-30 01:15:40.438 | INFO | FUTU_US | [DB CHECKPOINT] FUTU_US @ 139500
2026-07-30 01:15:40.743 | INFO | FUTU_US | [DB CHECKPOINT] FUTU_US @ 139600
2026-07-30 01:15:41.295 | INFO | FUTU_US | [DB CHECKPOINT] FUTU_US @ 139700
2026-07-30 01:15:41.522 | INFO | FUTU_US | [DB CHECKPOINT] FUTU_US @ 139800
2026-07-30 01:15:41.807 | INFO | FUTU_US | [DB CHECKPOINT] FUTU_US @ 139900
2026-07-30 01:15:42.018 | INFO | FUTU_US | [DB CHECKPOINT] FUTU_US @ 140000
2026-07-30 01:15:42.229 | INFO | FUTU_US | [DB CHECKPOINT] FUTU_US @ 140100
2026-07-30 01:15:42.353 | INFO | FUTU_US | [DB CHECKPOINT] FUTU_US @ 140200
2026-07-30 01:15:42.391 | INFO | FUTU_US | [DB CHECKPOINT] FUTU_US @ 140300
2026-07-30 01:15:42.562 | INFO | FUTU_US | [DB CHECKPOINT] FUTU_US @ 140400
2026-07-30 01:15:42.715 | INFO | FUTU_US | [DB CHECKPOINT] FUTU_US @ 140500
2026-07-30 01:15:42.994 | INFO | FUTU_US | [DB CHECKPOINT] FUTU_US @ 140600
2026-07-30 01:15:43.210 | INFO | FUTU_US | [DB CHECKPOINT] FUTU_US @ 140700
2026-07-30 01:15:43.449 | INFO | FUTU_US | [DB CHECKPOINT] FUTU_US @ 140800
2026-07-30 01:15:43.627 | INFO | FUTU_US | [FUTU_US] 账户: 总资产=$9,999,909.19 现金=$9,996,058.01 证券=$3,851.18 冻结=$0.00 购买力=$19,995,967.20 (USD)
2026-07-30 01:15:43.778 | INFO | FUTU_US | [DB CHECKPOINT] FUTU_US @ 140900
2026-07-30 01:15:43.983 | INFO | FUTU_US | [DB CHECKPOINT] FUTU_US @ 141000
2026-07-30 01:15:44.158 | INFO | FUTU_US | [DB CHECKPOINT] FUTU_US @ 141100
2026-07-30 01:15:44.324 | INFO | FUTU_US | [DB CHECKPOINT] FUTU_US @ 141200
2026-07-30 01:15:44.439 | INFO | FUTU_US | [DB CHECKPOINT] FUTU_US @ 141300
2026-07-30 01:15:44.599 | INFO | FUTU_HK | [FUTU_HK] 账户: 总资产=$823,936.69 现金=$635,296.69 证券=$188,640.00 冻结=$0.00 购买力=$635,296.69 (HKD)
2026-07-30 01:15:44.600 | INFO | FUTU_US | [DB CHECKPOINT] FUTU_US @ 141400
2026-07-30 01:15:44.754 | INFO | FUTU_US | [DB CHECKPOINT] FUTU_US @ 141500
2026-07-30 01:15:44.951 | INFO | FUTU_US | [DB CHECKPOINT] FUTU_US @ 141600
2026-07-30 01:15:45.256 | INFO | FUTU_US | [DB CHECKPOINT] FUTU_US @ 141700
2026-07-30 01:15:45.677 | INFO | FUTU_US | [DB CHECKPOINT] FUTU_US @ 141800
2026-07-30 01:15:45.916 | INFO | FUTU_US | [DB CHECKPOINT] FUTU_US @ 141900
2026-07-30 01:15:46.132 | INFO | FUTU_US | [DB CHECKPOINT] FUTU_US @ 142000
2026-07-30 01:15:46.867 | INFO | FUTU_US | [DB CHECKPOINT] FUTU_US @ 142100
2026-07-30 01:15:47.172 | INFO | FUTU_US | [DB CHECKPOINT] FUTU_US @ 142200
2026-07-30 01:15:47.458 | INFO | FUTU_US | [DB CHECKPOINT] FUTU_US @ 142300
2026-07-30 01:15:47.682 | INFO | FUTU_US | [DB CHECKPOINT] FUTU_US @ 142400
2026-07-30 01:15:48.047 | INFO | FUTU_US | [DB CHECKPOINT] FUTU_US @ 142500
2026-07-30 01:15:48.267 | INFO | FUTU_US | [DB CHECKPOINT] FUTU_US @ 142600
2026-07-30 01:15:48.475 | INFO | FUTU_US | [DB CHECKPOINT] FUTU_US @ 142700
2026-07-30 01:15:48.778 | INFO | FUTU_US | [DB CHECKPOINT] FUTU_US @ 142800
2026-07-30 01:15:49.084 | INFO | FUTU_US | [DB CHECKPOINT] FUTU_US @ 142900
2026-07-30 01:15:49.296 | INFO | FUTU_US | [DB CHECKPOINT] FUTU_US @ 143000
2026-07-30 01:15:49.407 | INFO | FUTU_US | [DB CHECKPOINT] FUTU_US @ 143100
2026-07-30 01:15:49.940 | INFO | FUTU_US | [FUTU_US] 账户: 总资产=$9,999,909.19 现金=$9,996,058.01 证券=$3,851.18 冻结=$0.00 购买力=$19,995,967.20 (USD)
2026-07-30 01:15:49.982 | INFO | FUTU_US | [DB CHECKPOINT] FUTU_US @ 143200
2026-07-30 01:15:50.185 | INFO | FUTU_US | [DB CHECKPOINT] FUTU_US @ 143300
2026-07-30 01:15:50.320 | INFO | FUTU_US | [DB CHECKPOINT] FUTU_US @ 143400
2026-07-30 01:15:50.439 | INFO | FUTU_US | [DB CHECKPOINT] FUTU_US @ 143500
2026-07-30 01:15:50.649 | INFO | FUTU_US | [DB CHECKPOINT] FUTU_US @ 143600
2026-07-30 01:15:50.764 | INFO | FUTU_HK | [FUTU_HK] 账户: 总资产=$823,936.69 现金=$635,296.69 证券=$188,640.00 冻结=$0.00 购买力=$635,296.69 (HKD)
2026-07-30 01:15:51.023 | INFO | FUTU_US | [DB CHECKPOINT] FUTU_US @ 143700
2026-07-30 01:15:51.199 | INFO | FUTU_US | [DB CHECKPOINT] FUTU_US @ 143800
2026-07-30 01:15:51.398 | INFO | FUTU_US | [DB CHECKPOINT] FUTU_US @ 143900
2026-07-30 01:15:51.724 | INFO | FUTU_US | [DB CHECKPOINT] FUTU_US @ 144000
2026-07-30 01:15:52.006 | INFO | FUTU_US | [DB CHECKPOINT] FUTU_US @ 144100
2026-07-30 01:15:52.322 | INFO | FUTU_US | [DB CHECKPOINT] FUTU_US @ 144200
2026-07-30 01:15:52.483 | INFO | FUTU_US | [DB CHECKPOINT] FUTU_US @ 144300
2026-07-30 01:15:52.693 | INFO | FUTU_US | [DB CHECKPOINT] FUTU_US @ 144400
2026-07-30 01:15:52.976 | INFO | FUTU_US | [DB CHECKPOINT] FUTU_US @ 144500
2026-07-30 01:15:53.174 | INFO | FUTU_US | [DB CHECKPOINT] FUTU_US @ 144600
2026-07-30 01:15:53.322 | INFO | FUTU_US | [DB CHECKPOINT] FUTU_US @ 144700
2026-07-30 01:15:53.551 | INFO | FUTU_US | [DB CHECKPOINT] FUTU_US @ 144800
2026-07-30 01:15:53.836 | INFO | FUTU_US | [DB CHECKPOINT] FUTU_US @ 144900
2026-07-30 01:15:54.104 | INFO | FUTU_US | [DB CHECKPOINT] FUTU_US @ 145000
2026-07-30 01:15:54.326 | INFO | FUTU_US | [DB CHECKPOINT] FUTU_US @ 145100
2026-07-30 01:15:54.482 | INFO | FUTU_US | [DB CHECKPOINT] FUTU_US @ 145200
2026-07-30 01:15:54.699 | INFO | FUTU_US | [DB CHECKPOINT] FUTU_US @ 145300
2026-07-30 01:15:54.846 | INFO | FUTU_US | [DB CHECKPOINT] FUTU_US @ 145400
2026-07-30 01:15:55.105 | INFO | FUTU_US | [DB CHECKPOINT] FUTU_US @ 145500
2026-07-30 01:15:55.392 | INFO | FUTU_US | [DB CHECKPOINT] FUTU_US @ 145600
2026-07-30 01:15:55.535 | INFO | FUTU_US | [DB CHECKPOINT] FUTU_US @ 145700
2026-07-30 01:15:55.766 | INFO | FUTU_US | [FUTU_US] 账户: 总资产=$9,999,909.19 现金=$9,996,058.01 证券=$3,851.18 冻结=$0.00 购买力=$19,995,967.20 (USD)
2026-07-30 01:15:55.877 | INFO | FUTU_US | [DB CHECKPOINT] FUTU_US @ 145800
2026-07-30 01:15:56.092 | INFO | FUTU_US | [DB CHECKPOINT] FUTU_US @ 145900
2026-07-30 01:15:56.372 | INFO | FUTU_US | [DB CHECKPOINT] FUTU_US @ 146000
2026-07-30 01:15:56.580 | INFO | FUTU_US | [DB CHECKPOINT] FUTU_US @ 146100
2026-07-30 01:15:56.746 | INFO | FUTU_US | [DB CHECKPOINT] FUTU_US @ 146200
2026-07-30 01:15:56.783 | INFO | FUTU_HK | [FUTU_HK] 账户: 总资产=$823,936.69 现金=$635,296.69 证券=$188,640.00 冻结=$0.00 购买力=$635,296.69 (HKD)
2026-07-30 01:15:56.977 | INFO | FUTU_US | [DB CHECKPOINT] FUTU_US @ 146300
2026-07-30 01:15:57.115 | INFO | FUTU_US | [DB CHECKPOINT] FUTU_US @ 146400
2026-07-30 01:15:57.319 | INFO | FUTU_US | [DB CHECKPOINT] FUTU_US @ 146500
2026-07-30 01:15:57.578 | INFO | FUTU_US | [DB CHECKPOINT] FUTU_US @ 146600
2026-07-30 01:15:57.798 | INFO | FUTU_US | [DB CHECKPOINT] FUTU_US @ 146700
2026-07-30 01:15:58.041 | INFO | FUTU_US | [DB CHECKPOINT] FUTU_US @ 146800
2026-07-30 01:15:58.266 | INFO | FUTU_US | [DB CHECKPOINT] FUTU_US @ 146900
2026-07-30 01:15:58.555 | INFO | FUTU_US | [DB CHECKPOINT] FUTU_US @ 147000
2026-07-30 01:15:58.763 | INFO | FUTU_US | [DB CHECKPOINT] FUTU_US @ 147100
2026-07-30 01:15:59.072 | INFO | FUTU_US | [DB CHECKPOINT] FUTU_US @ 147200
2026-07-30 01:15:59.349 | INFO | FUTU_US | [DB CHECKPOINT] FUTU_US @ 147300
2026-07-30 01:15:59.523 | INFO | FUTU_US | [DB CHECKPOINT] FUTU_US @ 147400
2026-07-30 01:15:59.731 | INFO | FUTU_US | [DB CHECKPOINT] FUTU_US @ 147500
2026-07-30 01:15:59.935 | INFO | FUTU_US | [DB CHECKPOINT] FUTU_US @ 147600
2026-07-30 01:16:00.143 | INFO | FUTU_US | [DB CHECKPOINT] FUTU_US @ 147700
2026-07-30 01:16:00.429 | INFO | FUTU_US | [DB CHECKPOINT] FUTU_US @ 147800
2026-07-30 01:16:00.716 | INFO | FUTU_US | [DB CHECKPOINT] FUTU_US @ 147900
2026-07-30 01:16:00.852 | INFO | FUTU_US | [DB CHECKPOINT] FUTU_US @ 148000
2026-07-30 01:16:01.056 | INFO | FUTU_US | [DB CHECKPOINT] FUTU_US @ 148100
2026-07-30 01:16:01.292 | INFO | FUTU_US | [DB CHECKPOINT] FUTU_US @ 148200
2026-07-30 01:16:01.491 | INFO | FUTU_US | [DB CHECKPOINT] FUTU_US @ 148300
2026-07-30 01:16:01.627 | INFO | FUTU_US | [DB CHECKPOINT] FUTU_US @ 148400
2026-07-30 01:16:01.751 | INFO | FUTU_US | [FUTU_US] 账户: 总资产=$9,999,909.19 现金=$9,996,058.01 证券=$3,851.18 冻结=$0.00 购买力=$19,995,967.20 (USD)
2026-07-30 01:16:01.864 | INFO | FUTU_US | [DB CHECKPOINT] FUTU_US @ 148500
2026-07-30 01:16:02.094 | INFO | FUTU_US | [DB CHECKPOINT] FUTU_US @ 148600
2026-07-30 01:16:06.058 | INFO | FUTU_HK | [FUTU_HK] 账户: 总资产=$823,936.69 现金=$635,296.69 证券=$188,640.00 冻结=$0.00 购买力=$635,296.69 (HKD)
2026-07-30 01:16:07.047 | INFO | FUTU_US | [DB CHECKPOINT] FUTU_US @ 148700
2026-07-30 01:16:07.316 | INFO | FUTU_US | [DB CHECKPOINT] FUTU_US @ 148800
2026-07-30 01:16:07.454 | INFO | FUTU_US | [DB CHECKPOINT] FUTU_US @ 148900
2026-07-30 01:16:08.061 | INFO | FUTU_US | [DB CHECKPOINT] FUTU_US @ 149000
2026-07-30 01:16:08.381 | INFO | FUTU_US | [DB CHECKPOINT] FUTU_US @ 149100
2026-07-30 01:16:09.142 | INFO | FUTU_US | [DB CHECKPOINT] FUTU_US @ 149200
2026-07-30 01:16:09.393 | INFO | FUTU_US | [DB CHECKPOINT] FUTU_US @ 149300
2026-07-30 01:16:09.729 | INFO | FUTU_US | [DB CHECKPOINT] FUTU_US @ 149400
2026-07-30 01:16:09.996 | INFO | FUTU_US | [DB CHECKPOINT] FUTU_US @ 149500
2026-07-30 01:16:10.369 | INFO | FUTU_US | [DB CHECKPOINT] FUTU_US @ 149600
2026-07-30 01:16:10.715 | INFO | FUTU_US | [DB CHECKPOINT] FUTU_US @ 149700
2026-07-30 01:16:10.864 | INFO | FUTU_US | [FUTU_US] 账户: 总资产=$9,999,909.19 现金=$9,996,058.01 证券=$3,851.18 冻结=$0.00 购买力=$19,995,967.20 (USD)
2026-07-30 01:16:11.091 | INFO | FUTU_US | [DB CHECKPOINT] FUTU_US @ 149800
2026-07-30 01:16:11.460 | INFO | FUTU_US | [DB CHECKPOINT] FUTU_US @ 149900
2026-07-30 01:16:11.765 | INFO | FUTU_US | [DB CHECKPOINT] FUTU_US @ 150000
2026-07-30 01:16:11.837 | INFO | FUTU_HK | [FUTU_HK] 账户: 总资产=$823,936.69 现金=$635,296.69 证券=$188,640.00 冻结=$0.00 购买力=$635,296.69 (HKD)
2026-07-30 01:16:12.349 | INFO | FUTU_US | [DB CHECKPOINT] FUTU_US @ 150100
2026-07-30 01:16:12.690 | INFO | FUTU_US | [DB CHECKPOINT] FUTU_US @ 150200
2026-07-30 01:16:12.974 | INFO | FUTU_US | [DB CHECKPOINT] FUTU_US @ 150300
2026-07-30 01:16:13.311 | INFO | FUTU_US | [DB CHECKPOINT] FUTU_US @ 150400
2026-07-30 01:16:13.668 | INFO | FUTU_US | [DB CHECKPOINT] FUTU_US @ 150500
2026-07-30 01:16:14.007 | INFO | FUTU_US | [DB CHECKPOINT] FUTU_US @ 150600
2026-07-30 01:16:14.269 | INFO | FUTU_US | [DB CHECKPOINT] FUTU_US @ 150700
2026-07-30 01:16:14.466 | INFO | FUTU_US | [DB CHECKPOINT] FUTU_US @ 150800
2026-07-30 01:16:14.679 | INFO | FUTU_US | [DB CHECKPOINT] FUTU_US @ 150900
2026-07-30 01:16:14.940 | INFO | FUTU_US | [DB CHECKPOINT] FUTU_US @ 151000
2026-07-30 01:16:15.118 | INFO | FUTU_US | [DB CHECKPOINT] FUTU_US @ 151100
2026-07-30 01:16:15.263 | INFO | FUTU_US | [DB CHECKPOINT] FUTU_US @ 151200
2026-07-30 01:16:15.528 | INFO | FUTU_US | [DB CHECKPOINT] FUTU_US @ 151300
2026-07-30 01:16:15.697 | INFO | FUTU_US | [DB CHECKPOINT] FUTU_US @ 151400
2026-07-30 01:16:15.865 | INFO | FUTU_US | [DB CHECKPOINT] FUTU_US @ 151500
2026-07-30 01:16:16.013 | INFO | FUTU_US | [DB CHECKPOINT] FUTU_US @ 151600
2026-07-30 01:16:16.180 | INFO | FUTU_US | [DB CHECKPOINT] FUTU_US @ 151700
2026-07-30 01:16:16.353 | INFO | FUTU_US | [DB CHECKPOINT] FUTU_US @ 151800
2026-07-30 01:16:16.597 | INFO | FUTU_US | [DB CHECKPOINT] FUTU_US @ 151900
2026-07-30 01:16:16.744 | INFO | FUTU_US | [DB CHECKPOINT] FUTU_US @ 152000
2026-07-30 01:16:16.838 | INFO | FUTU_US | [FUTU_US] 账户: 总资产=$9,999,909.19 现金=$9,996,058.01 证券=$3,851.18 冻结=$0.00 购买力=$19,995,967.20 (USD)
2026-07-30 01:16:17.119 | INFO | FUTU_US | [DB CHECKPOINT] FUTU_US @ 152100
2026-07-30 01:16:17.294 | INFO | FUTU_US | [DB CHECKPOINT] FUTU_US @ 152200
2026-07-30 01:16:17.458 | INFO | FUTU_US | [DB CHECKPOINT] FUTU_US @ 152300
2026-07-30 01:16:17.583 | INFO | FUTU_US | [DB CHECKPOINT] FUTU_US @ 152400
2026-07-30 01:16:17.780 | INFO | FUTU_US | [DB CHECKPOINT] FUTU_US @ 152500
2026-07-30 01:16:17.836 | INFO | FUTU_HK | [FUTU_HK] 账户: 总资产=$823,936.69 现金=$635,296.69 证券=$188,640.00 冻结=$0.00 购买力=$635,296.69 (HKD)
2026-07-30 01:16:18.070 | INFO | FUTU_US | [DB CHECKPOINT] FUTU_US @ 152600
2026-07-30 01:16:18.400 | INFO | FUTU_US | [DB CHECKPOINT] FUTU_US @ 152700
2026-07-30 01:16:18.644 | INFO | FUTU_US | [DB CHECKPOINT] FUTU_US @ 152800
2026-07-30 01:16:18.754 | INFO | FUTU_US | [DB CHECKPOINT] FUTU_US @ 152900
2026-07-30 01:16:19.023 | INFO | FUTU_US | [DB CHECKPOINT] FUTU_US @ 153000
2026-07-30 01:16:19.342 | INFO | FUTU_US | [DB CHECKPOINT] FUTU_US @ 153100
2026-07-30 01:16:19.503 | INFO | FUTU_US | [DB CHECKPOINT] FUTU_US @ 153200
2026-07-30 01:16:19.621 | INFO | FUTU_US | [DB CHECKPOINT] FUTU_US @ 153300
2026-07-30 01:16:19.714 | INFO | FUTU_US | [DB CHECKPOINT] FUTU_US @ 153400
2026-07-30 01:16:19.766 | INFO | FUTU_US | [DB CHECKPOINT] FUTU_US @ 153500
2026-07-30 01:16:19.813 | INFO | FUTU_US | [DB CHECKPOINT] FUTU_US @ 153600
2026-07-30 01:16:20.010 | INFO | FUTU_US | [DB CHECKPOINT] FUTU_US @ 153700
2026-07-30 01:16:20.089 | INFO | FUTU_US | [DB CHECKPOINT] FUTU_US @ 153800
2026-07-30 01:16:20.156 | INFO | FUTU_US | [DB CHECKPOINT] FUTU_US @ 153900
2026-07-30 01:16:20.315 | INFO | FUTU_US | [DB CHECKPOINT] FUTU_US @ 154000
2026-07-30 01:16:20.505 | INFO | FUTU_US | [DB CHECKPOINT] FUTU_US @ 154100
2026-07-30 01:16:20.633 | INFO | FUTU_US | [DB CHECKPOINT] FUTU_US @ 154200
2026-07-30 01:16:20.856 | INFO | FUTU_US | [DB CHECKPOINT] FUTU_US @ 154300
2026-07-30 01:16:21.131 | INFO | FUTU_US | [DB CHECKPOINT] FUTU_US @ 154400
2026-07-30 01:16:21.469 | INFO | FUTU_US | [DB CHECKPOINT] FUTU_US @ 154500
2026-07-30 01:16:21.772 | INFO | FUTU_US | [DB CHECKPOINT] FUTU_US @ 154600
2026-07-30 01:16:22.188 | INFO | FUTU_US | [DB CHECKPOINT] FUTU_US @ 154700
2026-07-30 01:16:22.340 | INFO | FUTU_US | [DB CHECKPOINT] FUTU_US @ 154800
2026-07-30 01:16:22.574 | INFO | FUTU_US | [DB CHECKPOINT] FUTU_US @ 154900
2026-07-30 01:16:22.877 | INFO | FUTU_US | [FUTU_US] 账户: 总资产=$9,999,909.19 现金=$9,996,058.01 证券=$3,851.18 冻结=$0.00 购买力=$19,995,967.20 (USD)
2026-07-30 01:16:22.907 | INFO | FUTU_US | [DB CHECKPOINT] FUTU_US @ 155000
2026-07-30 01:16:23.264 | INFO | FUTU_US | [DB CHECKPOINT] FUTU_US @ 155100
2026-07-30 01:16:23.738 | INFO | FUTU_US | [DB CHECKPOINT] FUTU_US @ 155200
2026-07-30 01:16:23.849 | INFO | FUTU_HK | [FUTU_HK] 账户: 总资产=$823,936.69 现金=$635,296.69 证券=$188,640.00 冻结=$0.00 购买力=$635,296.69 (HKD)
2026-07-30 01:16:24.045 | INFO | FUTU_US | [DB CHECKPOINT] FUTU_US @ 155300
2026-07-30 01:16:24.254 | INFO | FUTU_US | [DB CHECKPOINT] FUTU_US @ 155400
2026-07-30 01:16:24.557 | INFO | FUTU_US | [DB CHECKPOINT] FUTU_US @ 155500
2026-07-30 01:16:25.005 | INFO | FUTU_US | [DB CHECKPOINT] FUTU_US @ 155600
2026-07-30 01:16:25.333 | INFO | FUTU_US | [DB CHECKPOINT] FUTU_US @ 155700
2026-07-30 01:16:25.538 | INFO | FUTU_US | [DB CHECKPOINT] FUTU_US @ 155800
2026-07-30 01:16:25.676 | INFO | FUTU_US | [DB CHECKPOINT] FUTU_US @ 155900
2026-07-30 01:16:25.900 | INFO | FUTU_US | [DB CHECKPOINT] FUTU_US @ 156000
2026-07-30 01:16:26.087 | INFO | FUTU_US | [DB CHECKPOINT] FUTU_US @ 156100
2026-07-30 01:16:26.600 | INFO | FUTU_US | [DB CHECKPOINT] FUTU_US @ 156200
2026-07-30 01:16:27.246 | INFO | FUTU_US | [DB CHECKPOINT] FUTU_US @ 156300
2026-07-30 01:16:27.424 | INFO | FUTU_US | [DB CHECKPOINT] FUTU_US @ 156400
2026-07-30 01:16:27.688 | INFO | FUTU_US | [DB CHECKPOINT] FUTU_US @ 156500
2026-07-30 01:16:27.834 | INFO | FUTU_US | [DB CHECKPOINT] FUTU_US @ 156600
2026-07-30 01:16:27.961 | INFO | FUTU_US | [DB CHECKPOINT] FUTU_US @ 156700
2026-07-30 01:16:28.163 | INFO | FUTU_US | [DB CHECKPOINT] FUTU_US @ 156800
2026-07-30 01:16:28.408 | INFO | FUTU_US | [DB CHECKPOINT] FUTU_US @ 156900
2026-07-30 01:16:28.754 | INFO | FUTU_US | [DB CHECKPOINT] FUTU_US @ 157000
2026-07-30 01:16:28.873 | INFO | FUTU_US | [FUTU_US] 账户: 总资产=$9,999,909.19 现金=$9,996,058.01 证券=$3,851.18 冻结=$0.00 购买力=$19,995,967.20 (USD)
2026-07-30 01:16:29.047 | INFO | FUTU_US | [DB CHECKPOINT] FUTU_US @ 157100
2026-07-30 01:16:29.234 | INFO | FUTU_US | [DB CHECKPOINT] FUTU_US @ 157200
2026-07-30 01:16:29.338 | INFO | FUTU_US | [DB CHECKPOINT] FUTU_US @ 157300
2026-07-30 01:16:29.414 | INFO | FUTU_US | [DB CHECKPOINT] FUTU_US @ 157400
2026-07-30 01:16:29.475 | INFO | FUTU_US | [DB CHECKPOINT] FUTU_US @ 157500
2026-07-30 01:16:29.605 | INFO | FUTU_US | [DB CHECKPOINT] FUTU_US @ 157600
2026-07-30 01:16:29.797 | INFO | FUTU_US | [DB CHECKPOINT] FUTU_US @ 157700
2026-07-30 01:16:29.857 | INFO | FUTU_HK | [FUTU_HK] 账户: 总资产=$823,936.69 现金=$635,296.69 证券=$188,640.00 冻结=$0.00 购买力=$635,296.69 (HKD)
2026-07-30 01:16:30.082 | INFO | FUTU_US | [DB CHECKPOINT] FUTU_US @ 157800
2026-07-30 01:16:30.485 | INFO | FUTU_US | [DB CHECKPOINT] FUTU_US @ 157900
2026-07-30 01:16:30.811 | INFO | FUTU_US | [DB CHECKPOINT] FUTU_US @ 158000
2026-07-30 01:16:31.033 | INFO | FUTU_US | [DB CHECKPOINT] FUTU_US @ 158100
2026-07-30 01:16:31.352 | INFO | FUTU_US | [DB CHECKPOINT] FUTU_US @ 158200
2026-07-30 01:16:31.730 | INFO | FUTU_US | [DB CHECKPOINT] FUTU_US @ 158300
2026-07-30 01:16:32.029 | INFO | FUTU_US | [DB CHECKPOINT] FUTU_US @ 158400
2026-07-30 01:16:32.384 | INFO | FUTU_US | [DB CHECKPOINT] FUTU_US @ 158500
2026-07-30 01:16:32.782 | INFO | FUTU_US | [DB CHECKPOINT] FUTU_US @ 158600
2026-07-30 01:16:33.193 | INFO | FUTU_US | [DB CHECKPOINT] FUTU_US @ 158700
2026-07-30 01:16:33.714 | INFO | FUTU_US | [DB CHECKPOINT] FUTU_US @ 158800
2026-07-30 01:16:34.139 | INFO | FUTU_US | [DB CHECKPOINT] FUTU_US @ 158900
2026-07-30 01:16:34.476 | INFO | FUTU_US | [DB CHECKPOINT] FUTU_US @ 159000
2026-07-30 01:16:34.746 | INFO | FUTU_US | [DB CHECKPOINT] FUTU_US @ 159100
2026-07-30 01:16:34.873 | INFO | FUTU_US | [FUTU_US] 账户: 总资产=$9,999,909.19 现金=$9,996,058.01 证券=$3,851.18 冻结=$0.00 购买力=$19,995,967.20 (USD)
2026-07-30 01:16:35.101 | INFO | FUTU_US | [DB CHECKPOINT] FUTU_US @ 159200
2026-07-30 01:16:35.358 | INFO | FUTU_US | [DB CHECKPOINT] FUTU_US @ 159300
2026-07-30 01:16:35.627 | INFO | FUTU_US | [DB CHECKPOINT] FUTU_US @ 159400
2026-07-30 01:16:35.879 | INFO | FUTU_HK | [FUTU_HK] 账户: 总资产=$823,936.69 现金=$635,296.69 证券=$188,640.00 冻结=$0.00 购买力=$635,296.69 (HKD)
2026-07-30 01:16:35.922 | INFO | FUTU_US | [DB CHECKPOINT] FUTU_US @ 159500
2026-07-30 01:16:36.126 | INFO | FUTU_US | [DB CHECKPOINT] FUTU_US @ 159600
2026-07-30 01:16:36.416 | INFO | FUTU_US | [DB CHECKPOINT] FUTU_US @ 159700
2026-07-30 01:16:36.667 | INFO | FUTU_US | [DB CHECKPOINT] FUTU_US @ 159800
2026-07-30 01:16:36.985 | INFO | FUTU_US | [DB CHECKPOINT] FUTU_US @ 159900
2026-07-30 01:16:37.348 | INFO | FUTU_US | [DB CHECKPOINT] FUTU_US @ 160000
2026-07-30 01:16:37.630 | INFO | FUTU_US | [DB CHECKPOINT] FUTU_US @ 160100
2026-07-30 01:16:37.943 | INFO | FUTU_US | [DB CHECKPOINT] FUTU_US @ 160200
2026-07-30 01:16:38.330 | INFO | FUTU_US | [DB CHECKPOINT] FUTU_US @ 160300
2026-07-30 01:16:38.686 | INFO | FUTU_US | [DB CHECKPOINT] FUTU_US @ 160400
2026-07-30 01:16:39.078 | INFO | FUTU_US | [DB CHECKPOINT] FUTU_US @ 160500
2026-07-30 01:16:39.426 | INFO | FUTU_US | [DB CHECKPOINT] FUTU_US @ 160600
2026-07-30 01:16:39.790 | INFO | FUTU_US | [DB CHECKPOINT] FUTU_US @ 160700
2026-07-30 01:16:40.026 | INFO | FUTU_US | [DB CHECKPOINT] FUTU_US @ 160800
2026-07-30 01:16:40.298 | INFO | FUTU_US | [DB CHECKPOINT] FUTU_US @ 160900
2026-07-30 01:16:40.584 | INFO | FUTU_US | [DB CHECKPOINT] FUTU_US @ 161000
2026-07-30 01:16:40.887 | INFO | FUTU_US | [FUTU_US] 账户: 总资产=$9,999,909.19 现金=$9,996,058.01 证券=$3,851.18 冻结=$0.00 购买力=$19,995,967.20 (USD)
2026-07-30 01:16:41.030 | INFO | FUTU_US | [DB CHECKPOINT] FUTU_US @ 161100
2026-07-30 01:16:41.554 | INFO | FUTU_US | [DB CHECKPOINT] FUTU_US @ 161200
2026-07-30 01:16:41.907 | INFO | FUTU_HK | [FUTU_HK] 账户: 总资产=$823,936.69 现金=$635,296.69 证券=$188,640.00 冻结=$0.00 购买力=$635,296.69 (HKD)
2026-07-30 01:16:42.045 | INFO | FUTU_US | [DB CHECKPOINT] FUTU_US @ 161300
2026-07-30 01:16:42.435 | INFO | FUTU_US | [DB CHECKPOINT] FUTU_US @ 161400
2026-07-30 01:16:42.876 | INFO | FUTU_US | [DB CHECKPOINT] FUTU_US @ 161500
2026-07-30 01:16:43.127 | INFO | FUTU_US | [DB CHECKPOINT] FUTU_US @ 161600
2026-07-30 01:16:43.211 | INFO | FUTU_US | [DB CHECKPOINT] FUTU_US @ 161700
2026-07-30 01:16:43.399 | INFO | FUTU_US | [DB CHECKPOINT] FUTU_US @ 161800
2026-07-30 01:16:43.687 | INFO | FUTU_US | [DB CHECKPOINT] FUTU_US @ 161900
2026-07-30 01:16:49.797 | INFO | FUTU_US | [DB CHECKPOINT] FUTU_US @ 162000
2026-07-30 01:16:53.122 | INFO | FUTU_US | [FUTU_US] 账户: 总资产=$9,999,909.19 现金=$9,996,058.01 证券=$3,851.18 冻结=$0.00 购买力=$19,995,967.20 (USD)
2026-07-30 01:16:53.455 | INFO | FUTU_US | [DB CHECKPOINT] FUTU_US @ 162100
2026-07-30 01:16:53.851 | INFO | FUTU_US | [DB CHECKPOINT] FUTU_US @ 162200
2026-07-30 01:16:54.211 | INFO | FUTU_US | [DB CHECKPOINT] FUTU_US @ 162300
2026-07-30 01:16:54.229 | INFO | FUTU_HK | [FUTU_HK] 账户: 总资产=$823,936.69 现金=$635,296.69 证券=$188,640.00 冻结=$0.00 购买力=$635,296.69 (HKD)
2026-07-30 01:16:54.888 | INFO | FUTU_US | [DB CHECKPOINT] FUTU_US @ 162400
2026-07-30 01:16:55.836 | INFO | FUTU_US | [DB CHECKPOINT] FUTU_US @ 162500
2026-07-30 01:16:56.118 | INFO | FUTU_US | [DB CHECKPOINT] FUTU_US @ 162600
2026-07-30 01:16:56.194 | INFO | FUTU_US | [DB CHECKPOINT] FUTU_US @ 162700
2026-07-30 01:16:56.287 | INFO | FUTU_US | [DB CHECKPOINT] FUTU_US @ 162800
2026-07-30 01:16:56.449 | INFO | FUTU_US | [DB CHECKPOINT] FUTU_US @ 162900
2026-07-30 01:16:56.520 | INFO | FUTU_US | [DB CHECKPOINT] FUTU_US @ 163000
2026-07-30 01:16:56.637 | INFO | FUTU_US | [DB CHECKPOINT] FUTU_US @ 163100
2026-07-30 01:16:56.764 | INFO | FUTU_US | [DB CHECKPOINT] FUTU_US @ 163200
2026-07-30 01:16:56.816 | INFO | FUTU_US | [DB CHECKPOINT] FUTU_US @ 163300
2026-07-30 01:16:57.005 | INFO | FUTU_US | [DB CHECKPOINT] FUTU_US @ 163400
2026-07-30 01:16:57.128 | INFO | FUTU_US | [DB CHECKPOINT] FUTU_US @ 163500
2026-07-30 01:16:57.227 | INFO | FUTU_US | [DB CHECKPOINT] FUTU_US @ 163600
2026-07-30 01:16:57.393 | INFO | FUTU_US | [DB CHECKPOINT] FUTU_US @ 163700
2026-07-30 01:16:57.468 | INFO | FUTU_US | [DB CHECKPOINT] FUTU_US @ 163800
2026-07-30 01:16:57.637 | INFO | FUTU_US | [DB CHECKPOINT] FUTU_US @ 163900
2026-07-30 01:16:58.009 | INFO | FUTU_US | [DB CHECKPOINT] FUTU_US @ 164000
2026-07-30 01:16:58.128 | INFO | FUTU_US | [DB CHECKPOINT] FUTU_US @ 164100
2026-07-30 01:16:58.286 | INFO | FUTU_US | [DB CHECKPOINT] FUTU_US @ 164200
2026-07-30 01:16:58.366 | INFO | FUTU_US | [FUTU_US] 账户: 总资产=$9,999,909.19 现金=$9,996,058.01 证券=$3,851.18 冻结=$0.00 购买力=$19,995,967.20 (USD)
2026-07-30 01:16:58.412 | INFO | FUTU_US | [DB CHECKPOINT] FUTU_US @ 164300
2026-07-30 01:16:58.559 | INFO | FUTU_US | [DB CHECKPOINT] FUTU_US @ 164400
2026-07-30 01:16:58.656 | INFO | FUTU_US | [DB CHECKPOINT] FUTU_US @ 164500
2026-07-30 01:16:58.780 | INFO | FUTU_US | [DB CHECKPOINT] FUTU_US @ 164600
2026-07-30 01:16:58.925 | INFO | FUTU_US | [DB CHECKPOINT] FUTU_US @ 164700
2026-07-30 01:16:59.171 | INFO | FUTU_US | [DB CHECKPOINT] FUTU_US @ 164800
2026-07-30 01:16:59.341 | INFO | FUTU_US | [DB CHECKPOINT] FUTU_US @ 164900
2026-07-30 01:16:59.366 | INFO | FUTU_HK | [FUTU_HK] 账户: 总资产=$823,936.69 现金=$635,296.69 证券=$188,640.00 冻结=$0.00 购买力=$635,296.69 (HKD)
2026-07-30 01:16:59.513 | INFO | FUTU_US | [DB CHECKPOINT] FUTU_US @ 165000
2026-07-30 01:16:59.667 | INFO | FUTU_US | [DB CHECKPOINT] FUTU_US @ 165100
2026-07-30 01:16:59.809 | INFO | FUTU_US | [DB CHECKPOINT] FUTU_US @ 165200
2026-07-30 01:16:59.949 | INFO | FUTU_US | [DB CHECKPOINT] FUTU_US @ 165300
2026-07-30 01:17:00.153 | INFO | FUTU_US | [DB CHECKPOINT] FUTU_US @ 165400
2026-07-30 01:17:00.385 | INFO | FUTU_US | [DB CHECKPOINT] FUTU_US @ 165500
2026-07-30 01:17:00.454 | INFO | FUTU_US | [DB CHECKPOINT] FUTU_US @ 165600
2026-07-30 01:17:00.650 | INFO | FUTU_US | [DB CHECKPOINT] FUTU_US @ 165700
2026-07-30 01:17:00.746 | INFO | FUTU_US | [DB CHECKPOINT] FUTU_US @ 165800
2026-07-30 01:17:00.964 | INFO | FUTU_US | [DB CHECKPOINT] FUTU_US @ 165900
2026-07-30 01:17:01.284 | INFO | FUTU_US | [DB CHECKPOINT] FUTU_US @ 166000
2026-07-30 01:17:01.640 | INFO | FUTU_US | [DB CHECKPOINT] FUTU_US @ 166100
2026-07-30 01:17:02.048 | INFO | FUTU_US | [DB CHECKPOINT] FUTU_US @ 166200
2026-07-30 01:17:02.238 | INFO | FUTU_US | [DB CHECKPOINT] FUTU_US @ 166300
2026-07-30 01:17:02.776 | INFO | FUTU_US | [DB CHECKPOINT] FUTU_US @ 166400
2026-07-30 01:17:02.906 | INFO | FUTU_US | [DB CHECKPOINT] FUTU_US @ 166500
2026-07-30 01:17:03.125 | INFO | FUTU_US | [DB CHECKPOINT] FUTU_US @ 166600
2026-07-30 01:17:03.349 | INFO | FUTU_US | [DB CHECKPOINT] FUTU_US @ 166700
2026-07-30 01:17:03.621 | INFO | FUTU_US | [DB CHECKPOINT] FUTU_US @ 166800
2026-07-30 01:17:03.742 | INFO | FUTU_US | [DB CHECKPOINT] FUTU_US @ 166900
2026-07-30 01:17:04.028 | INFO | FUTU_US | [DB CHECKPOINT] FUTU_US @ 167000
2026-07-30 01:17:04.389 | INFO | FUTU_US | [FUTU_US] 账户: 总资产=$9,999,912.61 现金=$9,996,058.01 证券=$3,854.60 冻结=$0.00 购买力=$19,995,970.62 (USD)
2026-07-30 01:17:04.478 | INFO | FUTU_US | [DB CHECKPOINT] FUTU_US @ 167100
2026-07-30 01:17:04.748 | INFO | FUTU_US | [DB CHECKPOINT] FUTU_US @ 167200
2026-07-30 01:17:05.741 | INFO | FUTU_HK | [FUTU_HK] 账户: 总资产=$823,936.69 现金=$635,296.69 证券=$188,640.00 冻结=$0.00 购买力=$635,296.69 (HKD)
2026-07-30 01:17:05.944 | INFO | FUTU_US | [DB CHECKPOINT] FUTU_US @ 167300
2026-07-30 01:17:06.511 | INFO | FUTU_US | [DB CHECKPOINT] FUTU_US @ 167400
2026-07-30 01:17:07.016 | INFO | FUTU_US | [DB CHECKPOINT] FUTU_US @ 167500
2026-07-30 01:17:07.496 | INFO | FUTU_US | [DB CHECKPOINT] FUTU_US @ 167600
2026-07-30 01:17:07.905 | INFO | FUTU_US | [DB CHECKPOINT] FUTU_US @ 167700
2026-07-30 01:17:08.382 | INFO | FUTU_US | [DB CHECKPOINT] FUTU_US @ 167800
2026-07-30 01:17:08.836 | INFO | FUTU_US | [DB CHECKPOINT] FUTU_US @ 167900
2026-07-30 01:17:09.383 | INFO | FUTU_US | [DB CHECKPOINT] FUTU_US @ 168000
2026-07-30 01:17:09.951 | INFO | FUTU_US | [DB CHECKPOINT] FUTU_US @ 168100
2026-07-30 01:17:10.430 | INFO | FUTU_US | [DB CHECKPOINT] FUTU_US @ 168200
2026-07-30 01:17:10.450 | INFO | FUTU_US | [FUTU_US] 账户: 总资产=$9,999,912.61 现金=$9,996,058.01 证券=$3,854.60 冻结=$0.00 购买力=$19,995,970.62 (USD)
2026-07-30 01:17:10.767 | INFO | FUTU_US | [DB CHECKPOINT] FUTU_US @ 168300
2026-07-30 01:17:11.207 | INFO | FUTU_US | [DB CHECKPOINT] FUTU_US @ 168400
2026-07-30 01:17:11.483 | INFO | FUTU_HK | [FUTU_HK] 账户: 总资产=$823,936.69 现金=$635,296.69 证券=$188,640.00 冻结=$0.00 购买力=$635,296.69 (HKD)
2026-07-30 01:17:11.651 | INFO | FUTU_US | [DB CHECKPOINT] FUTU_US @ 168500
2026-07-30 01:17:12.223 | INFO | FUTU_US | [DB CHECKPOINT] FUTU_US @ 168600
2026-07-30 01:17:12.713 | INFO | FUTU_US | [DB CHECKPOINT] FUTU_US @ 168700
2026-07-30 01:17:13.128 | INFO | FUTU_US | [DB CHECKPOINT] FUTU_US @ 168800
2026-07-30 01:17:13.583 | INFO | FUTU_US | [DB CHECKPOINT] FUTU_US @ 168900
2026-07-30 01:17:14.149 | INFO | FUTU_US | [DB CHECKPOINT] FUTU_US @ 169000
2026-07-30 01:17:14.718 | INFO | FUTU_US | [DB CHECKPOINT] FUTU_US @ 169100
2026-07-30 01:17:15.242 | INFO | FUTU_US | [DB CHECKPOINT] FUTU_US @ 169200
2026-07-30 01:17:15.564 | INFO | FUTU_US | [DB CHECKPOINT] FUTU_US @ 169300
2026-07-30 01:17:16.459 | INFO | FUTU_US | [FUTU_US] 账户: 总资产=$9,999,912.61 现金=$9,996,058.01 证券=$3,854.60 冻结=$0.00 购买力=$19,995,970.62 (USD)
2026-07-30 01:17:16.890 | INFO | FUTU_US | [DB CHECKPOINT] FUTU_US @ 169400
2026-07-30 01:17:17.362 | INFO | FUTU_US | [DB CHECKPOINT] FUTU_US @ 169500
2026-07-30 01:17:17.445 | INFO | FUTU_HK | [FUTU_HK] 账户: 总资产=$823,936.69 现金=$635,296.69 证券=$188,640.00 冻结=$0.00 购买力=$635,296.69 (HKD)
2026-07-30 01:17:17.869 | INFO | FUTU_US | [DB CHECKPOINT] FUTU_US @ 169600
2026-07-30 01:17:18.155 | INFO | FUTU_US | [DB CHECKPOINT] FUTU_US @ 169700
2026-07-30 01:17:18.606 | INFO | FUTU_US | [DB CHECKPOINT] FUTU_US @ 169800
2026-07-30 01:17:18.782 | INFO | FUTU_US | [DB CHECKPOINT] FUTU_US @ 169900
2026-07-30 01:17:19.075 | INFO | FUTU_US | [DB CHECKPOINT] FUTU_US @ 170000
2026-07-30 01:17:19.343 | INFO | FUTU_US | [DB CHECKPOINT] FUTU_US @ 170100
2026-07-30 01:17:19.692 | INFO | FUTU_US | [DB CHECKPOINT] FUTU_US @ 170200
2026-07-30 01:17:20.208 | INFO | FUTU_US | [DB CHECKPOINT] FUTU_US @ 170300
2026-07-30 01:17:20.546 | INFO | FUTU_US | [DB CHECKPOINT] FUTU_US @ 170400
2026-07-30 01:17:20.816 | INFO | FUTU_US | [DB CHECKPOINT] FUTU_US @ 170500
2026-07-30 01:17:21.160 | INFO | FUTU_US | [DB CHECKPOINT] FUTU_US @ 170600
2026-07-30 01:17:21.526 | INFO | FUTU_US | [DB CHECKPOINT] FUTU_US @ 170700
2026-07-30 01:17:21.704 | INFO | FUTU_US | [DB CHECKPOINT] FUTU_US @ 170800
2026-07-30 01:17:21.841 | INFO | FUTU_US | [DB CHECKPOINT] FUTU_US @ 170900
2026-07-30 01:17:22.164 | INFO | FUTU_US | [DB CHECKPOINT] FUTU_US @ 171000
2026-07-30 01:17:22.355 | INFO | FUTU_US | [DB CHECKPOINT] FUTU_US @ 171100
2026-07-30 01:17:22.461 | INFO | FUTU_US | [FUTU_US] 账户: 总资产=$9,999,912.61 现金=$9,996,058.01 证券=$3,854.60 冻结=$0.00 购买力=$19,995,970.62 (USD)
2026-07-30 01:17:22.667 | INFO | FUTU_US | [DB CHECKPOINT] FUTU_US @ 171200
2026-07-30 01:17:23.081 | INFO | FUTU_US | [DB CHECKPOINT] FUTU_US @ 171300
2026-07-30 01:17:23.446 | INFO | FUTU_HK | [FUTU_HK] 账户: 总资产=$823,936.69 现金=$635,296.69 证券=$188,640.00 冻结=$0.00 购买力=$635,296.69 (HKD)
2026-07-30 01:17:23.472 | INFO | FUTU_US | [DB CHECKPOINT] FUTU_US @ 171400
2026-07-30 01:17:23.818 | INFO | FUTU_US | [DB CHECKPOINT] FUTU_US @ 171500
2026-07-30 01:17:24.247 | INFO | FUTU_US | [DB CHECKPOINT] FUTU_US @ 171600
2026-07-30 01:17:24.417 | INFO | FUTU_US | [DB CHECKPOINT] FUTU_US @ 171700
2026-07-30 01:17:24.539 | INFO | FUTU_US | [DB CHECKPOINT] FUTU_US @ 171800
2026-07-30 01:17:24.738 | INFO | FUTU_US | [DB CHECKPOINT] FUTU_US @ 171900
2026-07-30 01:17:24.987 | INFO | FUTU_US | [DB CHECKPOINT] FUTU_US @ 172000
2026-07-30 01:17:25.563 | INFO | FUTU_US | [DB CHECKPOINT] FUTU_US @ 172100
2026-07-30 01:17:25.904 | INFO | FUTU_US | [DB CHECKPOINT] FUTU_US @ 172200
2026-07-30 01:17:26.384 | INFO | FUTU_US | [DB CHECKPOINT] FUTU_US @ 172300
2026-07-30 01:17:26.830 | INFO | FUTU_US | [DB CHECKPOINT] FUTU_US @ 172400
2026-07-30 01:17:27.393 | INFO | FUTU_US | [DB CHECKPOINT] FUTU_US @ 172500
2026-07-30 01:17:27.972 | INFO | FUTU_US | [DB CHECKPOINT] FUTU_US @ 172600
2026-07-30 01:17:28.524 | INFO | FUTU_US | [FUTU_US] 账户: 总资产=$9,999,912.61 现金=$9,996,058.01 证券=$3,854.60 冻结=$0.00 购买力=$19,995,970.62 (USD)
2026-07-30 01:17:28.689 | INFO | FUTU_US | [DB CHECKPOINT] FUTU_US @ 172700
2026-07-30 01:17:29.838 | INFO | FUTU_HK | [FUTU_HK] 账户: 总资产=$823,936.69 现金=$635,296.69 证券=$188,640.00 冻结=$0.00 购买力=$635,296.69 (HKD)
2026-07-30 01:17:30.042 | INFO | FUTU_US | [DB CHECKPOINT] FUTU_US @ 172800
2026-07-30 01:17:30.593 | INFO | FUTU_US | [DB CHECKPOINT] FUTU_US @ 172900
2026-07-30 01:17:31.244 | INFO | FUTU_US | [DB CHECKPOINT] FUTU_US @ 173000
2026-07-30 01:17:31.783 | INFO | FUTU_US | [DB CHECKPOINT] FUTU_US @ 173100
2026-07-30 01:17:32.324 | INFO | FUTU_US | [DB CHECKPOINT] FUTU_US @ 173200
2026-07-30 01:17:32.936 | INFO | FUTU_US | [DB CHECKPOINT] FUTU_US @ 173300
2026-07-30 01:17:40.999 | INFO | FUTU_US | [FUTU_US] 账户: 总资产=$9,999,916.61 现金=$9,996,058.01 证券=$3,858.60 冻结=$0.00 购买力=$19,995,974.62 (USD)
2026-07-30 01:17:41.859 | INFO | FUTU_HK | [FUTU_HK] 账户: 总资产=$823,936.69 现金=$635,296.69 证券=$188,640.00 冻结=$0.00 购买力=$635,296.69 (HKD)
2026-07-30 01:17:44.165 | INFO | FUTU_US | [DB CHECKPOINT] FUTU_US @ 173400
2026-07-30 01:17:45.684 | INFO | FUTU_US | [DB CHECKPOINT] FUTU_US @ 173500
2026-07-30 01:17:46.023 | INFO | FUTU_US | [DB CHECKPOINT] FUTU_US @ 173600
2026-07-30 01:17:46.028 | INFO | FUTU_US | [FUTU_US] 账户: 总资产=$9,999,916.61 现金=$9,996,058.01 证券=$3,858.60 冻结=$0.00 购买力=$19,995,974.62 (USD)
2026-07-30 01:17:46.445 | INFO | FUTU_US | [DB CHECKPOINT] FUTU_US @ 173700
2026-07-30 01:17:46.864 | INFO | FUTU_US | [DB CHECKPOINT] FUTU_US @ 173800
2026-07-30 01:17:47.046 | INFO | FUTU_HK | [FUTU_HK] 账户: 总资产=$823,936.69 现金=$635,296.69 证券=$188,640.00 冻结=$0.00 购买力=$635,296.69 (HKD)
2026-07-30 01:17:47.372 | INFO | FUTU_US | [DB CHECKPOINT] FUTU_US @ 173900
2026-07-30 01:17:47.922 | INFO | FUTU_US | [DB CHECKPOINT] FUTU_US @ 174000
2026-07-30 01:17:48.174 | INFO | FUTU_US | [DB CHECKPOINT] FUTU_US @ 174100
2026-07-30 01:17:48.516 | INFO | FUTU_US | [DB CHECKPOINT] FUTU_US @ 174200
2026-07-30 01:17:49.305 | INFO | FUTU_US | [DB CHECKPOINT] FUTU_US @ 174300
2026-07-30 01:17:49.880 | INFO | FUTU_US | [DB CHECKPOINT] FUTU_US @ 174400
2026-07-30 01:17:50.370 | INFO | FUTU_US | [DB CHECKPOINT] FUTU_US @ 174500
2026-07-30 01:17:50.785 | INFO | FUTU_US | [DB CHECKPOINT] FUTU_US @ 174600
2026-07-30 01:17:51.497 | INFO | FUTU_US | [DB CHECKPOINT] FUTU_US @ 174700
2026-07-30 01:17:52.037 | INFO | FUTU_US | [FUTU_US] 账户: 总资产=$9,999,916.61 现金=$9,996,058.01 证券=$3,858.60 冻结=$0.00 购买力=$19,995,974.62 (USD)
2026-07-30 01:17:52.148 | INFO | FUTU_US | [DB CHECKPOINT] FUTU_US @ 174800
2026-07-30 01:17:52.617 | INFO | FUTU_US | [DB CHECKPOINT] FUTU_US @ 174900
2026-07-30 01:17:52.752 | INFO | FUTU_US | [DB CHECKPOINT] FUTU_US @ 175000
2026-07-30 01:17:53.021 | INFO | FUTU_US | [DB CHECKPOINT] FUTU_US @ 175100
2026-07-30 01:17:53.199 | INFO | FUTU_HK | [FUTU_HK] 账户: 总资产=$823,936.69 现金=$635,296.69 证券=$188,640.00 冻结=$0.00 购买力=$635,296.69 (HKD)
2026-07-30 01:17:53.229 | INFO | FUTU_US | [DB CHECKPOINT] FUTU_US @ 175200
2026-07-30 01:17:53.406 | INFO | FUTU_US | [DB CHECKPOINT] FUTU_US @ 175300
2026-07-30 01:17:53.566 | INFO | FUTU_US | [DB CHECKPOINT] FUTU_US @ 175400
2026-07-30 01:17:53.739 | INFO | FUTU_US | [DB CHECKPOINT] FUTU_US @ 175500
2026-07-30 01:17:53.838 | INFO | FUTU_US | [DB CHECKPOINT] FUTU_US @ 175600
2026-07-30 01:17:54.050 | INFO | FUTU_US | [DB CHECKPOINT] FUTU_US @ 175700
2026-07-30 01:17:54.231 | INFO | FUTU_US | [DB CHECKPOINT] FUTU_US @ 175800
2026-07-30 01:17:54.390 | INFO | FUTU_US | [DB CHECKPOINT] FUTU_US @ 175900
2026-07-30 01:17:54.583 | INFO | FUTU_US | [DB CHECKPOINT] FUTU_US @ 176000
2026-07-30 01:17:54.723 | INFO | FUTU_US | [DB CHECKPOINT] FUTU_US @ 176100
2026-07-30 01:17:54.951 | INFO | FUTU_US | [DB CHECKPOINT] FUTU_US @ 176200
2026-07-30 01:17:55.063 | INFO | FUTU_US | [DB CHECKPOINT] FUTU_US @ 176300
2026-07-30 01:17:55.337 | INFO | FUTU_US | [DB CHECKPOINT] FUTU_US @ 176400
2026-07-30 01:17:55.692 | INFO | FUTU_US | [DB CHECKPOINT] FUTU_US @ 176500
2026-07-30 01:17:56.085 | INFO | FUTU_US | [DB CHECKPOINT] FUTU_US @ 176600
2026-07-30 01:17:56.471 | INFO | FUTU_US | [DB CHECKPOINT] FUTU_US @ 176700
2026-07-30 01:17:56.907 | INFO | FUTU_US | [DB CHECKPOINT] FUTU_US @ 176800
2026-07-30 01:17:57.335 | INFO | FUTU_US | [DB CHECKPOINT] FUTU_US @ 176900
2026-07-30 01:17:57.921 | INFO | FUTU_US | [DB CHECKPOINT] FUTU_US @ 177000
2026-07-30 01:17:58.057 | INFO | FUTU_US | [FUTU_US] 账户: 总资产=$9,999,916.61 现金=$9,996,058.01 证券=$3,858.60 冻结=$0.00 购买力=$19,995,974.62 (USD)
2026-07-30 01:17:58.412 | INFO | FUTU_US | [DB CHECKPOINT] FUTU_US @ 177100
2026-07-30 01:17:58.941 | INFO | FUTU_US | [DB CHECKPOINT] FUTU_US @ 177200
2026-07-30 01:17:59.173 | INFO | FUTU_HK | [FUTU_HK] 账户: 总资产=$823,936.69 现金=$635,296.69 证券=$188,640.00 冻结=$0.00 购买力=$635,296.69 (HKD)
2026-07-30 01:17:59.403 | INFO | FUTU_US | [DB CHECKPOINT] FUTU_US @ 177300
2026-07-30 01:17:59.805 | INFO | FUTU_US | [DB CHECKPOINT] FUTU_US @ 177400
2026-07-30 01:18:00.412 | INFO | FUTU_US | [DB CHECKPOINT] FUTU_US @ 177500
2026-07-30 01:18:01.103 | INFO | FUTU_US | [DB CHECKPOINT] FUTU_US @ 177600
2026-07-30 01:18:01.607 | INFO | FUTU_US | [DB CHECKPOINT] FUTU_US @ 177700
2026-07-30 01:18:02.180 | INFO | FUTU_US | [DB CHECKPOINT] FUTU_US @ 177800
2026-07-30 01:18:03.410 | INFO | FUTU_US | [DB CHECKPOINT] FUTU_US @ 177900
2026-07-30 01:18:03.990 | INFO | FUTU_US | [DB CHECKPOINT] FUTU_US @ 178000
2026-07-30 01:18:04.122 | INFO | FUTU_US | [FUTU_US] 账户: 总资产=$9,999,916.61 现金=$9,996,058.01 证券=$3,858.60 冻结=$0.00 购买力=$19,995,974.62 (USD)
2026-07-30 01:18:04.700 | INFO | FUTU_US | [DB CHECKPOINT] FUTU_US @ 178100
2026-07-30 01:18:05.192 | INFO | FUTU_HK | [FUTU_HK] 账户: 总资产=$823,936.69 现金=$635,296.69 证券=$188,640.00 冻结=$0.00 购买力=$635,296.69 (HKD)
2026-07-30 01:18:05.368 | INFO | FUTU_US | [DB CHECKPOINT] FUTU_US @ 178200
2026-07-30 01:18:05.965 | INFO | FUTU_US | [DB CHECKPOINT] FUTU_US @ 178300
2026-07-30 01:18:06.448 | INFO | FUTU_US | [DB CHECKPOINT] FUTU_US @ 178400
2026-07-30 01:18:06.968 | INFO | FUTU_US | [DB CHECKPOINT] FUTU_US @ 178500
2026-07-30 01:18:07.374 | INFO | FUTU_US | [DB CHECKPOINT] FUTU_US @ 178600
2026-07-30 01:18:07.646 | INFO | FUTU_US | [DB CHECKPOINT] FUTU_US @ 178700
2026-07-30 01:18:08.117 | INFO | FUTU_US | [DB CHECKPOINT] FUTU_US @ 178800
2026-07-30 01:18:08.530 | INFO | FUTU_US | [DB CHECKPOINT] FUTU_US @ 178900
2026-07-30 01:18:09.136 | INFO | FUTU_US | [DB CHECKPOINT] FUTU_US @ 179000
2026-07-30 01:18:09.497 | INFO | FUTU_US | [DB CHECKPOINT] FUTU_US @ 179100
2026-07-30 01:18:09.968 | INFO | FUTU_US | [DB CHECKPOINT] FUTU_US @ 179200
2026-07-30 01:18:10.102 | INFO | FUTU_US | [FUTU_US] 账户: 总资产=$9,999,916.61 现金=$9,996,058.01 证券=$3,858.60 冻结=$0.00 购买力=$19,995,974.62 (USD)
2026-07-30 01:18:10.350 | INFO | FUTU_US | [DB CHECKPOINT] FUTU_US @ 179300
2026-07-30 01:18:10.847 | INFO | FUTU_US | [DB CHECKPOINT] FUTU_US @ 179400
2026-07-30 01:18:11.160 | INFO | FUTU_HK | [FUTU_HK] 账户: 总资产=$823,936.69 现金=$635,296.69 证券=$188,640.00 冻结=$0.00 购买力=$635,296.69 (HKD)
2026-07-30 01:18:11.214 | INFO | FUTU_US | [DB CHECKPOINT] FUTU_US @ 179500
2026-07-30 01:18:11.673 | INFO | FUTU_US | [DB CHECKPOINT] FUTU_US @ 179600
2026-07-30 01:18:12.170 | INFO | FUTU_US | [DB CHECKPOINT] FUTU_US @ 179700
2026-07-30 01:18:12.828 | INFO | FUTU_US | [DB CHECKPOINT] FUTU_US @ 179800
2026-07-30 01:18:13.914 | INFO | FUTU_US | [DB CHECKPOINT] FUTU_US @ 179900
2026-07-30 01:18:14.458 | INFO | FUTU_US | [DB CHECKPOINT] FUTU_US @ 180000
2026-07-30 01:18:14.866 | INFO | FUTU_US | [DB CHECKPOINT] FUTU_US @ 180100
2026-07-30 01:18:15.575 | INFO | FUTU_US | [DB CHECKPOINT] FUTU_US @ 180200
2026-07-30 01:18:16.151 | INFO | FUTU_US | [FUTU_US] 账户: 总资产=$9,999,916.61 现金=$9,996,058.01 证券=$3,858.60 冻结=$0.00 购买力=$19,995,974.62 (USD)
2026-07-30 01:18:16.333 | INFO | FUTU_US | [DB CHECKPOINT] FUTU_US @ 180300
2026-07-30 01:18:16.912 | INFO | FUTU_US | [DB CHECKPOINT] FUTU_US @ 180400
2026-07-30 01:18:17.132 | INFO | FUTU_US | [DB CHECKPOINT] FUTU_US @ 180500
2026-07-30 01:18:17.274 | INFO | FUTU_HK | [FUTU_HK] 账户: 总资产=$823,936.69 现金=$635,296.69 证券=$188,640.00 冻结=$0.00 购买力=$635,296.69 (HKD)
2026-07-30 01:18:17.832 | INFO | FUTU_US | [DB CHECKPOINT] FUTU_US @ 180600
2026-07-30 01:18:18.585 | INFO | FUTU_US | [DB CHECKPOINT] FUTU_US @ 180700
2026-07-30 01:18:18.904 | INFO | FUTU_US | [DB CHECKPOINT] FUTU_US @ 180800
2026-07-30 01:18:19.318 | INFO | FUTU_US | [DB CHECKPOINT] FUTU_US @ 180900
2026-07-30 01:18:19.651 | INFO | FUTU_US | [DB CHECKPOINT] FUTU_US @ 181000
2026-07-30 01:18:20.037 | INFO | FUTU_US | [DB CHECKPOINT] FUTU_US @ 181100
2026-07-30 01:18:20.519 | INFO | FUTU_US | [DB CHECKPOINT] FUTU_US @ 181200
2026-07-30 01:18:20.989 | INFO | FUTU_US | [DB CHECKPOINT] FUTU_US @ 181300
2026-07-30 01:18:21.448 | INFO | FUTU_US | [DB CHECKPOINT] FUTU_US @ 181400
2026-07-30 01:18:21.675 | INFO | FUTU_US | [DB CHECKPOINT] FUTU_US @ 181500
2026-07-30 01:18:22.110 | INFO | FUTU_US | [FUTU_US] 账户: 总资产=$9,999,916.61 现金=$9,996,058.01 证券=$3,858.60 冻结=$0.00 购买力=$19,995,974.62 (USD)
2026-07-30 01:18:22.178 | INFO | FUTU_US | [DB CHECKPOINT] FUTU_US @ 181600
2026-07-30 01:18:22.735 | INFO | FUTU_US | [DB CHECKPOINT] FUTU_US @ 181700
2026-07-30 01:18:23.458 | INFO | FUTU_US | [DB CHECKPOINT] FUTU_US @ 181800
2026-07-30 01:18:23.717 | INFO | FUTU_HK | [FUTU_HK] 账户: 总资产=$823,936.69 现金=$635,296.69 证券=$188,640.00 冻结=$0.00 购买力=$635,296.69 (HKD)
2026-07-30 01:18:24.114 | INFO | FUTU_US | [DB CHECKPOINT] FUTU_US @ 181900
2026-07-30 01:18:24.677 | INFO | FUTU_US | [DB CHECKPOINT] FUTU_US @ 182000
2026-07-30 01:18:24.995 | INFO | FUTU_US | [DB CHECKPOINT] FUTU_US @ 182100
2026-07-30 01:18:25.285 | INFO | FUTU_US | [DB CHECKPOINT] FUTU_US @ 182200
2026-07-30 01:18:25.589 | INFO | FUTU_US | [DB CHECKPOINT] FUTU_US @ 182300
2026-07-30 01:18:26.034 | INFO | FUTU_US | [DB CHECKPOINT] FUTU_US @ 182400
2026-07-30 01:18:26.499 | INFO | FUTU_US | [DB CHECKPOINT] FUTU_US @ 182500
2026-07-30 01:18:26.964 | INFO | FUTU_US | [DB CHECKPOINT] FUTU_US @ 182600
2026-07-30 01:18:27.379 | INFO | FUTU_US | [DB CHECKPOINT] FUTU_US @ 182700
2026-07-30 01:18:27.571 | INFO | FUTU_US | [DB CHECKPOINT] FUTU_US @ 182800
2026-07-30 01:18:27.834 | INFO | FUTU_US | [DB CHECKPOINT] FUTU_US @ 182900
2026-07-30 01:18:28.181 | INFO | FUTU_US | [FUTU_US] 账户: 总资产=$9,999,916.61 现金=$9,996,058.01 证券=$3,858.60 冻结=$0.00 购买力=$19,995,974.62 (USD)
2026-07-30 01:18:28.442 | INFO | FUTU_US | [DB CHECKPOINT] FUTU_US @ 183000
2026-07-30 01:18:29.005 | INFO | FUTU_US | [DB CHECKPOINT] FUTU_US @ 183100
2026-07-30 01:18:29.370 | INFO | FUTU_HK | [FUTU_HK] 账户: 总资产=$823,936.69 现金=$635,296.69 证券=$188,640.00 冻结=$0.00 购买力=$635,296.69 (HKD)
2026-07-30 01:18:29.773 | INFO | FUTU_US | [DB CHECKPOINT] FUTU_US @ 183200
2026-07-30 01:18:30.476 | INFO | FUTU_US | [DB CHECKPOINT] FUTU_US @ 183300
2026-07-30 01:18:41.416 | INFO | FUTU_US | [FUTU_US] 账户: 总资产=$9,999,916.61 现金=$9,996,058.01 证券=$3,858.60 冻结=$0.00 购买力=$19,995,974.62 (USD)
2026-07-30 01:18:42.432 | INFO | FUTU_HK | [FUTU_HK] 账户: 总资产=$823,936.69 现金=$635,296.69 证券=$188,640.00 冻结=$0.00 购买力=$635,296.69 (HKD)
2026-07-30 01:18:44.497 | INFO | FUTU_US | [DB CHECKPOINT] FUTU_US @ 183400
2026-07-30 01:18:44.958 | INFO | FUTU_US | [DB CHECKPOINT] FUTU_US @ 183500
2026-07-30 01:18:45.377 | INFO | FUTU_US | [DB CHECKPOINT] FUTU_US @ 183600
2026-07-30 01:18:45.702 | INFO | FUTU_US | [DB CHECKPOINT] FUTU_US @ 183700
2026-07-30 01:18:46.970 | INFO | FUTU_US | [FUTU_US] 账户: 总资产=$9,999,916.61 现金=$9,996,058.01 证券=$3,858.60 冻结=$0.00 购买力=$19,995,974.62 (USD)
2026-07-30 01:18:47.240 | INFO | FUTU_US | [DB CHECKPOINT] FUTU_US @ 183800
2026-07-30 01:18:47.672 | INFO | FUTU_HK | [FUTU_HK] 账户: 总资产=$823,936.69 现金=$635,296.69 证券=$188,640.00 冻结=$0.00 购买力=$635,296.69 (HKD)
2026-07-30 01:18:47.927 | INFO | FUTU_US | [DB CHECKPOINT] FUTU_US @ 183900
2026-07-30 01:18:48.163 | INFO | FUTU_US | [DB CHECKPOINT] FUTU_US @ 184000
2026-07-30 01:18:48.530 | INFO | FUTU_US | [DB CHECKPOINT] FUTU_US @ 184100
2026-07-30 01:18:49.319 | INFO | FUTU_US | [DB CHECKPOINT] FUTU_US @ 184200
2026-07-30 01:18:49.787 | INFO | FUTU_US | [DB CHECKPOINT] FUTU_US @ 184300
2026-07-30 01:18:50.311 | INFO | FUTU_US | [DB CHECKPOINT] FUTU_US @ 184400
2026-07-30 01:18:50.803 | INFO | FUTU_US | [DB CHECKPOINT] FUTU_US @ 184500
2026-07-30 01:18:51.268 | INFO | FUTU_US | [DB CHECKPOINT] FUTU_US @ 184600
2026-07-30 01:18:51.844 | INFO | FUTU_US | [DB CHECKPOINT] FUTU_US @ 184700
2026-07-30 01:18:52.157 | INFO | FUTU_US | [DB CHECKPOINT] FUTU_US @ 184800
2026-07-30 01:18:52.437 | INFO | FUTU_US | [DB CHECKPOINT] FUTU_US @ 184900
2026-07-30 01:18:52.671 | INFO | FUTU_US | [FUTU_US] 账户: 总资产=$9,999,916.61 现金=$9,996,058.01 证券=$3,858.60 冻结=$0.00 购买力=$19,995,974.62 (USD)
2026-07-30 01:18:52.858 | INFO | FUTU_US | [DB CHECKPOINT] FUTU_US @ 185000
2026-07-30 01:18:53.435 | INFO | FUTU_US | [DB CHECKPOINT] FUTU_US @ 185100
2026-07-30 01:18:53.661 | INFO | FUTU_HK | [FUTU_HK] 账户: 总资产=$823,936.69 现金=$635,296.69 证券=$188,640.00 冻结=$0.00 购买力=$635,296.69 (HKD)
2026-07-30 01:18:53.875 | INFO | FUTU_US | [DB CHECKPOINT] FUTU_US @ 185200
2026-07-30 01:18:54.294 | INFO | FUTU_US | [DB CHECKPOINT] FUTU_US @ 185300
2026-07-30 01:18:54.761 | INFO | FUTU_US | [DB CHECKPOINT] FUTU_US @ 185400
2026-07-30 01:18:55.273 | INFO | FUTU_US | [DB CHECKPOINT] FUTU_US @ 185500
2026-07-30 01:18:55.607 | INFO | FUTU_US | [DB CHECKPOINT] FUTU_US @ 185600
2026-07-30 01:18:56.042 | INFO | FUTU_US | [DB CHECKPOINT] FUTU_US @ 185700
2026-07-30 01:18:56.580 | INFO | FUTU_US | [DB CHECKPOINT] FUTU_US @ 185800
2026-07-30 01:18:57.286 | INFO | FUTU_US | [DB CHECKPOINT] FUTU_US @ 185900
2026-07-30 01:18:57.824 | INFO | FUTU_US | [DB CHECKPOINT] FUTU_US @ 186000
2026-07-30 01:18:58.087 | INFO | FUTU_US | [DB CHECKPOINT] FUTU_US @ 186100
2026-07-30 01:18:58.870 | INFO | FUTU_US | [FUTU_US] 账户: 总资产=$9,999,916.61 现金=$9,996,058.01 证券=$3,858.60 冻结=$0.00 购买力=$19,995,974.62 (USD)
2026-07-30 01:18:58.912 | INFO | FUTU_US | [DB CHECKPOINT] FUTU_US @ 186200
2026-07-30 01:18:59.179 | INFO | FUTU_US | [DB CHECKPOINT] FUTU_US @ 186300
2026-07-30 01:18:59.658 | INFO | FUTU_HK | [FUTU_HK] 账户: 总资产=$823,936.69 现金=$635,296.69 证券=$188,640.00 冻结=$0.00 购买力=$635,296.69 (HKD)
2026-07-30 01:18:59.658 | INFO | FUTU_US | [DB CHECKPOINT] FUTU_US @ 186400
2026-07-30 01:19:00.180 | INFO | FUTU_US | [DB CHECKPOINT] FUTU_US @ 186500
2026-07-30 01:19:00.544 | INFO | FUTU_US | [DB CHECKPOINT] FUTU_US @ 186600
2026-07-30 01:19:00.998 | INFO | FUTU_US | [DB CHECKPOINT] FUTU_US @ 186700
2026-07-30 01:19:01.388 | INFO | FUTU_US | [DB CHECKPOINT] FUTU_US @ 186800
2026-07-30 01:19:01.726 | INFO | FUTU_US | [DB CHECKPOINT] FUTU_US @ 186900
2026-07-30 01:19:01.906 | INFO | FUTU_US | [DB CHECKPOINT] FUTU_US @ 187000
2026-07-30 01:19:02.207 | INFO | FUTU_US | [DB CHECKPOINT] FUTU_US @ 187100
2026-07-30 01:19:02.449 | INFO | FUTU_US | [DB CHECKPOINT] FUTU_US @ 187200
2026-07-30 01:19:02.622 | INFO | FUTU_US | [DB CHECKPOINT] FUTU_US @ 187300
2026-07-30 01:19:02.809 | INFO | FUTU_US | [DB CHECKPOINT] FUTU_US @ 187400
2026-07-30 01:19:02.928 | INFO | FUTU_US | [DB CHECKPOINT] FUTU_US @ 187500
2026-07-30 01:19:03.075 | INFO | FUTU_US | [DB CHECKPOINT] FUTU_US @ 187600
2026-07-30 01:19:03.225 | INFO | FUTU_US | [DB CHECKPOINT] FUTU_US @ 187700
2026-07-30 01:19:03.395 | INFO | FUTU_US | [DB CHECKPOINT] FUTU_US @ 187800
2026-07-30 01:19:03.476 | INFO | FUTU_US | [DB CHECKPOINT] FUTU_US @ 187900
2026-07-30 01:19:03.620 | INFO | FUTU_US | [DB CHECKPOINT] FUTU_US @ 188000
2026-07-30 01:19:03.762 | INFO | FUTU_US | [DB CHECKPOINT] FUTU_US @ 188100
2026-07-30 01:19:03.937 | INFO | FUTU_US | [DB CHECKPOINT] FUTU_US @ 188200
2026-07-30 01:19:04.146 | INFO | FUTU_US | [DB CHECKPOINT] FUTU_US @ 188300
2026-07-30 01:34:09.772 | INFO | FUTU_US | [FUTU_US] 行情接口连接成功（含多周期K线+TICKER）
2026-07-30 01:34:09.785 | INFO | FUTU_US | [FUTU_US] 交易接口解锁提示: 请使用OpenD页面右上角解锁按钮解锁交易，GUI版本OpenD已屏蔽解锁接口
2026-07-30 01:34:09.789 | INFO | FUTU_US | [FUTU_US] 账户列表 (共 2 个):
2026-07-30 01:34:09.790 | INFO | FUTU_US |   acc_id=281756478840044880 env=REAL type=MARGIN sim_type=N/A status=ACTIVE
2026-07-30 01:34:09.790 | INFO | FUTU_US |   acc_id=20074546 env=SIMULATE type=MARGIN sim_type=STOCK_AND_OPTION status=ACTIVE
2026-07-30 01:34:09.790 | INFO | FUTU_US | [FUTU_US] ✅ 选中: 美股模拟(股票+期权) acc_id=20074546
2026-07-30 01:34:09.790 | INFO | FUTU_US | [FUTU_US] 交易接口连接成功 (最终 acc_id=20074546)
2026-07-30 01:34:09.790 | INFO | FUTU_US | [FUTU_US] 警告：main_engine 为 None，无法自注册
2026-07-30 01:34:09.821 | INFO | FUTU_US | [FUTU_US] ✅ Tick 落盘监听器已注册 (EVENT_TICK)
2026-07-30 01:34:09.826 | INFO | FUTU_HK | [FUTU_HK] 行情接口连接成功（含多周期K线+TICKER）
2026-07-30 01:34:09.837 | INFO | FUTU_HK | [FUTU_HK] 交易接口解锁提示: 请使用OpenD页面右上角解锁按钮解锁交易，GUI版本OpenD已屏蔽解锁接口
2026-07-30 01:34:09.842 | INFO | FUTU_HK | [FUTU_HK] 账户列表 (共 3 个):
2026-07-30 01:34:09.843 | INFO | FUTU_HK |   acc_id=281756478840044880 env=REAL type=MARGIN sim_type=N/A status=ACTIVE
2026-07-30 01:34:09.843 | INFO | FUTU_HK |   acc_id=19110066 env=SIMULATE type=CASH sim_type=STOCK status=ACTIVE
2026-07-30 01:34:09.844 | INFO | FUTU_HK |   acc_id=19110071 env=SIMULATE type=MARGIN sim_type=OPTION status=ACTIVE
2026-07-30 01:34:09.844 | INFO | FUTU_HK | [FUTU_HK] ⚠️ 降级现金模拟 acc_id=19110066
2026-07-30 01:34:09.846 | INFO | FUTU_HK | [FUTU_HK] 交易接口连接成功 (最终 acc_id=19110066)
2026-07-30 01:34:09.846 | INFO | FUTU_HK | [FUTU_HK] 警告：main_engine 为 None，无法自注册
2026-07-30 01:34:10.658 | INFO | CtaStrategy | CTA策略引擎初始化成功
2026-07-30 01:34:10.809 | INFO | CtaStrategy | CTA策略引擎初始化成功
2026-07-30 01:34:21.513 | INFO | FUTU_HK | [FUTU_HK] 合约查询完成: 21367 个
2026-07-30 01:34:21.518 | INFO | FUTU_HK | [FUTU_HK] 查询成交失败: 模拟交易不支持成交数据
2026-07-30 01:34:21.540 | INFO | FUTU_HK | [FUTU_HK] 调试 accinfo 字段: ['power', 'max_power_short', 'net_cash_power', 'total_assets', 'securities_assets', 'fund_assets', 'bond_assets', 'cash', 'market_val', 'long_mv', 'short_mv', 'pending_asset', 'interest_charged_amount', 'frozen_cash', 'avl_withdrawal_cash', 'max_withdrawal', 'currency', 'available_funds', 'unrealized_pl', 'realized_pl', 'risk_level', 'risk_status', 'initial_margin', 'margin_call_margin', 'maintenance_margin', 'hk_cash', 'hk_avl_withdrawal_cash', 'hkd_net_cash_power', 'hkd_assets', 'us_cash', 'us_avl_withdrawal_cash', 'usd_net_cash_power', 'usd_assets', 'cn_cash', 'cn_avl_withdrawal_cash', 'cnh_net_cash_power', 'cnh_assets', 'jp_cash', 'jp_avl_withdrawal_cash', 'jpy_net_cash_power', 'jpy_assets', 'sg_cash', 'sg_avl_withdrawal_cash', 'sgd_net_cash_power', 'sgd_assets', 'au_cash', 'au_avl_withdrawal_cash', 'aud_net_cash_power', 'aud_assets', 'ca_cash', 'ca_avl_withdrawal_cash', 'cad_net_cash_power', 'cad_assets', 'my_cash', 'my_avl_withdrawal_cash', 'myr_net_cash_power', 'myr_assets', 'is_pdt', 'pdt_seq', 'beginning_dtbp', 'remaining_dtbp', 'dt_call_amount', 'dt_status']
2026-07-30 01:34:21.540 | INFO | FUTU_HK | [FUTU_HK] 账户: 总资产=$823,936.69 现金=$635,296.69 证券=$188,640.00 冻结=$0.00 购买力=$635,296.69 (HKD)
2026-07-30 01:34:23.263 | INFO | FUTU_US | [FUTU_US] 合约查询完成: 20579 个
2026-07-30 01:34:23.269 | INFO | FUTU_US | [FUTU_US] 查询成交失败: 模拟交易不支持成交数据
2026-07-30 01:34:23.293 | INFO | FUTU_US | [FUTU_US] 调试 accinfo 字段: ['power', 'max_power_short', 'net_cash_power', 'total_assets', 'securities_assets', 'fund_assets', 'bond_assets', 'cash', 'market_val', 'long_mv', 'short_mv', 'pending_asset', 'interest_charged_amount', 'frozen_cash', 'avl_withdrawal_cash', 'max_withdrawal', 'currency', 'available_funds', 'unrealized_pl', 'realized_pl', 'risk_level', 'risk_status', 'initial_margin', 'margin_call_margin', 'maintenance_margin', 'hk_cash', 'hk_avl_withdrawal_cash', 'hkd_net_cash_power', 'hkd_assets', 'us_cash', 'us_avl_withdrawal_cash', 'usd_net_cash_power', 'usd_assets', 'cn_cash', 'cn_avl_withdrawal_cash', 'cnh_net_cash_power', 'cnh_assets', 'jp_cash', 'jp_avl_withdrawal_cash', 'jpy_net_cash_power', 'jpy_assets', 'sg_cash', 'sg_avl_withdrawal_cash', 'sgd_net_cash_power', 'sgd_assets', 'au_cash', 'au_avl_withdrawal_cash', 'aud_net_cash_power', 'aud_assets', 'ca_cash', 'ca_avl_withdrawal_cash', 'cad_net_cash_power', 'cad_assets', 'my_cash', 'my_avl_withdrawal_cash', 'myr_net_cash_power', 'myr_assets', 'is_pdt', 'pdt_seq', 'beginning_dtbp', 'remaining_dtbp', 'dt_call_amount', 'dt_status']
2026-07-30 01:34:23.294 | INFO | FUTU_US | [FUTU_US] 账户: 总资产=$9,999,897.41 现金=$9,996,058.01 证券=$3,839.40 冻结=$0.00 购买力=$19,995,955.42 (USD)
2026-07-30 01:34:23.830 | INFO | FUTU_HK | [FUTU_HK] 账户: 总资产=$823,936.69 现金=$635,296.69 证券=$188,640.00 冻结=$0.00 购买力=$635,296.69 (HKD)
2026-07-30 01:34:25.683 | INFO | FUTU_US | [FUTU_US] 账户: 总资产=$9,999,897.41 现金=$9,996,058.01 证券=$3,839.40 冻结=$0.00 购买力=$19,995,955.42 (USD)
2026-07-30 01:34:29.838 | INFO | FUTU_HK | [FUTU_HK] 账户: 总资产=$823,936.69 现金=$635,296.69 证券=$188,640.00 冻结=$0.00 购买力=$635,296.69 (HKD)
2026-07-30 01:34:31.686 | INFO | FUTU_US | [FUTU_US] 账户: 总资产=$9,999,897.41 现金=$9,996,058.01 证券=$3,839.40 冻结=$0.00 购买力=$19,995,955.42 (USD)
2026-07-30 01:34:35.841 | INFO | FUTU_HK | [FUTU_HK] 账户: 总资产=$823,936.69 现金=$635,296.69 证券=$188,640.00 冻结=$0.00 购买力=$635,296.69 (HKD)
2026-07-30 01:34:37.686 | INFO | FUTU_US | [FUTU_US] 账户: 总资产=$9,999,897.41 现金=$9,996,058.01 证券=$3,839.40 冻结=$0.00 购买力=$19,995,955.42 (USD)
2026-07-30 01:34:41.843 | INFO | FUTU_HK | [FUTU_HK] 账户: 总资产=$823,936.69 现金=$635,296.69 证券=$188,640.00 冻结=$0.00 购买力=$635,296.69 (HKD)
2026-07-30 01:34:43.689 | INFO | FUTU_US | [FUTU_US] 账户: 总资产=$9,999,897.41 现金=$9,996,058.01 证券=$3,839.40 冻结=$0.00 购买力=$19,995,955.42 (USD)
2026-07-30 01:34:47.846 | INFO | FUTU_HK | [FUTU_HK] 账户: 总资产=$823,936.69 现金=$635,296.69 证券=$188,640.00 冻结=$0.00 购买力=$635,296.69 (HKD)
2026-07-30 01:34:49.694 | INFO | FUTU_US | [FUTU_US] 账户: 总资产=$9,999,897.41 现金=$9,996,058.01 证券=$3,839.40 冻结=$0.00 购买力=$19,995,955.42 (USD)
2026-07-30 01:34:53.849 | INFO | FUTU_HK | [FUTU_HK] 账户: 总资产=$823,936.69 现金=$635,296.69 证券=$188,640.00 冻结=$0.00 购买力=$635,296.69 (HKD)
2026-07-30 01:34:55.696 | INFO | FUTU_US | [FUTU_US] 账户: 总资产=$9,999,897.41 现金=$9,996,058.01 证券=$3,839.40 冻结=$0.00 购买力=$19,995,955.42 (USD)
2026-07-30 01:34:59.853 | INFO | FUTU_HK | [FUTU_HK] 账户: 总资产=$823,936.69 现金=$635,296.69 证券=$188,640.00 冻结=$0.00 购买力=$635,296.69 (HKD)
2026-07-30 01:35:01.704 | INFO | FUTU_US | [FUTU_US] 账户: 总资产=$9,999,897.41 现金=$9,996,058.01 证券=$3,839.40 冻结=$0.00 购买力=$19,995,955.42 (USD)
2026-07-30 01:35:05.852 | INFO | FUTU_HK | [FUTU_HK] 账户: 总资产=$823,936.69 现金=$635,296.69 证券=$188,640.00 冻结=$0.00 购买力=$635,296.69 (HKD)
2026-07-30 01:35:07.708 | INFO | FUTU_US | [FUTU_US] 账户: 总资产=$9,999,897.41 现金=$9,996,058.01 证券=$3,839.40 冻结=$0.00 购买力=$19,995,955.42 (USD)
2026-07-30 01:35:11.857 | INFO | FUTU_HK | [FUTU_HK] 账户: 总资产=$823,936.69 现金=$635,296.69 证券=$188,640.00 冻结=$0.00 购买力=$635,296.69 (HKD)
2026-07-30 01:35:13.705 | INFO | FUTU_US | [FUTU_US] 账户: 总资产=$9,999,897.41 现金=$9,996,058.01 证券=$3,839.40 冻结=$0.00 购买力=$19,995,955.42 (USD)
2026-07-30 01:35:17.862 | INFO | FUTU_HK | [FUTU_HK] 账户: 总资产=$823,936.69 现金=$635,296.69 证券=$188,640.00 冻结=$0.00 购买力=$635,296.69 (HKD)
2026-07-30 01:35:19.714 | INFO | FUTU_US | [FUTU_US] 账户: 总资产=$9,999,897.41 现金=$9,996,058.01 证券=$3,839.40 冻结=$0.00 购买力=$19,995,955.42 (USD)
2026-07-30 01:35:23.867 | INFO | FUTU_HK | [FUTU_HK] 账户: 总资产=$823,936.69 现金=$635,296.69 证券=$188,640.00 冻结=$0.00 购买力=$635,296.69 (HKD)
2026-07-30 01:35:25.717 | INFO | FUTU_US | [FUTU_US] 账户: 总资产=$9,999,897.41 现金=$9,996,058.01 证券=$3,839.40 冻结=$0.00 购买力=$19,995,955.42 (USD)
2026-07-30 01:35:29.862 | INFO | FUTU_HK | [FUTU_HK] 账户: 总资产=$823,936.69 现金=$635,296.69 证券=$188,640.00 冻结=$0.00 购买力=$635,296.69 (HKD)
2026-07-30 01:35:31.719 | INFO | FUTU_US | [FUTU_US] 账户: 总资产=$9,999,897.41 现金=$9,996,058.01 证券=$3,839.40 冻结=$0.00 购买力=$19,995,955.42 (USD)
2026-07-30 01:35:35.872 | INFO | FUTU_HK | [FUTU_HK] 账户: 总资产=$823,936.69 现金=$635,296.69 证券=$188,640.00 冻结=$0.00 购买力=$635,296.69 (HKD)
2026-07-30 01:35:37.721 | INFO | FUTU_US | [FUTU_US] 账户: 总资产=$9,999,897.41 现金=$9,996,058.01 证券=$3,839.40 冻结=$0.00 购买力=$19,995,955.42 (USD)
2026-07-30 01:35:41.876 | INFO | FUTU_HK | [FUTU_HK] 账户: 总资产=$823,936.69 现金=$635,296.69 证券=$188,640.00 冻结=$0.00 购买力=$635,296.69 (HKD)
2026-07-30 01:35:43.725 | INFO | FUTU_US | [FUTU_US] 账户: 总资产=$9,999,897.41 现金=$9,996,058.01 证券=$3,839.40 冻结=$0.00 购买力=$19,995,955.42 (USD)
2026-07-30 01:35:47.881 | INFO | FUTU_HK | [FUTU_HK] 账户: 总资产=$823,936.69 现金=$635,296.69 证券=$188,640.00 冻结=$0.00 购买力=$635,296.69 (HKD)
2026-07-30 01:35:49.731 | INFO | FUTU_US | [FUTU_US] 账户: 总资产=$9,999,897.41 现金=$9,996,058.01 证券=$3,839.40 冻结=$0.00 购买力=$19,995,955.42 (USD)
2026-07-30 01:35:53.883 | INFO | FUTU_HK | [FUTU_HK] 账户: 总资产=$823,936.69 现金=$635,296.69 证券=$188,640.00 冻结=$0.00 购买力=$635,296.69 (HKD)
2026-07-30 01:35:55.735 | INFO | FUTU_US | [FUTU_US] 账户: 总资产=$9,999,897.41 现金=$9,996,058.01 证券=$3,839.40 冻结=$0.00 购买力=$19,995,955.42 (USD)
2026-07-30 01:35:59.886 | INFO | FUTU_HK | [FUTU_HK] 账户: 总资产=$823,936.69 现金=$635,296.69 证券=$188,640.00 冻结=$0.00 购买力=$635,296.69 (HKD)
2026-07-30 01:36:01.728 | INFO | FUTU_US | [FUTU_US] 账户: 总资产=$9,999,897.41 现金=$9,996,058.01 证券=$3,839.40 冻结=$0.00 购买力=$19,995,955.42 (USD)
2026-07-30 01:36:05.888 | INFO | FUTU_HK | [FUTU_HK] 账户: 总资产=$823,936.69 现金=$635,296.69 证券=$188,640.00 冻结=$0.00 购买力=$635,296.69 (HKD)
2026-07-30 01:36:07.735 | INFO | FUTU_US | [FUTU_US] 账户: 总资产=$9,999,897.41 现金=$9,996,058.01 证券=$3,839.40 冻结=$0.00 购买力=$19,995,955.42 (USD)
2026-07-30 01:36:20.519 | INFO | FUTU_US | [FUTU_US] 行情接口连接成功（含多周期K线+TICKER）
2026-07-30 01:36:20.533 | INFO | FUTU_US | [FUTU_US] 交易接口解锁提示: 请使用OpenD页面右上角解锁按钮解锁交易，GUI版本OpenD已屏蔽解锁接口
2026-07-30 01:36:20.536 | INFO | FUTU_US | [FUTU_US] 账户列表 (共 2 个):
2026-07-30 01:36:20.538 | INFO | FUTU_US |   acc_id=281756478840044880 env=REAL type=MARGIN sim_type=N/A status=ACTIVE
2026-07-30 01:36:20.539 | INFO | FUTU_US |   acc_id=20074546 env=SIMULATE type=MARGIN sim_type=STOCK_AND_OPTION status=ACTIVE
2026-07-30 01:36:20.539 | INFO | FUTU_US | [FUTU_US] ✅ 选中: 美股模拟(股票+期权) acc_id=20074546
2026-07-30 01:36:20.539 | INFO | FUTU_US | [FUTU_US] 交易接口连接成功 (最终 acc_id=20074546)
2026-07-30 01:36:20.539 | INFO | FUTU_US | [FUTU_US] 警告：main_engine 为 None，无法自注册
2026-07-30 01:36:20.558 | INFO | FUTU_US | [FUTU_US] ✅ Tick 落盘监听器已注册 (EVENT_TICK)
2026-07-30 01:36:20.562 | INFO | FUTU_HK | [FUTU_HK] 行情接口连接成功（含多周期K线+TICKER）
2026-07-30 01:36:20.572 | INFO | FUTU_HK | [FUTU_HK] 交易接口解锁提示: 请使用OpenD页面右上角解锁按钮解锁交易，GUI版本OpenD已屏蔽解锁接口
2026-07-30 01:36:20.577 | INFO | FUTU_HK | [FUTU_HK] 账户列表 (共 3 个):
2026-07-30 01:36:20.577 | INFO | FUTU_HK |   acc_id=281756478840044880 env=REAL type=MARGIN sim_type=N/A status=ACTIVE
2026-07-30 01:36:20.577 | INFO | FUTU_HK |   acc_id=19110066 env=SIMULATE type=CASH sim_type=STOCK status=ACTIVE
2026-07-30 01:36:20.577 | INFO | FUTU_HK |   acc_id=19110071 env=SIMULATE type=MARGIN sim_type=OPTION status=ACTIVE
2026-07-30 01:36:20.577 | INFO | FUTU_HK | [FUTU_HK] ⚠️ 降级现金模拟 acc_id=19110066
2026-07-30 01:36:20.578 | INFO | FUTU_HK | [FUTU_HK] 交易接口连接成功 (最终 acc_id=19110066)
2026-07-30 01:36:20.578 | INFO | FUTU_HK | [FUTU_HK] 警告：main_engine 为 None，无法自注册
2026-07-30 01:36:21.527 | INFO | CtaStrategy | CTA策略引擎初始化成功
2026-07-30 01:36:21.680 | INFO | CtaStrategy | CTA策略引擎初始化成功
2026-07-30 01:36:45.444 | INFO | FUTU_US | [FUTU_US] 行情接口连接成功（含多周期K线+TICKER）
2026-07-30 01:36:45.455 | INFO | FUTU_US | [FUTU_US] 交易接口解锁提示: 请使用OpenD页面右上角解锁按钮解锁交易，GUI版本OpenD已屏蔽解锁接口
2026-07-30 01:36:45.460 | INFO | FUTU_US | [FUTU_US] 账户列表 (共 2 个):
2026-07-30 01:36:45.460 | INFO | FUTU_US |   acc_id=281756478840044880 env=REAL type=MARGIN sim_type=N/A status=ACTIVE
2026-07-30 01:36:45.460 | INFO | FUTU_US |   acc_id=20074546 env=SIMULATE type=MARGIN sim_type=STOCK_AND_OPTION status=ACTIVE
2026-07-30 01:36:45.461 | INFO | FUTU_US | [FUTU_US] ✅ 选中: 美股模拟(股票+期权) acc_id=20074546
2026-07-30 01:36:45.461 | INFO | FUTU_US | [FUTU_US] 交易接口连接成功 (最终 acc_id=20074546)
2026-07-30 01:36:45.461 | INFO | FUTU_US | [FUTU_US] 警告：main_engine 为 None，无法自注册
2026-07-30 01:36:45.495 | INFO | FUTU_US | [FUTU_US] ✅ Tick 落盘监听器已注册 (EVENT_TICK)
2026-07-30 01:36:45.499 | INFO | FUTU_HK | [FUTU_HK] 行情接口连接成功（含多周期K线+TICKER）
2026-07-30 01:36:45.510 | INFO | FUTU_HK | [FUTU_HK] 交易接口解锁提示: 请使用OpenD页面右上角解锁按钮解锁交易，GUI版本OpenD已屏蔽解锁接口
2026-07-30 01:36:45.514 | INFO | FUTU_HK | [FUTU_HK] 账户列表 (共 3 个):
2026-07-30 01:36:45.515 | INFO | FUTU_HK |   acc_id=281756478840044880 env=REAL type=MARGIN sim_type=N/A status=ACTIVE
2026-07-30 01:36:45.515 | INFO | FUTU_HK |   acc_id=19110066 env=SIMULATE type=CASH sim_type=STOCK status=ACTIVE
2026-07-30 01:36:45.516 | INFO | FUTU_HK |   acc_id=19110071 env=SIMULATE type=MARGIN sim_type=OPTION status=ACTIVE
2026-07-30 01:36:45.516 | INFO | FUTU_HK | [FUTU_HK] ⚠️ 降级现金模拟 acc_id=19110066
2026-07-30 01:36:45.516 | INFO | FUTU_HK | [FUTU_HK] 交易接口连接成功 (最终 acc_id=19110066)
2026-07-30 01:36:45.516 | INFO | FUTU_HK | [FUTU_HK] 警告：main_engine 为 None，无法自注册
2026-07-30 01:36:46.200 | INFO | CtaStrategy | CTA策略引擎初始化成功
2026-07-30 01:36:46.348 | INFO | CtaStrategy | CTA策略引擎初始化成功
2026-07-30 01:36:55.990 | INFO | FUTU_HK | [FUTU_HK] 合约查询完成: 21367 个
2026-07-30 01:36:55.995 | INFO | FUTU_HK | [FUTU_HK] 查询成交失败: 模拟交易不支持成交数据
2026-07-30 01:36:56.022 | INFO | FUTU_HK | [FUTU_HK] 调试 accinfo 字段: ['power', 'max_power_short', 'net_cash_power', 'total_assets', 'securities_assets', 'fund_assets', 'bond_assets', 'cash', 'market_val', 'long_mv', 'short_mv', 'pending_asset', 'interest_charged_amount', 'frozen_cash', 'avl_withdrawal_cash', 'max_withdrawal', 'currency', 'available_funds', 'unrealized_pl', 'realized_pl', 'risk_level', 'risk_status', 'initial_margin', 'margin_call_margin', 'maintenance_margin', 'hk_cash', 'hk_avl_withdrawal_cash', 'hkd_net_cash_power', 'hkd_assets', 'us_cash', 'us_avl_withdrawal_cash', 'usd_net_cash_power', 'usd_assets', 'cn_cash', 'cn_avl_withdrawal_cash', 'cnh_net_cash_power', 'cnh_assets', 'jp_cash', 'jp_avl_withdrawal_cash', 'jpy_net_cash_power', 'jpy_assets', 'sg_cash', 'sg_avl_withdrawal_cash', 'sgd_net_cash_power', 'sgd_assets', 'au_cash', 'au_avl_withdrawal_cash', 'aud_net_cash_power', 'aud_assets', 'ca_cash', 'ca_avl_withdrawal_cash', 'cad_net_cash_power', 'cad_assets', 'my_cash', 'my_avl_withdrawal_cash', 'myr_net_cash_power', 'myr_assets', 'is_pdt', 'pdt_seq', 'beginning_dtbp', 'remaining_dtbp', 'dt_call_amount', 'dt_status']
2026-07-30 01:36:56.022 | INFO | FUTU_HK | [FUTU_HK] 账户: 总资产=$823,936.69 现金=$635,296.69 证券=$188,640.00 冻结=$0.00 购买力=$635,296.69 (HKD)
2026-07-30 01:36:57.912 | INFO | FUTU_US | [FUTU_US] 合约查询完成: 20579 个
2026-07-30 01:36:57.921 | INFO | FUTU_US | [FUTU_US] 查询成交失败: 模拟交易不支持成交数据
2026-07-30 01:36:57.954 | INFO | FUTU_US | [FUTU_US] 调试 accinfo 字段: ['power', 'max_power_short', 'net_cash_power', 'total_assets', 'securities_assets', 'fund_assets', 'bond_assets', 'cash', 'market_val', 'long_mv', 'short_mv', 'pending_asset', 'interest_charged_amount', 'frozen_cash', 'avl_withdrawal_cash', 'max_withdrawal', 'currency', 'available_funds', 'unrealized_pl', 'realized_pl', 'risk_level', 'risk_status', 'initial_margin', 'margin_call_margin', 'maintenance_margin', 'hk_cash', 'hk_avl_withdrawal_cash', 'hkd_net_cash_power', 'hkd_assets', 'us_cash', 'us_avl_withdrawal_cash', 'usd_net_cash_power', 'usd_assets', 'cn_cash', 'cn_avl_withdrawal_cash', 'cnh_net_cash_power', 'cnh_assets', 'jp_cash', 'jp_avl_withdrawal_cash', 'jpy_net_cash_power', 'jpy_assets', 'sg_cash', 'sg_avl_withdrawal_cash', 'sgd_net_cash_power', 'sgd_assets', 'au_cash', 'au_avl_withdrawal_cash', 'aud_net_cash_power', 'aud_assets', 'ca_cash', 'ca_avl_withdrawal_cash', 'cad_net_cash_power', 'cad_assets', 'my_cash', 'my_avl_withdrawal_cash', 'myr_net_cash_power', 'myr_assets', 'is_pdt', 'pdt_seq', 'beginning_dtbp', 'remaining_dtbp', 'dt_call_amount', 'dt_status']
2026-07-30 01:36:57.954 | INFO | FUTU_US | [FUTU_US] 账户: 总资产=$9,999,897.41 现金=$9,996,058.01 证券=$3,839.40 冻结=$0.00 购买力=$19,995,955.42 (USD)
2026-07-30 01:36:58.483 | INFO | FUTU_HK | [FUTU_HK] 账户: 总资产=$823,936.69 现金=$635,296.69 证券=$188,640.00 冻结=$0.00 购买力=$635,296.69 (HKD)
2026-07-30 01:37:00.392 | INFO | FUTU_US | [FUTU_US] 账户: 总资产=$9,999,898.01 现金=$9,996,058.01 证券=$3,840.00 冻结=$0.00 购买力=$19,995,956.02 (USD)
2026-07-30 01:37:04.483 | INFO | FUTU_HK | [FUTU_HK] 账户: 总资产=$823,936.69 现金=$635,296.69 证券=$188,640.00 冻结=$0.00 购买力=$635,296.69 (HKD)
2026-07-30 01:37:06.399 | INFO | FUTU_US | [FUTU_US] 账户: 总资产=$9,999,898.01 现金=$9,996,058.01 证券=$3,840.00 冻结=$0.00 购买力=$19,995,956.02 (USD)
2026-07-30 01:37:10.485 | INFO | FUTU_HK | [FUTU_HK] 账户: 总资产=$823,936.69 现金=$635,296.69 证券=$188,640.00 冻结=$0.00 购买力=$635,296.69 (HKD)
2026-07-30 01:37:12.403 | INFO | FUTU_US | [FUTU_US] 账户: 总资产=$9,999,898.01 现金=$9,996,058.01 证券=$3,840.00 冻结=$0.00 购买力=$19,995,956.02 (USD)
2026-07-30 01:37:16.490 | INFO | FUTU_HK | [FUTU_HK] 账户: 总资产=$823,936.69 现金=$635,296.69 证券=$188,640.00 冻结=$0.00 购买力=$635,296.69 (HKD)
2026-07-30 01:37:18.397 | INFO | FUTU_US | [FUTU_US] 账户: 总资产=$9,999,898.01 现金=$9,996,058.01 证券=$3,840.00 冻结=$0.00 购买力=$19,995,956.02 (USD)
2026-07-30 01:37:22.490 | INFO | FUTU_HK | [FUTU_HK] 账户: 总资产=$823,936.69 现金=$635,296.69 证券=$188,640.00 冻结=$0.00 购买力=$635,296.69 (HKD)
2026-07-30 01:37:24.402 | INFO | FUTU_US | [FUTU_US] 账户: 总资产=$9,999,898.01 现金=$9,996,058.01 证券=$3,840.00 冻结=$0.00 购买力=$19,995,956.02 (USD)
2026-07-30 01:37:28.499 | INFO | FUTU_HK | [FUTU_HK] 账户: 总资产=$823,936.69 现金=$635,296.69 证券=$188,640.00 冻结=$0.00 购买力=$635,296.69 (HKD)
2026-07-30 01:37:30.408 | INFO | FUTU_US | [FUTU_US] 账户: 总资产=$9,999,899.41 现金=$9,996,058.01 证券=$3,841.40 冻结=$0.00 购买力=$19,995,957.42 (USD)
2026-07-30 01:37:34.507 | INFO | FUTU_HK | [FUTU_HK] 账户: 总资产=$823,936.69 现金=$635,296.69 证券=$188,640.00 冻结=$0.00 购买力=$635,296.69 (HKD)
2026-07-30 01:37:36.420 | INFO | FUTU_US | [FUTU_US] 账户: 总资产=$9,999,899.41 现金=$9,996,058.01 证券=$3,841.40 冻结=$0.00 购买力=$19,995,957.42 (USD)
2026-07-30 01:37:40.502 | INFO | FUTU_HK | [FUTU_HK] 账户: 总资产=$823,936.69 现金=$635,296.69 证券=$188,640.00 冻结=$0.00 购买力=$635,296.69 (HKD)
2026-07-30 01:37:42.701 | INFO | FUTU_US | [FUTU_US] 账户: 总资产=$9,999,899.41 现金=$9,996,058.01 证券=$3,841.40 冻结=$0.00 购买力=$19,995,957.42 (USD)
2026-07-30 01:37:46.684 | INFO | FUTU_HK | [FUTU_HK] 账户: 总资产=$823,936.69 现金=$635,296.69 证券=$188,640.00 冻结=$0.00 购买力=$635,296.69 (HKD)
2026-07-30 01:37:48.464 | INFO | FUTU_US | [FUTU_US] 账户: 总资产=$9,999,899.41 现金=$9,996,058.01 证券=$3,841.40 冻结=$0.00 购买力=$19,995,957.42 (USD)
2026-07-30 01:37:52.690 | INFO | FUTU_HK | [FUTU_HK] 账户: 总资产=$823,936.69 现金=$635,296.69 证券=$188,640.00 冻结=$0.00 购买力=$635,296.69 (HKD)
2026-07-30 01:37:54.464 | INFO | FUTU_US | [FUTU_US] 账户: 总资产=$9,999,899.41 现金=$9,996,058.01 证券=$3,841.40 冻结=$0.00 购买力=$19,995,957.42 (USD)
2026-07-30 01:37:58.694 | INFO | FUTU_HK | [FUTU_HK] 账户: 总资产=$823,936.69 现金=$635,296.69 证券=$188,640.00 冻结=$0.00 购买力=$635,296.69 (HKD)
2026-07-30 01:38:00.471 | INFO | FUTU_US | [FUTU_US] 账户: 总资产=$9,999,899.41 现金=$9,996,058.01 证券=$3,841.40 冻结=$0.00 购买力=$19,995,957.42 (USD)
2026-07-30 01:38:04.697 | INFO | FUTU_HK | [FUTU_HK] 账户: 总资产=$823,936.69 现金=$635,296.69 证券=$188,640.00 冻结=$0.00 购买力=$635,296.69 (HKD)
2026-07-30 01:38:06.472 | INFO | FUTU_US | [FUTU_US] 账户: 总资产=$9,999,899.41 现金=$9,996,058.01 证券=$3,841.40 冻结=$0.00 购买力=$19,995,957.42 (USD)
2026-07-30 01:38:10.695 | INFO | FUTU_HK | [FUTU_HK] 账户: 总资产=$823,936.69 现金=$635,296.69 证券=$188,640.00 冻结=$0.00 购买力=$635,296.69 (HKD)
2026-07-30 01:38:12.469 | INFO | FUTU_US | [FUTU_US] 账户: 总资产=$9,999,899.41 现金=$9,996,058.01 证券=$3,841.40 冻结=$0.00 购买力=$19,995,957.42 (USD)
2026-07-30 01:38:16.699 | INFO | FUTU_HK | [FUTU_HK] 账户: 总资产=$823,936.69 现金=$635,296.69 证券=$188,640.00 冻结=$0.00 购买力=$635,296.69 (HKD)
2026-07-30 01:38:18.468 | INFO | FUTU_US | [FUTU_US] 账户: 总资产=$9,999,899.41 现金=$9,996,058.01 证券=$3,841.40 冻结=$0.00 购买力=$19,995,957.42 (USD)
2026-07-30 01:38:22.702 | INFO | FUTU_HK | [FUTU_HK] 账户: 总资产=$823,936.69 现金=$635,296.69 证券=$188,640.00 冻结=$0.00 购买力=$635,296.69 (HKD)
2026-07-30 01:38:24.480 | INFO | FUTU_US | [FUTU_US] 账户: 总资产=$9,999,899.41 现金=$9,996,058.01 证券=$3,841.40 冻结=$0.00 购买力=$19,995,957.42 (USD)
2026-07-30 01:38:28.705 | INFO | FUTU_HK | [FUTU_HK] 账户: 总资产=$823,936.69 现金=$635,296.69 证券=$188,640.00 冻结=$0.00 购买力=$635,296.69 (HKD)
2026-07-30 01:38:30.482 | INFO | FUTU_US | [FUTU_US] 账户: 总资产=$9,999,899.41 现金=$9,996,058.01 证券=$3,841.40 冻结=$0.00 购买力=$19,995,957.42 (USD)
2026-07-30 01:38:34.711 | INFO | FUTU_HK | [FUTU_HK] 账户: 总资产=$823,936.69 现金=$635,296.69 证券=$188,640.00 冻结=$0.00 购买力=$635,296.69 (HKD)
2026-07-30 01:38:36.516 | INFO | FUTU_US | [FUTU_US] 账户: 总资产=$9,999,899.41 现金=$9,996,058.01 证券=$3,841.40 冻结=$0.00 购买力=$19,995,957.42 (USD)
2026-07-30 01:38:40.841 | INFO | FUTU_HK | [FUTU_HK] 账户: 总资产=$823,936.69 现金=$635,296.69 证券=$188,640.00 冻结=$0.00 购买力=$635,296.69 (HKD)
2026-07-30 01:38:42.519 | INFO | FUTU_US | [FUTU_US] 账户: 总资产=$9,999,899.41 现金=$9,996,058.01 证券=$3,841.40 冻结=$0.00 购买力=$19,995,957.42 (USD)
2026-07-30 01:38:46.847 | INFO | FUTU_HK | [FUTU_HK] 账户: 总资产=$823,936.69 现金=$635,296.69 证券=$188,640.00 冻结=$0.00 购买力=$635,296.69 (HKD)
2026-07-30 01:38:48.523 | INFO | FUTU_US | [FUTU_US] 账户: 总资产=$9,999,899.41 现金=$9,996,058.01 证券=$3,841.40 冻结=$0.00 购买力=$19,995,957.42 (USD)
2026-07-30 01:38:52.844 | INFO | FUTU_HK | [FUTU_HK] 账户: 总资产=$823,936.69 现金=$635,296.69 证券=$188,640.00 冻结=$0.00 购买力=$635,296.69 (HKD)
2026-07-30 01:38:54.525 | INFO | FUTU_US | [FUTU_US] 账户: 总资产=$9,999,899.41 现金=$9,996,058.01 证券=$3,841.40 冻结=$0.00 购买力=$19,995,957.42 (USD)
2026-07-30 01:38:58.846 | INFO | FUTU_HK | [FUTU_HK] 账户: 总资产=$823,936.69 现金=$635,296.69 证券=$188,640.00 冻结=$0.00 购买力=$635,296.69 (HKD)
2026-07-30 01:39:00.530 | INFO | FUTU_US | [FUTU_US] 账户: 总资产=$9,999,899.41 现金=$9,996,058.01 证券=$3,841.40 冻结=$0.00 购买力=$19,995,957.42 (USD)
2026-07-30 01:39:04.850 | INFO | FUTU_HK | [FUTU_HK] 账户: 总资产=$823,936.69 现金=$635,296.69 证券=$188,640.00 冻结=$0.00 购买力=$635,296.69 (HKD)
2026-07-30 01:39:06.528 | INFO | FUTU_US | [FUTU_US] 账户: 总资产=$9,999,899.41 现金=$9,996,058.01 证券=$3,841.40 冻结=$0.00 购买力=$19,995,957.42 (USD)
2026-07-30 01:39:10.851 | INFO | FUTU_HK | [FUTU_HK] 账户: 总资产=$823,936.69 现金=$635,296.69 证券=$188,640.00 冻结=$0.00 购买力=$635,296.69 (HKD)
2026-07-30 01:39:12.536 | INFO | FUTU_US | [FUTU_US] 账户: 总资产=$9,999,899.41 现金=$9,996,058.01 证券=$3,841.40 冻结=$0.00 购买力=$19,995,957.42 (USD)
2026-07-30 01:39:16.860 | INFO | FUTU_HK | [FUTU_HK] 账户: 总资产=$823,936.69 现金=$635,296.69 证券=$188,640.00 冻结=$0.00 购买力=$635,296.69 (HKD)
2026-07-30 01:39:18.535 | INFO | FUTU_US | [FUTU_US] 账户: 总资产=$9,999,899.41 现金=$9,996,058.01 证券=$3,841.40 冻结=$0.00 购买力=$19,995,957.42 (USD)
2026-07-30 01:39:22.858 | INFO | FUTU_HK | [FUTU_HK] 账户: 总资产=$823,936.69 现金=$635,296.69 证券=$188,640.00 冻结=$0.00 购买力=$635,296.69 (HKD)
2026-07-30 01:39:24.545 | INFO | FUTU_US | [FUTU_US] 账户: 总资产=$9,999,899.41 现金=$9,996,058.01 证券=$3,841.40 冻结=$0.00 购买力=$19,995,957.42 (USD)
2026-07-30 01:39:28.907 | INFO | FUTU_HK | [FUTU_HK] 账户: 总资产=$823,936.69 现金=$635,296.69 证券=$188,640.00 冻结=$0.00 购买力=$635,296.69 (HKD)
2026-07-30 01:39:30.541 | INFO | FUTU_US | [FUTU_US] 账户: 总资产=$9,999,899.41 现金=$9,996,058.01 证券=$3,841.40 冻结=$0.00 购买力=$19,995,957.42 (USD)
2026-07-30 01:39:34.914 | INFO | FUTU_HK | [FUTU_HK] 账户: 总资产=$823,936.69 现金=$635,296.69 证券=$188,640.00 冻结=$0.00 购买力=$635,296.69 (HKD)
2026-07-30 01:39:36.545 | INFO | FUTU_US | [FUTU_US] 账户: 总资产=$9,999,899.41 现金=$9,996,058.01 证券=$3,841.40 冻结=$0.00 购买力=$19,995,957.42 (USD)
2026-07-30 01:39:40.918 | INFO | FUTU_HK | [FUTU_HK] 账户: 总资产=$823,936.69 现金=$635,296.69 证券=$188,640.00 冻结=$0.00 购买力=$635,296.69 (HKD)
2026-07-30 01:39:42.546 | INFO | FUTU_US | [FUTU_US] 账户: 总资产=$9,999,899.41 现金=$9,996,058.01 证券=$3,841.40 冻结=$0.00 购买力=$19,995,957.42 (USD)
2026-07-30 01:39:46.919 | INFO | FUTU_HK | [FUTU_HK] 账户: 总资产=$823,936.69 现金=$635,296.69 证券=$188,640.00 冻结=$0.00 购买力=$635,296.69 (HKD)
2026-07-30 01:39:48.553 | INFO | FUTU_US | [FUTU_US] 账户: 总资产=$9,999,899.41 现金=$9,996,058.01 证券=$3,841.40 冻结=$0.00 购买力=$19,995,957.42 (USD)
2026-07-30 01:39:52.920 | INFO | FUTU_HK | [FUTU_HK] 账户: 总资产=$823,936.69 现金=$635,296.69 证券=$188,640.00 冻结=$0.00 购买力=$635,296.69 (HKD)
2026-07-30 01:39:54.555 | INFO | FUTU_US | [FUTU_US] 账户: 总资产=$9,999,899.41 现金=$9,996,058.01 证券=$3,841.40 冻结=$0.00 购买力=$19,995,957.42 (USD)
2026-07-30 01:39:58.925 | INFO | FUTU_HK | [FUTU_HK] 账户: 总资产=$823,936.69 现金=$635,296.69 证券=$188,640.00 冻结=$0.00 购买力=$635,296.69 (HKD)
2026-07-30 01:40:00.558 | INFO | FUTU_US | [FUTU_US] 账户: 总资产=$9,999,899.41 现金=$9,996,058.01 证券=$3,841.40 冻结=$0.00 购买力=$19,995,957.42 (USD)
2026-07-30 01:40:04.929 | INFO | FUTU_HK | [FUTU_HK] 账户: 总资产=$823,936.69 现金=$635,296.69 证券=$188,640.00 冻结=$0.00 购买力=$635,296.69 (HKD)
2026-07-30 01:40:06.559 | INFO | FUTU_US | [FUTU_US] 账户: 总资产=$9,999,899.41 现金=$9,996,058.01 证券=$3,841.40 冻结=$0.00 购买力=$19,995,957.42 (USD)
2026-07-30 01:40:10.928 | INFO | FUTU_HK | [FUTU_HK] 账户: 总资产=$823,936.69 现金=$635,296.69 证券=$188,640.00 冻结=$0.00 购买力=$635,296.69 (HKD)
2026-07-30 01:40:12.562 | INFO | FUTU_US | [FUTU_US] 账户: 总资产=$9,999,899.41 现金=$9,996,058.01 证券=$3,841.40 冻结=$0.00 购买力=$19,995,957.42 (USD)
2026-07-30 01:40:16.932 | INFO | FUTU_HK | [FUTU_HK] 账户: 总资产=$823,936.69 现金=$635,296.69 证券=$188,640.00 冻结=$0.00 购买力=$635,296.69 (HKD)
2026-07-30 01:40:18.565 | INFO | FUTU_US | [FUTU_US] 账户: 总资产=$9,999,899.41 现金=$9,996,058.01 证券=$3,841.40 冻结=$0.00 购买力=$19,995,957.42 (USD)
2026-07-30 01:40:23.121 | INFO | FUTU_HK | [FUTU_HK] 账户: 总资产=$823,936.69 现金=$635,296.69 证券=$188,640.00 冻结=$0.00 购买力=$635,296.69 (HKD)
2026-07-30 01:40:24.606 | INFO | FUTU_US | [FUTU_US] 账户: 总资产=$9,999,899.41 现金=$9,996,058.01 证券=$3,841.40 冻结=$0.00 购买力=$19,995,957.42 (USD)
2026-07-30 01:40:29.124 | INFO | FUTU_HK | [FUTU_HK] 账户: 总资产=$823,936.69 现金=$635,296.69 证券=$188,640.00 冻结=$0.00 购买力=$635,296.69 (HKD)
2026-07-30 01:40:30.608 | INFO | FUTU_US | [FUTU_US] 账户: 总资产=$9,999,899.41 现金=$9,996,058.01 证券=$3,841.40 冻结=$0.00 购买力=$19,995,957.42 (USD)
2026-07-30 01:40:35.130 | INFO | FUTU_HK | [FUTU_HK] 账户: 总资产=$823,936.69 现金=$635,296.69 证券=$188,640.00 冻结=$0.00 购买力=$635,296.69 (HKD)
2026-07-30 01:40:36.612 | INFO | FUTU_US | [FUTU_US] 账户: 总资产=$9,999,899.41 现金=$9,996,058.01 证券=$3,841.40 冻结=$0.00 购买力=$19,995,957.42 (USD)
2026-07-30 01:40:41.131 | INFO | FUTU_HK | [FUTU_HK] 账户: 总资产=$823,936.69 现金=$635,296.69 证券=$188,640.00 冻结=$0.00 购买力=$635,296.69 (HKD)
2026-07-30 01:40:42.613 | INFO | FUTU_US | [FUTU_US] 账户: 总资产=$9,999,899.41 现金=$9,996,058.01 证券=$3,841.40 冻结=$0.00 购买力=$19,995,957.42 (USD)
2026-07-30 01:40:47.135 | INFO | FUTU_HK | [FUTU_HK] 账户: 总资产=$823,936.69 现金=$635,296.69 证券=$188,640.00 冻结=$0.00 购买力=$635,296.69 (HKD)
2026-07-30 01:40:48.615 | INFO | FUTU_US | [FUTU_US] 账户: 总资产=$9,999,899.41 现金=$9,996,058.01 证券=$3,841.40 冻结=$0.00 购买力=$19,995,957.42 (USD)
2026-07-30 01:40:53.141 | INFO | FUTU_HK | [FUTU_HK] 账户: 总资产=$823,936.69 现金=$635,296.69 证券=$188,640.00 冻结=$0.00 购买力=$635,296.69 (HKD)
2026-07-30 01:40:54.620 | INFO | FUTU_US | [FUTU_US] 账户: 总资产=$9,999,899.41 现金=$9,996,058.01 证券=$3,841.40 冻结=$0.00 购买力=$19,995,957.42 (USD)
2026-07-30 01:40:59.139 | INFO | FUTU_HK | [FUTU_HK] 账户: 总资产=$823,936.69 现金=$635,296.69 证券=$188,640.00 冻结=$0.00 购买力=$635,296.69 (HKD)
2026-07-30 01:41:00.619 | INFO | FUTU_US | [FUTU_US] 账户: 总资产=$9,999,899.41 现金=$9,996,058.01 证券=$3,841.40 冻结=$0.00 购买力=$19,995,957.42 (USD)
2026-07-30 01:41:05.141 | INFO | FUTU_HK | [FUTU_HK] 账户: 总资产=$823,936.69 现金=$635,296.69 证券=$188,640.00 冻结=$0.00 购买力=$635,296.69 (HKD)
2026-07-30 01:41:06.627 | INFO | FUTU_US | [FUTU_US] 账户: 总资产=$9,999,899.41 现金=$9,996,058.01 证券=$3,841.40 冻结=$0.00 购买力=$19,995,957.42 (USD)
2026-07-30 01:41:11.147 | INFO | FUTU_HK | [FUTU_HK] 账户: 总资产=$823,936.69 现金=$635,296.69 证券=$188,640.00 冻结=$0.00 购买力=$635,296.69 (HKD)
2026-07-30 01:41:12.626 | INFO | FUTU_US | [FUTU_US] 账户: 总资产=$9,999,899.41 现金=$9,996,058.01 证券=$3,841.40 冻结=$0.00 购买力=$19,995,957.42 (USD)
2026-07-30 01:41:17.145 | INFO | FUTU_HK | [FUTU_HK] 账户: 总资产=$823,936.69 现金=$635,296.69 证券=$188,640.00 冻结=$0.00 购买力=$635,296.69 (HKD)
2026-07-30 01:41:18.629 | INFO | FUTU_US | [FUTU_US] 账户: 总资产=$9,999,899.41 现金=$9,996,058.01 证券=$3,841.40 冻结=$0.00 购买力=$19,995,957.42 (USD)
2026-07-30 01:41:23.156 | INFO | FUTU_HK | [FUTU_HK] 账户: 总资产=$823,936.69 现金=$635,296.69 证券=$188,640.00 冻结=$0.00 购买力=$635,296.69 (HKD)
2026-07-30 01:41:24.630 | INFO | FUTU_US | [FUTU_US] 账户: 总资产=$9,999,899.41 现金=$9,996,058.01 证券=$3,841.40 冻结=$0.00 购买力=$19,995,957.42 (USD)
2026-07-30 01:41:29.151 | INFO | FUTU_HK | [FUTU_HK] 账户: 总资产=$823,936.69 现金=$635,296.69 证券=$188,640.00 冻结=$0.00 购买力=$635,296.69 (HKD)
2026-07-30 01:41:30.640 | INFO | FUTU_US | [FUTU_US] 账户: 总资产=$9,999,899.41 现金=$9,996,058.01 证券=$3,841.40 冻结=$0.00 购买力=$19,995,957.42 (USD)
2026-07-30 01:41:35.156 | INFO | FUTU_HK | [FUTU_HK] 账户: 总资产=$823,936.69 现金=$635,296.69 证券=$188,640.00 冻结=$0.00 购买力=$635,296.69 (HKD)
2026-07-30 01:41:36.643 | INFO | FUTU_US | [FUTU_US] 账户: 总资产=$9,999,899.41 现金=$9,996,058.01 证券=$3,841.40 冻结=$0.00 购买力=$19,995,957.42 (USD)
2026-07-30 01:41:41.156 | INFO | FUTU_HK | [FUTU_HK] 账户: 总资产=$823,936.69 现金=$635,296.69 证券=$188,640.00 冻结=$0.00 购买力=$635,296.69 (HKD)
2026-07-30 01:41:42.637 | INFO | FUTU_US | [FUTU_US] 账户: 总资产=$9,999,899.41 现金=$9,996,058.01 证券=$3,841.40 冻结=$0.00 购买力=$19,995,957.42 (USD)
2026-07-30 01:41:47.458 | INFO | FUTU_HK | [FUTU_HK] 账户: 总资产=$823,936.69 现金=$635,296.69 证券=$188,640.00 冻结=$0.00 购买力=$635,296.69 (HKD)
2026-07-30 01:41:48.648 | INFO | FUTU_US | [FUTU_US] 账户: 总资产=$9,999,899.41 现金=$9,996,058.01 证券=$3,841.40 冻结=$0.00 购买力=$19,995,957.42 (USD)
2026-07-30 01:41:53.465 | INFO | FUTU_HK | [FUTU_HK] 账户: 总资产=$823,936.69 现金=$635,296.69 证券=$188,640.00 冻结=$0.00 购买力=$635,296.69 (HKD)
2026-07-30 01:41:54.637 | INFO | FUTU_US | [FUTU_US] 账户: 总资产=$9,999,899.41 现金=$9,996,058.01 证券=$3,841.40 冻结=$0.00 购买力=$19,995,957.42 (USD)
2026-07-30 01:41:59.466 | INFO | FUTU_HK | [FUTU_HK] 账户: 总资产=$823,936.69 现金=$635,296.69 证券=$188,640.00 冻结=$0.00 购买力=$635,296.69 (HKD)
2026-07-30 01:42:00.645 | INFO | FUTU_US | [FUTU_US] 账户: 总资产=$9,999,902.01 现金=$9,996,058.01 证券=$3,844.00 冻结=$0.00 购买力=$19,995,960.02 (USD)
2026-07-30 01:42:05.470 | INFO | FUTU_HK | [FUTU_HK] 账户: 总资产=$823,936.69 现金=$635,296.69 证券=$188,640.00 冻结=$0.00 购买力=$635,296.69 (HKD)
2026-07-30 01:42:06.652 | INFO | FUTU_US | [FUTU_US] 账户: 总资产=$9,999,902.01 现金=$9,996,058.01 证券=$3,844.00 冻结=$0.00 购买力=$19,995,960.02 (USD)
2026-07-30 01:42:11.473 | INFO | FUTU_HK | [FUTU_HK] 账户: 总资产=$823,936.69 现金=$635,296.69 证券=$188,640.00 冻结=$0.00 购买力=$635,296.69 (HKD)
2026-07-30 01:42:12.654 | INFO | FUTU_US | [FUTU_US] 账户: 总资产=$9,999,902.01 现金=$9,996,058.01 证券=$3,844.00 冻结=$0.00 购买力=$19,995,960.02 (USD)
2026-07-30 01:42:17.477 | INFO | FUTU_HK | [FUTU_HK] 账户: 总资产=$823,936.69 现金=$635,296.69 证券=$188,640.00 冻结=$0.00 购买力=$635,296.69 (HKD)
2026-07-30 01:42:18.654 | INFO | FUTU_US | [FUTU_US] 账户: 总资产=$9,999,902.01 现金=$9,996,058.01 证券=$3,844.00 冻结=$0.00 购买力=$19,995,960.02 (USD)
2026-07-30 01:42:23.482 | INFO | FUTU_HK | [FUTU_HK] 账户: 总资产=$823,936.69 现金=$635,296.69 证券=$188,640.00 冻结=$0.00 购买力=$635,296.69 (HKD)
2026-07-30 01:42:24.652 | INFO | FUTU_US | [FUTU_US] 账户: 总资产=$9,999,902.01 现金=$9,996,058.01 证券=$3,844.00 冻结=$0.00 购买力=$19,995,960.02 (USD)
2026-07-30 01:42:29.482 | INFO | FUTU_HK | [FUTU_HK] 账户: 总资产=$823,936.69 现金=$635,296.69 证券=$188,640.00 冻结=$0.00 购买力=$635,296.69 (HKD)
2026-07-30 01:42:30.655 | INFO | FUTU_US | [FUTU_US] 账户: 总资产=$9,999,902.01 现金=$9,996,058.01 证券=$3,844.00 冻结=$0.00 购买力=$19,995,960.02 (USD)
2026-07-30 01:42:35.486 | INFO | FUTU_HK | [FUTU_HK] 账户: 总资产=$823,936.69 现金=$635,296.69 证券=$188,640.00 冻结=$0.00 购买力=$635,296.69 (HKD)
2026-07-30 01:42:36.663 | INFO | FUTU_US | [FUTU_US] 账户: 总资产=$9,999,902.21 现金=$9,996,058.01 证券=$3,844.20 冻结=$0.00 购买力=$19,995,960.22 (USD)
2026-07-30 01:42:41.487 | INFO | FUTU_HK | [FUTU_HK] 账户: 总资产=$823,936.69 现金=$635,296.69 证券=$188,640.00 冻结=$0.00 购买力=$635,296.69 (HKD)
2026-07-30 01:42:42.663 | INFO | FUTU_US | [FUTU_US] 账户: 总资产=$9,999,902.21 现金=$9,996,058.01 证券=$3,844.20 冻结=$0.00 购买力=$19,995,960.22 (USD)
2026-07-30 01:42:47.491 | INFO | FUTU_HK | [FUTU_HK] 账户: 总资产=$823,936.69 现金=$635,296.69 证券=$188,640.00 冻结=$0.00 购买力=$635,296.69 (HKD)
2026-07-30 01:42:48.673 | INFO | FUTU_US | [FUTU_US] 账户: 总资产=$9,999,902.21 现金=$9,996,058.01 证券=$3,844.20 冻结=$0.00 购买力=$19,995,960.22 (USD)
2026-07-30 01:42:53.493 | INFO | FUTU_HK | [FUTU_HK] 账户: 总资产=$823,936.69 现金=$635,296.69 证券=$188,640.00 冻结=$0.00 购买力=$635,296.69 (HKD)
2026-07-30 01:42:54.675 | INFO | FUTU_US | [FUTU_US] 账户: 总资产=$9,999,902.21 现金=$9,996,058.01 证券=$3,844.20 冻结=$0.00 购买力=$19,995,960.22 (USD)
2026-07-30 01:42:59.498 | INFO | FUTU_HK | [FUTU_HK] 账户: 总资产=$823,936.69 现金=$635,296.69 证券=$188,640.00 冻结=$0.00 购买力=$635,296.69 (HKD)
2026-07-30 01:43:00.675 | INFO | FUTU_US | [FUTU_US] 账户: 总资产=$9,999,902.21 现金=$9,996,058.01 证券=$3,844.20 冻结=$0.00 购买力=$19,995,960.22 (USD)
2026-07-30 01:43:05.499 | INFO | FUTU_HK | [FUTU_HK] 账户: 总资产=$823,936.69 现金=$635,296.69 证券=$188,640.00 冻结=$0.00 购买力=$635,296.69 (HKD)
2026-07-30 01:43:06.675 | INFO | FUTU_US | [FUTU_US] 账户: 总资产=$9,999,902.21 现金=$9,996,058.01 证券=$3,844.20 冻结=$0.00 购买力=$19,995,960.22 (USD)
2026-07-30 01:43:11.500 | INFO | FUTU_HK | [FUTU_HK] 账户: 总资产=$823,936.69 现金=$635,296.69 证券=$188,640.00 冻结=$0.00 购买力=$635,296.69 (HKD)
2026-07-30 01:43:12.685 | INFO | FUTU_US | [FUTU_US] 账户: 总资产=$9,999,902.21 现金=$9,996,058.01 证券=$3,844.20 冻结=$0.00 购买力=$19,995,960.22 (USD)
2026-07-30 01:43:17.509 | INFO | FUTU_HK | [FUTU_HK] 账户: 总资产=$823,936.69 现金=$635,296.69 证券=$188,640.00 冻结=$0.00 购买力=$635,296.69 (HKD)
2026-07-30 01:43:18.682 | INFO | FUTU_US | [FUTU_US] 账户: 总资产=$9,999,902.21 现金=$9,996,058.01 证券=$3,844.20 冻结=$0.00 购买力=$19,995,960.22 (USD)
2026-07-30 01:43:23.580 | INFO | FUTU_HK | [FUTU_HK] 账户: 总资产=$823,936.69 现金=$635,296.69 证券=$188,640.00 冻结=$0.00 购买力=$635,296.69 (HKD)
2026-07-30 01:43:24.697 | INFO | FUTU_US | [FUTU_US] 账户: 总资产=$9,999,902.21 现金=$9,996,058.01 证券=$3,844.20 冻结=$0.00 购买力=$19,995,960.22 (USD)
2026-07-30 01:43:29.585 | INFO | FUTU_HK | [FUTU_HK] 账户: 总资产=$823,936.69 现金=$635,296.69 证券=$188,640.00 冻结=$0.00 购买力=$635,296.69 (HKD)
2026-07-30 01:43:30.701 | INFO | FUTU_US | [FUTU_US] 账户: 总资产=$9,999,902.21 现金=$9,996,058.01 证券=$3,844.20 冻结=$0.00 购买力=$19,995,960.22 (USD)
2026-07-30 01:43:35.589 | INFO | FUTU_HK | [FUTU_HK] 账户: 总资产=$823,936.69 现金=$635,296.69 证券=$188,640.00 冻结=$0.00 购买力=$635,296.69 (HKD)
2026-07-30 01:43:36.699 | INFO | FUTU_US | [FUTU_US] 账户: 总资产=$9,999,902.21 现金=$9,996,058.01 证券=$3,844.20 冻结=$0.00 购买力=$19,995,960.22 (USD)
2026-07-30 01:43:41.588 | INFO | FUTU_HK | [FUTU_HK] 账户: 总资产=$823,936.69 现金=$635,296.69 证券=$188,640.00 冻结=$0.00 购买力=$635,296.69 (HKD)
2026-07-30 01:43:42.707 | INFO | FUTU_US | [FUTU_US] 账户: 总资产=$9,999,902.21 现金=$9,996,058.01 证券=$3,844.20 冻结=$0.00 购买力=$19,995,960.22 (USD)
2026-07-30 01:43:47.595 | INFO | FUTU_HK | [FUTU_HK] 账户: 总资产=$823,936.69 现金=$635,296.69 证券=$188,640.00 冻结=$0.00 购买力=$635,296.69 (HKD)
2026-07-30 01:43:48.705 | INFO | FUTU_US | [FUTU_US] 账户: 总资产=$9,999,902.21 现金=$9,996,058.01 证券=$3,844.20 冻结=$0.00 购买力=$19,995,960.22 (USD)
2026-07-30 01:43:53.599 | INFO | FUTU_HK | [FUTU_HK] 账户: 总资产=$823,936.69 现金=$635,296.69 证券=$188,640.00 冻结=$0.00 购买力=$635,296.69 (HKD)
2026-07-30 01:43:54.709 | INFO | FUTU_US | [FUTU_US] 账户: 总资产=$9,999,902.21 现金=$9,996,058.01 证券=$3,844.20 冻结=$0.00 购买力=$19,995,960.22 (USD)
2026-07-30 01:43:59.614 | INFO | FUTU_HK | [FUTU_HK] 账户: 总资产=$823,936.69 现金=$635,296.69 证券=$188,640.00 冻结=$0.00 购买力=$635,296.69 (HKD)
2026-07-30 01:44:00.714 | INFO | FUTU_US | [FUTU_US] 账户: 总资产=$9,999,902.21 现金=$9,996,058.01 证券=$3,844.20 冻结=$0.00 购买力=$19,995,960.22 (USD)
2026-07-30 01:44:05.614 | INFO | FUTU_HK | [FUTU_HK] 账户: 总资产=$823,936.69 现金=$635,296.69 证券=$188,640.00 冻结=$0.00 购买力=$635,296.69 (HKD)
2026-07-30 01:44:06.721 | INFO | FUTU_US | [FUTU_US] 账户: 总资产=$9,999,902.21 现金=$9,996,058.01 证券=$3,844.20 冻结=$0.00 购买力=$19,995,960.22 (USD)
2026-07-30 01:44:11.617 | INFO | FUTU_HK | [FUTU_HK] 账户: 总资产=$823,936.69 现金=$635,296.69 证券=$188,640.00 冻结=$0.00 购买力=$635,296.69 (HKD)
2026-07-30 01:44:12.725 | INFO | FUTU_US | [FUTU_US] 账户: 总资产=$9,999,902.21 现金=$9,996,058.01 证券=$3,844.20 冻结=$0.00 购买力=$19,995,960.22 (USD)
2026-07-30 01:44:17.619 | INFO | FUTU_HK | [FUTU_HK] 账户: 总资产=$823,936.69 现金=$635,296.69 证券=$188,640.00 冻结=$0.00 购买力=$635,296.69 (HKD)
2026-07-30 01:44:18.721 | INFO | FUTU_US | [FUTU_US] 账户: 总资产=$9,999,902.21 现金=$9,996,058.01 证券=$3,844.20 冻结=$0.00 购买力=$19,995,960.22 (USD)
2026-07-30 01:44:46.160 | INFO | FUTU_US | [FUTU_US] 行情接口连接成功（含多周期K线+TICKER）
2026-07-30 01:44:46.175 | INFO | FUTU_US | [FUTU_US] 交易接口解锁提示: 请使用OpenD页面右上角解锁按钮解锁交易，GUI版本OpenD已屏蔽解锁接口
2026-07-30 01:44:46.181 | INFO | FUTU_US | [FUTU_US] 账户列表 (共 2 个):
2026-07-30 01:44:46.181 | INFO | FUTU_US |   acc_id=281756478840044880 env=REAL type=MARGIN sim_type=N/A status=ACTIVE
2026-07-30 01:44:46.182 | INFO | FUTU_US |   acc_id=20074546 env=SIMULATE type=MARGIN sim_type=STOCK_AND_OPTION status=ACTIVE
2026-07-30 01:44:46.182 | INFO | FUTU_US | [FUTU_US] ✅ 选中: 美股模拟(股票+期权) acc_id=20074546
2026-07-30 01:44:46.182 | INFO | FUTU_US | [FUTU_US] 交易接口连接成功 (最终 acc_id=20074546)
2026-07-30 01:44:46.182 | INFO | FUTU_US | [FUTU_US] 警告：main_engine 为 None，无法自注册
2026-07-30 01:44:46.204 | INFO | FUTU_US | [FUTU_US] ✅ Tick 落盘监听器已注册 (EVENT_TICK)
2026-07-30 01:44:46.208 | INFO | FUTU_HK | [FUTU_HK] 行情接口连接成功（含多周期K线+TICKER）
2026-07-30 01:44:46.219 | INFO | FUTU_HK | [FUTU_HK] 交易接口解锁提示: 请使用OpenD页面右上角解锁按钮解锁交易，GUI版本OpenD已屏蔽解锁接口
2026-07-30 01:44:46.224 | INFO | FUTU_HK | [FUTU_HK] 账户列表 (共 3 个):
2026-07-30 01:44:46.224 | INFO | FUTU_HK |   acc_id=281756478840044880 env=REAL type=MARGIN sim_type=N/A status=ACTIVE
2026-07-30 01:44:46.224 | INFO | FUTU_HK |   acc_id=19110066 env=SIMULATE type=CASH sim_type=STOCK status=ACTIVE
2026-07-30 01:44:46.225 | INFO | FUTU_HK |   acc_id=19110071 env=SIMULATE type=MARGIN sim_type=OPTION status=ACTIVE
2026-07-30 01:44:46.225 | INFO | FUTU_HK | [FUTU_HK] ⚠️ 降级现金模拟 acc_id=19110066
2026-07-30 01:44:46.225 | INFO | FUTU_HK | [FUTU_HK] 交易接口连接成功 (最终 acc_id=19110066)
2026-07-30 01:44:46.226 | INFO | FUTU_HK | [FUTU_HK] 警告：main_engine 为 None，无法自注册
2026-07-30 01:44:46.990 | INFO | CtaStrategy | CTA策略引擎初始化成功
2026-07-30 01:44:47.147 | INFO | CtaStrategy | CTA策略引擎初始化成功
2026-07-30 01:44:57.325 | INFO | FUTU_HK | [FUTU_HK] 合约查询完成: 21367 个
2026-07-30 01:44:57.332 | INFO | FUTU_HK | [FUTU_HK] 查询成交失败: 模拟交易不支持成交数据
2026-07-30 01:44:57.353 | INFO | FUTU_HK | [FUTU_HK] 调试 accinfo 字段: ['power', 'max_power_short', 'net_cash_power', 'total_assets', 'securities_assets', 'fund_assets', 'bond_assets', 'cash', 'market_val', 'long_mv', 'short_mv', 'pending_asset', 'interest_charged_amount', 'frozen_cash', 'avl_withdrawal_cash', 'max_withdrawal', 'currency', 'available_funds', 'unrealized_pl', 'realized_pl', 'risk_level', 'risk_status', 'initial_margin', 'margin_call_margin', 'maintenance_margin', 'hk_cash', 'hk_avl_withdrawal_cash', 'hkd_net_cash_power', 'hkd_assets', 'us_cash', 'us_avl_withdrawal_cash', 'usd_net_cash_power', 'usd_assets', 'cn_cash', 'cn_avl_withdrawal_cash', 'cnh_net_cash_power', 'cnh_assets', 'jp_cash', 'jp_avl_withdrawal_cash', 'jpy_net_cash_power', 'jpy_assets', 'sg_cash', 'sg_avl_withdrawal_cash', 'sgd_net_cash_power', 'sgd_assets', 'au_cash', 'au_avl_withdrawal_cash', 'aud_net_cash_power', 'aud_assets', 'ca_cash', 'ca_avl_withdrawal_cash', 'cad_net_cash_power', 'cad_assets', 'my_cash', 'my_avl_withdrawal_cash', 'myr_net_cash_power', 'myr_assets', 'is_pdt', 'pdt_seq', 'beginning_dtbp', 'remaining_dtbp', 'dt_call_amount', 'dt_status']
2026-07-30 01:44:57.353 | INFO | FUTU_HK | [FUTU_HK] 账户: 总资产=$823,936.69 现金=$635,296.69 证券=$188,640.00 冻结=$0.00 购买力=$635,296.69 (HKD)
2026-07-30 01:44:59.988 | INFO | FUTU_US | [FUTU_US] 合约查询完成: 20579 个
2026-07-30 01:44:59.994 | INFO | FUTU_US | [FUTU_US] 查询成交失败: 模拟交易不支持成交数据
2026-07-30 01:45:00.017 | INFO | FUTU_US | [FUTU_US] 调试 accinfo 字段: ['power', 'max_power_short', 'net_cash_power', 'total_assets', 'securities_assets', 'fund_assets', 'bond_assets', 'cash', 'market_val', 'long_mv', 'short_mv', 'pending_asset', 'interest_charged_amount', 'frozen_cash', 'avl_withdrawal_cash', 'max_withdrawal', 'currency', 'available_funds', 'unrealized_pl', 'realized_pl', 'risk_level', 'risk_status', 'initial_margin', 'margin_call_margin', 'maintenance_margin', 'hk_cash', 'hk_avl_withdrawal_cash', 'hkd_net_cash_power', 'hkd_assets', 'us_cash', 'us_avl_withdrawal_cash', 'usd_net_cash_power', 'usd_assets', 'cn_cash', 'cn_avl_withdrawal_cash', 'cnh_net_cash_power', 'cnh_assets', 'jp_cash', 'jp_avl_withdrawal_cash', 'jpy_net_cash_power', 'jpy_assets', 'sg_cash', 'sg_avl_withdrawal_cash', 'sgd_net_cash_power', 'sgd_assets', 'au_cash', 'au_avl_withdrawal_cash', 'aud_net_cash_power', 'aud_assets', 'ca_cash', 'ca_avl_withdrawal_cash', 'cad_net_cash_power', 'cad_assets', 'my_cash', 'my_avl_withdrawal_cash', 'myr_net_cash_power', 'myr_assets', 'is_pdt', 'pdt_seq', 'beginning_dtbp', 'remaining_dtbp', 'dt_call_amount', 'dt_status']
2026-07-30 01:45:00.018 | INFO | FUTU_US | [FUTU_US] 账户: 总资产=$9,999,902.21 现金=$9,996,058.01 证券=$3,844.20 冻结=$0.00 购买力=$19,995,960.22 (USD)
2026-07-30 01:45:00.215 | INFO | FUTU_HK | [FUTU_HK] 账户: 总资产=$823,936.69 现金=$635,296.69 证券=$188,640.00 冻结=$0.00 购买力=$635,296.69 (HKD)
2026-07-30 01:45:02.097 | INFO | FUTU_US | [FUTU_US] 账户: 总资产=$9,999,902.21 现金=$9,996,058.01 证券=$3,844.20 冻结=$0.00 购买力=$19,995,960.22 (USD)
2026-07-30 01:45:06.218 | INFO | FUTU_HK | [FUTU_HK] 账户: 总资产=$823,936.69 现金=$635,296.69 证券=$188,640.00 冻结=$0.00 购买力=$635,296.69 (HKD)
2026-07-30 01:45:08.101 | INFO | FUTU_US | [FUTU_US] 账户: 总资产=$9,999,902.21 现金=$9,996,058.01 证券=$3,844.20 冻结=$0.00 购买力=$19,995,960.22 (USD)
2026-07-30 01:45:12.219 | INFO | FUTU_HK | [FUTU_HK] 账户: 总资产=$823,936.69 现金=$635,296.69 证券=$188,640.00 冻结=$0.00 购买力=$635,296.69 (HKD)
2026-07-30 01:45:14.103 | INFO | FUTU_US | [FUTU_US] 账户: 总资产=$9,999,902.21 现金=$9,996,058.01 证券=$3,844.20 冻结=$0.00 购买力=$19,995,960.22 (USD)
2026-07-30 01:45:18.221 | INFO | FUTU_HK | [FUTU_HK] 账户: 总资产=$823,936.69 现金=$635,296.69 证券=$188,640.00 冻结=$0.00 购买力=$635,296.69 (HKD)
2026-07-30 01:45:20.113 | INFO | FUTU_US | [FUTU_US] 账户: 总资产=$9,999,902.21 现金=$9,996,058.01 证券=$3,844.20 冻结=$0.00 购买力=$19,995,960.22 (USD)
2026-07-30 01:45:24.315 | INFO | FUTU_HK | [FUTU_HK] 账户: 总资产=$823,936.69 现金=$635,296.69 证券=$188,640.00 冻结=$0.00 购买力=$635,296.69 (HKD)
2026-07-30 01:45:26.111 | INFO | FUTU_US | [FUTU_US] 账户: 总资产=$9,999,902.21 现金=$9,996,058.01 证券=$3,844.20 冻结=$0.00 购买力=$19,995,960.22 (USD)
2026-07-30 01:45:30.466 | INFO | FUTU_HK | [FUTU_HK] 账户: 总资产=$823,936.69 现金=$635,296.69 证券=$188,640.00 冻结=$0.00 购买力=$635,296.69 (HKD)
2026-07-30 01:45:32.125 | INFO | FUTU_US | [FUTU_US] 账户: 总资产=$9,999,902.21 现金=$9,996,058.01 证券=$3,844.20 冻结=$0.00 购买力=$19,995,960.22 (USD)
2026-07-30 01:45:36.469 | INFO | FUTU_HK | [FUTU_HK] 账户: 总资产=$823,936.69 现金=$635,296.69 证券=$188,640.00 冻结=$0.00 购买力=$635,296.69 (HKD)
2026-07-30 01:45:38.119 | INFO | FUTU_US | [FUTU_US] 账户: 总资产=$9,999,902.21 现金=$9,996,058.01 证券=$3,844.20 冻结=$0.00 购买力=$19,995,960.22 (USD)
2026-07-30 01:45:42.475 | INFO | FUTU_HK | [FUTU_HK] 账户: 总资产=$823,936.69 现金=$635,296.69 证券=$188,640.00 冻结=$0.00 购买力=$635,296.69 (HKD)
2026-07-30 01:45:44.125 | INFO | FUTU_US | [FUTU_US] 账户: 总资产=$9,999,902.21 现金=$9,996,058.01 证券=$3,844.20 冻结=$0.00 购买力=$19,995,960.22 (USD)
2026-07-30 01:45:48.481 | INFO | FUTU_HK | [FUTU_HK] 账户: 总资产=$823,936.69 现金=$635,296.69 证券=$188,640.00 冻结=$0.00 购买力=$635,296.69 (HKD)
2026-07-30 01:45:50.130 | INFO | FUTU_US | [FUTU_US] 账户: 总资产=$9,999,902.21 现金=$9,996,058.01 证券=$3,844.20 冻结=$0.00 购买力=$19,995,960.22 (USD)
2026-07-30 01:45:54.482 | INFO | FUTU_HK | [FUTU_HK] 账户: 总资产=$823,936.69 现金=$635,296.69 证券=$188,640.00 冻结=$0.00 购买力=$635,296.69 (HKD)
2026-07-30 01:45:56.125 | INFO | FUTU_US | [FUTU_US] 账户: 总资产=$9,999,902.21 现金=$9,996,058.01 证券=$3,844.20 冻结=$0.00 购买力=$19,995,960.22 (USD)
2026-07-30 01:46:00.496 | INFO | FUTU_HK | [FUTU_HK] 账户: 总资产=$823,936.69 现金=$635,296.69 证券=$188,640.00 冻结=$0.00 购买力=$635,296.69 (HKD)
2026-07-30 01:46:02.155 | INFO | FUTU_US | [FUTU_US] 账户: 总资产=$9,999,902.21 现金=$9,996,058.01 证券=$3,844.20 冻结=$0.00 购买力=$19,995,960.22 (USD)
2026-07-30 01:46:06.505 | INFO | FUTU_HK | [FUTU_HK] 账户: 总资产=$823,936.69 现金=$635,296.69 证券=$188,640.00 冻结=$0.00 购买力=$635,296.69 (HKD)
2026-07-30 01:46:08.162 | INFO | FUTU_US | [FUTU_US] 账户: 总资产=$9,999,902.21 现金=$9,996,058.01 证券=$3,844.20 冻结=$0.00 购买力=$19,995,960.22 (USD)
2026-07-30 01:46:12.495 | INFO | FUTU_HK | [FUTU_HK] 账户: 总资产=$823,936.69 现金=$635,296.69 证券=$188,640.00 冻结=$0.00 购买力=$635,296.69 (HKD)
2026-07-30 01:46:14.161 | INFO | FUTU_US | [FUTU_US] 账户: 总资产=$9,999,902.21 现金=$9,996,058.01 证券=$3,844.20 冻结=$0.00 购买力=$19,995,960.22 (USD)
2026-07-30 01:46:18.502 | INFO | FUTU_HK | [FUTU_HK] 账户: 总资产=$823,936.69 现金=$635,296.69 证券=$188,640.00 冻结=$0.00 购买力=$635,296.69 (HKD)
2026-07-30 01:46:20.430 | INFO | FUTU_US | [FUTU_US] 账户: 总资产=$9,999,902.21 现金=$9,996,058.01 证券=$3,844.20 冻结=$0.00 购买力=$19,995,960.22 (USD)
2026-07-30 01:46:24.520 | INFO | FUTU_HK | [FUTU_HK] 账户: 总资产=$823,936.69 现金=$635,296.69 证券=$188,640.00 冻结=$0.00 购买力=$635,296.69 (HKD)
2026-07-30 01:46:26.171 | INFO | FUTU_US | [FUTU_US] 账户: 总资产=$9,999,902.21 现金=$9,996,058.01 证券=$3,844.20 冻结=$0.00 购买力=$19,995,960.22 (USD)
2026-07-30 01:46:30.525 | INFO | FUTU_HK | [FUTU_HK] 账户: 总资产=$823,936.69 现金=$635,296.69 证券=$188,640.00 冻结=$0.00 购买力=$635,296.69 (HKD)
2026-07-30 01:46:32.169 | INFO | FUTU_US | [FUTU_US] 账户: 总资产=$9,999,902.21 现金=$9,996,058.01 证券=$3,844.20 冻结=$0.00 购买力=$19,995,960.22 (USD)
2026-07-30 01:46:36.536 | INFO | FUTU_HK | [FUTU_HK] 账户: 总资产=$823,936.69 现金=$635,296.69 证券=$188,640.00 冻结=$0.00 购买力=$635,296.69 (HKD)
2026-07-30 01:46:38.173 | INFO | FUTU_US | [FUTU_US] 账户: 总资产=$9,999,902.21 现金=$9,996,058.01 证券=$3,844.20 冻结=$0.00 购买力=$19,995,960.22 (USD)
2026-07-30 01:46:42.534 | INFO | FUTU_HK | [FUTU_HK] 账户: 总资产=$823,936.69 现金=$635,296.69 证券=$188,640.00 冻结=$0.00 购买力=$635,296.69 (HKD)
2026-07-30 01:46:44.177 | INFO | FUTU_US | [FUTU_US] 账户: 总资产=$9,999,902.21 现金=$9,996,058.01 证券=$3,844.20 冻结=$0.00 购买力=$19,995,960.22 (USD)
2026-07-30 01:46:48.535 | INFO | FUTU_HK | [FUTU_HK] 账户: 总资产=$823,936.69 现金=$635,296.69 证券=$188,640.00 冻结=$0.00 购买力=$635,296.69 (HKD)
2026-07-30 01:46:50.177 | INFO | FUTU_US | [FUTU_US] 账户: 总资产=$9,999,902.21 现金=$9,996,058.01 证券=$3,844.20 冻结=$0.00 购买力=$19,995,960.22 (USD)
2026-07-30 01:46:54.537 | INFO | FUTU_HK | [FUTU_HK] 账户: 总资产=$823,936.69 现金=$635,296.69 证券=$188,640.00 冻结=$0.00 购买力=$635,296.69 (HKD)
2026-07-30 01:46:56.176 | INFO | FUTU_US | [FUTU_US] 账户: 总资产=$9,999,902.21 现金=$9,996,058.01 证券=$3,844.20 冻结=$0.00 购买力=$19,995,960.22 (USD)
2026-07-30 01:47:00.534 | INFO | FUTU_HK | [FUTU_HK] 账户: 总资产=$823,936.69 现金=$635,296.69 证券=$188,640.00 冻结=$0.00 购买力=$635,296.69 (HKD)
2026-07-30 01:47:02.183 | INFO | FUTU_US | [FUTU_US] 账户: 总资产=$9,999,895.01 现金=$9,996,058.01 证券=$3,837.00 冻结=$0.00 购买力=$19,995,953.02 (USD)
2026-07-30 01:47:06.543 | INFO | FUTU_HK | [FUTU_HK] 账户: 总资产=$823,936.69 现金=$635,296.69 证券=$188,640.00 冻结=$0.00 购买力=$635,296.69 (HKD)
2026-07-30 01:47:08.185 | INFO | FUTU_US | [FUTU_US] 账户: 总资产=$9,999,895.01 现金=$9,996,058.01 证券=$3,837.00 冻结=$0.00 购买力=$19,995,953.02 (USD)
2026-07-30 01:48:40.232 | INFO | FUTU_US | [FUTU_US] 行情接口连接成功（含多周期K线+TICKER）
2026-07-30 01:48:40.247 | INFO | FUTU_US | [FUTU_US] 交易接口解锁提示: 请使用OpenD页面右上角解锁按钮解锁交易，GUI版本OpenD已屏蔽解锁接口
2026-07-30 01:48:40.252 | INFO | FUTU_US | [FUTU_US] 账户列表 (共 2 个):
2026-07-30 01:48:40.253 | INFO | FUTU_US |   acc_id=281756478840044880 env=REAL type=MARGIN sim_type=N/A status=ACTIVE
2026-07-30 01:48:40.253 | INFO | FUTU_US |   acc_id=20074546 env=SIMULATE type=MARGIN sim_type=STOCK_AND_OPTION status=ACTIVE
2026-07-30 01:48:40.253 | INFO | FUTU_US | [FUTU_US] ✅ 选中: 美股模拟(股票+期权) acc_id=20074546
2026-07-30 01:48:40.254 | INFO | FUTU_US | [FUTU_US] 交易接口连接成功 (最终 acc_id=20074546)
2026-07-30 01:48:40.254 | INFO | FUTU_US | [FUTU_US] 警告：main_engine 为 None，无法自注册
2026-07-30 01:48:40.284 | INFO | FUTU_US | [FUTU_US] ✅ Tick 落盘监听器已注册 (EVENT_TICK)
2026-07-30 01:48:40.288 | INFO | FUTU_HK | [FUTU_HK] 行情接口连接成功（含多周期K线+TICKER）
2026-07-30 01:48:40.298 | INFO | FUTU_HK | [FUTU_HK] 交易接口解锁提示: 请使用OpenD页面右上角解锁按钮解锁交易，GUI版本OpenD已屏蔽解锁接口
2026-07-30 01:48:40.303 | INFO | FUTU_HK | [FUTU_HK] 账户列表 (共 3 个):
2026-07-30 01:48:40.304 | INFO | FUTU_HK |   acc_id=281756478840044880 env=REAL type=MARGIN sim_type=N/A status=ACTIVE
2026-07-30 01:48:40.304 | INFO | FUTU_HK |   acc_id=19110066 env=SIMULATE type=CASH sim_type=STOCK status=ACTIVE
2026-07-30 01:48:40.304 | INFO | FUTU_HK |   acc_id=19110071 env=SIMULATE type=MARGIN sim_type=OPTION status=ACTIVE
2026-07-30 01:48:40.304 | INFO | FUTU_HK | [FUTU_HK] ⚠️ 降级现金模拟 acc_id=19110066
2026-07-30 01:48:40.305 | INFO | FUTU_HK | [FUTU_HK] 交易接口连接成功 (最终 acc_id=19110066)
2026-07-30 01:48:40.306 | INFO | FUTU_HK | [FUTU_HK] 警告：main_engine 为 None，无法自注册
2026-07-30 01:48:41.004 | INFO | CtaStrategy | CTA策略引擎初始化成功
2026-07-30 01:48:41.149 | INFO | CtaStrategy | CTA策略引擎初始化成功
2026-07-30 01:48:50.949 | INFO | FUTU_HK | [FUTU_HK] 合约查询完成: 21367 个
2026-07-30 01:48:50.954 | INFO | FUTU_HK | [FUTU_HK] 查询成交失败: 模拟交易不支持成交数据
2026-07-30 01:48:50.975 | INFO | FUTU_HK | [FUTU_HK] 调试 accinfo 字段: ['power', 'max_power_short', 'net_cash_power', 'total_assets', 'securities_assets', 'fund_assets', 'bond_assets', 'cash', 'market_val', 'long_mv', 'short_mv', 'pending_asset', 'interest_charged_amount', 'frozen_cash', 'avl_withdrawal_cash', 'max_withdrawal', 'currency', 'available_funds', 'unrealized_pl', 'realized_pl', 'risk_level', 'risk_status', 'initial_margin', 'margin_call_margin', 'maintenance_margin', 'hk_cash', 'hk_avl_withdrawal_cash', 'hkd_net_cash_power', 'hkd_assets', 'us_cash', 'us_avl_withdrawal_cash', 'usd_net_cash_power', 'usd_assets', 'cn_cash', 'cn_avl_withdrawal_cash', 'cnh_net_cash_power', 'cnh_assets', 'jp_cash', 'jp_avl_withdrawal_cash', 'jpy_net_cash_power', 'jpy_assets', 'sg_cash', 'sg_avl_withdrawal_cash', 'sgd_net_cash_power', 'sgd_assets', 'au_cash', 'au_avl_withdrawal_cash', 'aud_net_cash_power', 'aud_assets', 'ca_cash', 'ca_avl_withdrawal_cash', 'cad_net_cash_power', 'cad_assets', 'my_cash', 'my_avl_withdrawal_cash', 'myr_net_cash_power', 'myr_assets', 'is_pdt', 'pdt_seq', 'beginning_dtbp', 'remaining_dtbp', 'dt_call_amount', 'dt_status']
2026-07-30 01:48:50.975 | INFO | FUTU_HK | [FUTU_HK] 账户: 总资产=$823,936.69 现金=$635,296.69 证券=$188,640.00 冻结=$0.00 购买力=$635,296.69 (HKD)
2026-07-30 01:48:52.468 | INFO | FUTU_US | [FUTU_US] 合约查询完成: 20579 个
2026-07-30 01:48:52.475 | INFO | FUTU_US | [FUTU_US] 查询成交失败: 模拟交易不支持成交数据
2026-07-30 01:48:52.501 | INFO | FUTU_US | [FUTU_US] 调试 accinfo 字段: ['power', 'max_power_short', 'net_cash_power', 'total_assets', 'securities_assets', 'fund_assets', 'bond_assets', 'cash', 'market_val', 'long_mv', 'short_mv', 'pending_asset', 'interest_charged_amount', 'frozen_cash', 'avl_withdrawal_cash', 'max_withdrawal', 'currency', 'available_funds', 'unrealized_pl', 'realized_pl', 'risk_level', 'risk_status', 'initial_margin', 'margin_call_margin', 'maintenance_margin', 'hk_cash', 'hk_avl_withdrawal_cash', 'hkd_net_cash_power', 'hkd_assets', 'us_cash', 'us_avl_withdrawal_cash', 'usd_net_cash_power', 'usd_assets', 'cn_cash', 'cn_avl_withdrawal_cash', 'cnh_net_cash_power', 'cnh_assets', 'jp_cash', 'jp_avl_withdrawal_cash', 'jpy_net_cash_power', 'jpy_assets', 'sg_cash', 'sg_avl_withdrawal_cash', 'sgd_net_cash_power', 'sgd_assets', 'au_cash', 'au_avl_withdrawal_cash', 'aud_net_cash_power', 'aud_assets', 'ca_cash', 'ca_avl_withdrawal_cash', 'cad_net_cash_power', 'cad_assets', 'my_cash', 'my_avl_withdrawal_cash', 'myr_net_cash_power', 'myr_assets', 'is_pdt', 'pdt_seq', 'beginning_dtbp', 'remaining_dtbp', 'dt_call_amount', 'dt_status']
2026-07-30 01:48:52.501 | INFO | FUTU_US | [FUTU_US] 账户: 总资产=$9,999,894.65 现金=$9,996,058.01 证券=$3,836.64 冻结=$0.00 购买力=$19,995,952.66 (USD)
2026-07-30 01:48:53.271 | INFO | FUTU_HK | [FUTU_HK] 账户: 总资产=$823,936.69 现金=$635,296.69 证券=$188,640.00 冻结=$0.00 购买力=$635,296.69 (HKD)
2026-07-30 01:48:55.118 | INFO | FUTU_US | [FUTU_US] 账户: 总资产=$9,999,894.65 现金=$9,996,058.01 证券=$3,836.64 冻结=$0.00 购买力=$19,995,952.66 (USD)
2026-07-30 01:48:59.278 | INFO | FUTU_HK | [FUTU_HK] 账户: 总资产=$823,936.69 现金=$635,296.69 证券=$188,640.00 冻结=$0.00 购买力=$635,296.69 (HKD)
2026-07-30 01:49:01.119 | INFO | FUTU_US | [FUTU_US] 账户: 总资产=$9,999,894.65 现金=$9,996,058.01 证券=$3,836.64 冻结=$0.00 购买力=$19,995,952.66 (USD)
2026-07-30 01:49:05.273 | INFO | FUTU_HK | [FUTU_HK] 账户: 总资产=$823,936.69 现金=$635,296.69 证券=$188,640.00 冻结=$0.00 购买力=$635,296.69 (HKD)
2026-07-30 01:49:07.123 | INFO | FUTU_US | [FUTU_US] 账户: 总资产=$9,999,894.65 现金=$9,996,058.01 证券=$3,836.64 冻结=$0.00 购买力=$19,995,952.66 (USD)
2026-07-30 01:49:11.282 | INFO | FUTU_HK | [FUTU_HK] 账户: 总资产=$823,936.69 现金=$635,296.69 证券=$188,640.00 冻结=$0.00 购买力=$635,296.69 (HKD)
2026-07-30 01:49:13.222 | INFO | FUTU_US | [FUTU_US] 账户: 总资产=$9,999,894.65 现金=$9,996,058.01 证券=$3,836.64 冻结=$0.00 购买力=$19,995,952.66 (USD)
2026-07-30 01:49:17.280 | INFO | FUTU_HK | [FUTU_HK] 账户: 总资产=$823,936.69 现金=$635,296.69 证券=$188,640.00 冻结=$0.00 购买力=$635,296.69 (HKD)
2026-07-30 01:49:19.227 | INFO | FUTU_US | [FUTU_US] 账户: 总资产=$9,999,894.65 现金=$9,996,058.01 证券=$3,836.64 冻结=$0.00 购买力=$19,995,952.66 (USD)
2026-07-30 01:49:23.376 | INFO | FUTU_HK | [FUTU_HK] 账户: 总资产=$823,936.69 现金=$635,296.69 证券=$188,640.00 冻结=$0.00 购买力=$635,296.69 (HKD)
2026-07-30 01:49:25.379 | INFO | FUTU_US | [FUTU_US] 账户: 总资产=$9,999,894.65 现金=$9,996,058.01 证券=$3,836.64 冻结=$0.00 购买力=$19,995,952.66 (USD)
2026-07-30 01:49:29.378 | INFO | FUTU_HK | [FUTU_HK] 账户: 总资产=$823,936.69 现金=$635,296.69 证券=$188,640.00 冻结=$0.00 购买力=$635,296.69 (HKD)
2026-07-30 01:49:31.380 | INFO | FUTU_US | [FUTU_US] 账户: 总资产=$9,999,894.65 现金=$9,996,058.01 证券=$3,836.64 冻结=$0.00 购买力=$19,995,952.66 (USD)
2026-07-30 01:49:35.459 | INFO | FUTU_HK | [FUTU_HK] 账户: 总资产=$823,936.69 现金=$635,296.69 证券=$188,640.00 冻结=$0.00 购买力=$635,296.69 (HKD)
2026-07-30 01:49:37.463 | INFO | FUTU_US | [FUTU_US] 账户: 总资产=$9,999,894.65 现金=$9,996,058.01 证券=$3,836.64 冻结=$0.00 购买力=$19,995,952.66 (USD)
2026-07-30 01:49:41.471 | INFO | FUTU_HK | [FUTU_HK] 账户: 总资产=$823,936.69 现金=$635,296.69 证券=$188,640.00 冻结=$0.00 购买力=$635,296.69 (HKD)
2026-07-30 01:49:43.457 | INFO | FUTU_US | [FUTU_US] 账户: 总资产=$9,999,894.65 现金=$9,996,058.01 证券=$3,836.64 冻结=$0.00 购买力=$19,995,952.66 (USD)
2026-07-30 01:49:47.477 | INFO | FUTU_HK | [FUTU_HK] 账户: 总资产=$823,936.69 现金=$635,296.69 证券=$188,640.00 冻结=$0.00 购买力=$635,296.69 (HKD)
2026-07-30 01:49:49.464 | INFO | FUTU_US | [FUTU_US] 账户: 总资产=$9,999,894.65 现金=$9,996,058.01 证券=$3,836.64 冻结=$0.00 购买力=$19,995,952.66 (USD)
2026-07-30 01:49:53.476 | INFO | FUTU_HK | [FUTU_HK] 账户: 总资产=$823,936.69 现金=$635,296.69 证券=$188,640.00 冻结=$0.00 购买力=$635,296.69 (HKD)
2026-07-30 01:49:55.463 | INFO | FUTU_US | [FUTU_US] 账户: 总资产=$9,999,894.65 现金=$9,996,058.01 证券=$3,836.64 冻结=$0.00 购买力=$19,995,952.66 (USD)
2026-07-30 01:49:59.487 | INFO | FUTU_HK | [FUTU_HK] 账户: 总资产=$823,936.69 现金=$635,296.69 证券=$188,640.00 冻结=$0.00 购买力=$635,296.69 (HKD)
2026-07-30 01:50:01.465 | INFO | FUTU_US | [FUTU_US] 账户: 总资产=$9,999,894.65 现金=$9,996,058.01 证券=$3,836.64 冻结=$0.00 购买力=$19,995,952.66 (USD)
2026-07-30 01:50:05.501 | INFO | FUTU_HK | [FUTU_HK] 账户: 总资产=$823,936.69 现金=$635,296.69 证券=$188,640.00 冻结=$0.00 购买力=$635,296.69 (HKD)
2026-07-30 01:50:07.476 | INFO | FUTU_US | [FUTU_US] 账户: 总资产=$9,999,894.65 现金=$9,996,058.01 证券=$3,836.64 冻结=$0.00 购买力=$19,995,952.66 (USD)
2026-07-30 01:50:11.490 | INFO | FUTU_HK | [FUTU_HK] 账户: 总资产=$823,936.69 现金=$635,296.69 证券=$188,640.00 冻结=$0.00 购买力=$635,296.69 (HKD)
2026-07-30 01:50:13.479 | INFO | FUTU_US | [FUTU_US] 账户: 总资产=$9,999,894.65 现金=$9,996,058.01 证券=$3,836.64 冻结=$0.00 购买力=$19,995,952.66 (USD)
2026-07-30 01:50:17.493 | INFO | FUTU_HK | [FUTU_HK] 账户: 总资产=$823,936.69 现金=$635,296.69 证券=$188,640.00 冻结=$0.00 购买力=$635,296.69 (HKD)
2026-07-30 01:50:19.479 | INFO | FUTU_US | [FUTU_US] 账户: 总资产=$9,999,894.65 现金=$9,996,058.01 证券=$3,836.64 冻结=$0.00 购买力=$19,995,952.66 (USD)
2026-07-30 01:50:23.499 | INFO | FUTU_HK | [FUTU_HK] 账户: 总资产=$823,936.69 现金=$635,296.69 证券=$188,640.00 冻结=$0.00 购买力=$635,296.69 (HKD)
2026-07-30 01:50:25.480 | INFO | FUTU_US | [FUTU_US] 账户: 总资产=$9,999,894.65 现金=$9,996,058.01 证券=$3,836.64 冻结=$0.00 购买力=$19,995,952.66 (USD)
2026-07-30 01:50:29.504 | INFO | FUTU_HK | [FUTU_HK] 账户: 总资产=$823,936.69 现金=$635,296.69 证券=$188,640.00 冻结=$0.00 购买力=$635,296.69 (HKD)
2026-07-30 01:50:31.486 | INFO | FUTU_US | [FUTU_US] 账户: 总资产=$9,999,894.65 现金=$9,996,058.01 证券=$3,836.64 冻结=$0.00 购买力=$19,995,952.66 (USD)
2026-07-30 01:50:35.530 | INFO | FUTU_HK | [FUTU_HK] 账户: 总资产=$823,936.69 现金=$635,296.69 证券=$188,640.00 冻结=$0.00 购买力=$635,296.69 (HKD)
2026-07-30 01:50:37.522 | INFO | FUTU_US | [FUTU_US] 账户: 总资产=$9,999,894.65 现金=$9,996,058.01 证券=$3,836.64 冻结=$0.00 购买力=$19,995,952.66 (USD)
2026-07-30 01:50:41.532 | INFO | FUTU_HK | [FUTU_HK] 账户: 总资产=$823,936.69 现金=$635,296.69 证券=$188,640.00 冻结=$0.00 购买力=$635,296.69 (HKD)
2026-07-30 01:50:43.527 | INFO | FUTU_US | [FUTU_US] 账户: 总资产=$9,999,894.65 现金=$9,996,058.01 证券=$3,836.64 冻结=$0.00 购买力=$19,995,952.66 (USD)
2026-07-30 01:50:47.530 | INFO | FUTU_HK | [FUTU_HK] 账户: 总资产=$823,936.69 现金=$635,296.69 证券=$188,640.00 冻结=$0.00 购买力=$635,296.69 (HKD)
2026-07-30 01:50:49.530 | INFO | FUTU_US | [FUTU_US] 账户: 总资产=$9,999,894.65 现金=$9,996,058.01 证券=$3,836.64 冻结=$0.00 购买力=$19,995,952.66 (USD)
2026-07-30 01:50:53.545 | INFO | FUTU_HK | [FUTU_HK] 账户: 总资产=$823,936.69 现金=$635,296.69 证券=$188,640.00 冻结=$0.00 购买力=$635,296.69 (HKD)
2026-07-30 01:50:55.533 | INFO | FUTU_US | [FUTU_US] 账户: 总资产=$9,999,894.65 现金=$9,996,058.01 证券=$3,836.64 冻结=$0.00 购买力=$19,995,952.66 (USD)
2026-07-30 01:50:59.541 | INFO | FUTU_HK | [FUTU_HK] 账户: 总资产=$823,936.69 现金=$635,296.69 证券=$188,640.00 冻结=$0.00 购买力=$635,296.69 (HKD)
2026-07-30 01:51:01.539 | INFO | FUTU_US | [FUTU_US] 账户: 总资产=$9,999,894.65 现金=$9,996,058.01 证券=$3,836.64 冻结=$0.00 购买力=$19,995,952.66 (USD)
2026-07-30 01:51:05.554 | INFO | FUTU_HK | [FUTU_HK] 账户: 总资产=$823,936.69 现金=$635,296.69 证券=$188,640.00 冻结=$0.00 购买力=$635,296.69 (HKD)
2026-07-30 01:51:07.540 | INFO | FUTU_US | [FUTU_US] 账户: 总资产=$9,999,894.65 现金=$9,996,058.01 证券=$3,836.64 冻结=$0.00 购买力=$19,995,952.66 (USD)
2026-07-30 01:51:11.564 | INFO | FUTU_HK | [FUTU_HK] 账户: 总资产=$823,936.69 现金=$635,296.69 证券=$188,640.00 冻结=$0.00 购买力=$635,296.69 (HKD)
2026-07-30 01:51:13.544 | INFO | FUTU_US | [FUTU_US] 账户: 总资产=$9,999,894.65 现金=$9,996,058.01 证券=$3,836.64 冻结=$0.00 购买力=$19,995,952.66 (USD)
2026-07-30 01:51:17.568 | INFO | FUTU_HK | [FUTU_HK] 账户: 总资产=$823,936.69 现金=$635,296.69 证券=$188,640.00 冻结=$0.00 购买力=$635,296.69 (HKD)
2026-07-30 01:51:19.552 | INFO | FUTU_US | [FUTU_US] 账户: 总资产=$9,999,905.41 现金=$9,996,058.01 证券=$3,847.40 冻结=$0.00 购买力=$19,995,963.42 (USD)
2026-07-30 01:51:23.577 | INFO | FUTU_HK | [FUTU_HK] 账户: 总资产=$823,936.69 现金=$635,296.69 证券=$188,640.00 冻结=$0.00 购买力=$635,296.69 (HKD)
2026-07-30 01:51:25.548 | INFO | FUTU_US | [FUTU_US] 账户: 总资产=$9,999,905.41 现金=$9,996,058.01 证券=$3,847.40 冻结=$0.00 购买力=$19,995,963.42 (USD)
2026-07-30 01:51:29.569 | INFO | FUTU_HK | [FUTU_HK] 账户: 总资产=$823,936.69 现金=$635,296.69 证券=$188,640.00 冻结=$0.00 购买力=$635,296.69 (HKD)
2026-07-30 01:51:31.552 | INFO | FUTU_US | [FUTU_US] 账户: 总资产=$9,999,905.41 现金=$9,996,058.01 证券=$3,847.40 冻结=$0.00 购买力=$19,995,963.42 (USD)
2026-07-30 01:51:35.695 | INFO | FUTU_HK | [FUTU_HK] 账户: 总资产=$823,936.69 现金=$635,296.69 证券=$188,640.00 冻结=$0.00 购买力=$635,296.69 (HKD)
2026-07-30 01:51:37.573 | INFO | FUTU_US | [FUTU_US] 账户: 总资产=$9,999,905.41 现金=$9,996,058.01 证券=$3,847.40 冻结=$0.00 购买力=$19,995,963.42 (USD)
2026-07-30 01:51:41.696 | INFO | FUTU_HK | [FUTU_HK] 账户: 总资产=$823,936.69 现金=$635,296.69 证券=$188,640.00 冻结=$0.00 购买力=$635,296.69 (HKD)
2026-07-30 01:51:43.575 | INFO | FUTU_US | [FUTU_US] 账户: 总资产=$9,999,905.41 现金=$9,996,058.01 证券=$3,847.40 冻结=$0.00 购买力=$19,995,963.42 (USD)
2026-07-30 01:51:47.706 | INFO | FUTU_HK | [FUTU_HK] 账户: 总资产=$823,936.69 现金=$635,296.69 证券=$188,640.00 冻结=$0.00 购买力=$635,296.69 (HKD)
2026-07-30 01:51:49.582 | INFO | FUTU_US | [FUTU_US] 账户: 总资产=$9,999,905.41 现金=$9,996,058.01 证券=$3,847.40 冻结=$0.00 购买力=$19,995,963.42 (USD)
2026-07-30 01:51:53.710 | INFO | FUTU_HK | [FUTU_HK] 账户: 总资产=$823,936.69 现金=$635,296.69 证券=$188,640.00 冻结=$0.00 购买力=$635,296.69 (HKD)
2026-07-30 01:51:55.583 | INFO | FUTU_US | [FUTU_US] 账户: 总资产=$9,999,905.41 现金=$9,996,058.01 证券=$3,847.40 冻结=$0.00 购买力=$19,995,963.42 (USD)
2026-07-30 01:51:59.705 | INFO | FUTU_HK | [FUTU_HK] 账户: 总资产=$823,936.69 现金=$635,296.69 证券=$188,640.00 冻结=$0.00 购买力=$635,296.69 (HKD)
2026-07-30 01:52:01.586 | INFO | FUTU_US | [FUTU_US] 账户: 总资产=$9,999,906.31 现金=$9,996,058.01 证券=$3,848.30 冻结=$0.00 购买力=$19,995,964.32 (USD)
2026-07-30 01:52:05.711 | INFO | FUTU_HK | [FUTU_HK] 账户: 总资产=$823,936.69 现金=$635,296.69 证券=$188,640.00 冻结=$0.00 购买力=$635,296.69 (HKD)
2026-07-30 01:52:07.588 | INFO | FUTU_US | [FUTU_US] 账户: 总资产=$9,999,906.31 现金=$9,996,058.01 证券=$3,848.30 冻结=$0.00 购买力=$19,995,964.32 (USD)
2026-07-30 01:52:11.715 | INFO | FUTU_HK | [FUTU_HK] 账户: 总资产=$823,936.69 现金=$635,296.69 证券=$188,640.00 冻结=$0.00 购买力=$635,296.69 (HKD)
2026-07-30 01:52:13.592 | INFO | FUTU_US | [FUTU_US] 账户: 总资产=$9,999,906.31 现金=$9,996,058.01 证券=$3,848.30 冻结=$0.00 购买力=$19,995,964.32 (USD)
2026-07-30 01:52:17.719 | INFO | FUTU_HK | [FUTU_HK] 账户: 总资产=$823,936.69 现金=$635,296.69 证券=$188,640.00 冻结=$0.00 购买力=$635,296.69 (HKD)
2026-07-30 01:52:19.591 | INFO | FUTU_US | [FUTU_US] 账户: 总资产=$9,999,906.31 现金=$9,996,058.01 证券=$3,848.30 冻结=$0.00 购买力=$19,995,964.32 (USD)
2026-07-30 01:52:23.723 | INFO | FUTU_HK | [FUTU_HK] 账户: 总资产=$823,936.69 现金=$635,296.69 证券=$188,640.00 冻结=$0.00 购买力=$635,296.69 (HKD)
2026-07-30 01:52:25.599 | INFO | FUTU_US | [FUTU_US] 账户: 总资产=$9,999,906.31 现金=$9,996,058.01 证券=$3,848.30 冻结=$0.00 购买力=$19,995,964.32 (USD)
2026-07-30 01:52:29.766 | INFO | FUTU_HK | [FUTU_HK] 账户: 总资产=$823,936.69 现金=$635,296.69 证券=$188,640.00 冻结=$0.00 购买力=$635,296.69 (HKD)
2026-07-30 01:52:31.714 | INFO | FUTU_US | [FUTU_US] 账户: 总资产=$9,999,905.41 现金=$9,996,058.01 证券=$3,847.40 冻结=$0.00 购买力=$19,995,963.42 (USD)
2026-07-30 01:52:35.771 | INFO | FUTU_HK | [FUTU_HK] 账户: 总资产=$823,936.69 现金=$635,296.69 证券=$188,640.00 冻结=$0.00 购买力=$635,296.69 (HKD)
2026-07-30 01:52:37.715 | INFO | FUTU_US | [FUTU_US] 账户: 总资产=$9,999,905.41 现金=$9,996,058.01 证券=$3,847.40 冻结=$0.00 购买力=$19,995,963.42 (USD)
2026-07-30 01:52:41.770 | INFO | FUTU_HK | [FUTU_HK] 账户: 总资产=$823,936.69 现金=$635,296.69 证券=$188,640.00 冻结=$0.00 购买力=$635,296.69 (HKD)
2026-07-30 01:52:43.713 | INFO | FUTU_US | [FUTU_US] 账户: 总资产=$9,999,905.41 现金=$9,996,058.01 证券=$3,847.40 冻结=$0.00 购买力=$19,995,963.42 (USD)
2026-07-30 01:52:47.771 | INFO | FUTU_HK | [FUTU_HK] 账户: 总资产=$823,936.69 现金=$635,296.69 证券=$188,640.00 冻结=$0.00 购买力=$635,296.69 (HKD)
2026-07-30 01:52:49.724 | INFO | FUTU_US | [FUTU_US] 账户: 总资产=$9,999,905.41 现金=$9,996,058.01 证券=$3,847.40 冻结=$0.00 购买力=$19,995,963.42 (USD)
2026-07-30 01:52:53.773 | INFO | FUTU_HK | [FUTU_HK] 账户: 总资产=$823,936.69 现金=$635,296.69 证券=$188,640.00 冻结=$0.00 购买力=$635,296.69 (HKD)
2026-07-30 01:52:55.724 | INFO | FUTU_US | [FUTU_US] 账户: 总资产=$9,999,905.41 现金=$9,996,058.01 证券=$3,847.40 冻结=$0.00 购买力=$19,995,963.42 (USD)
2026-07-30 01:53:16.071 | INFO | FUTU_US | [FUTU_US] 行情接口连接成功（含多周期K线+TICKER）
2026-07-30 01:53:16.084 | INFO | FUTU_US | [FUTU_US] 交易接口解锁提示: 请使用OpenD页面右上角解锁按钮解锁交易，GUI版本OpenD已屏蔽解锁接口
2026-07-30 01:53:16.089 | INFO | FUTU_US | [FUTU_US] 账户列表 (共 2 个):
2026-07-30 01:53:16.089 | INFO | FUTU_US |   acc_id=281756478840044880 env=REAL type=MARGIN sim_type=N/A status=ACTIVE
2026-07-30 01:53:16.089 | INFO | FUTU_US |   acc_id=20074546 env=SIMULATE type=MARGIN sim_type=STOCK_AND_OPTION status=ACTIVE
2026-07-30 01:53:16.089 | INFO | FUTU_US | [FUTU_US] ✅ 选中: 美股模拟(股票+期权) acc_id=20074546
2026-07-30 01:53:16.090 | INFO | FUTU_US | [FUTU_US] 交易接口连接成功 (最终 acc_id=20074546)
2026-07-30 01:53:16.090 | INFO | FUTU_US | [FUTU_US] 警告：main_engine 为 None，无法自注册
2026-07-30 01:53:16.111 | INFO | FUTU_US | [FUTU_US] ✅ Tick 落盘监听器已注册 (EVENT_TICK)
2026-07-30 01:53:16.115 | INFO | FUTU_HK | [FUTU_HK] 行情接口连接成功（含多周期K线+TICKER）
2026-07-30 01:53:16.128 | INFO | FUTU_HK | [FUTU_HK] 交易接口解锁提示: 请使用OpenD页面右上角解锁按钮解锁交易，GUI版本OpenD已屏蔽解锁接口
2026-07-30 01:53:16.132 | INFO | FUTU_HK | [FUTU_HK] 账户列表 (共 3 个):
2026-07-30 01:53:16.132 | INFO | FUTU_HK |   acc_id=281756478840044880 env=REAL type=MARGIN sim_type=N/A status=ACTIVE
2026-07-30 01:53:16.132 | INFO | FUTU_HK |   acc_id=19110066 env=SIMULATE type=CASH sim_type=STOCK status=ACTIVE
2026-07-30 01:53:16.133 | INFO | FUTU_HK |   acc_id=19110071 env=SIMULATE type=MARGIN sim_type=OPTION status=ACTIVE
2026-07-30 01:53:16.133 | INFO | FUTU_HK | [FUTU_HK] ⚠️ 降级现金模拟 acc_id=19110066
2026-07-30 01:53:16.133 | INFO | FUTU_HK | [FUTU_HK] 交易接口连接成功 (最终 acc_id=19110066)
2026-07-30 01:53:16.134 | INFO | FUTU_HK | [FUTU_HK] 警告：main_engine 为 None，无法自注册
2026-07-30 01:53:16.818 | INFO | CtaStrategy | CTA策略引擎初始化成功
2026-07-30 01:53:16.967 | INFO | CtaStrategy | CTA策略引擎初始化成功
2026-07-30 01:53:27.163 | INFO | FUTU_HK | [FUTU_HK] 合约查询完成: 21367 个
2026-07-30 01:53:27.170 | INFO | FUTU_HK | [FUTU_HK] 查询成交失败: 模拟交易不支持成交数据
2026-07-30 01:53:27.192 | INFO | FUTU_HK | [FUTU_HK] 调试 accinfo 字段: ['power', 'max_power_short', 'net_cash_power', 'total_assets', 'securities_assets', 'fund_assets', 'bond_assets', 'cash', 'market_val', 'long_mv', 'short_mv', 'pending_asset', 'interest_charged_amount', 'frozen_cash', 'avl_withdrawal_cash', 'max_withdrawal', 'currency', 'available_funds', 'unrealized_pl', 'realized_pl', 'risk_level', 'risk_status', 'initial_margin', 'margin_call_margin', 'maintenance_margin', 'hk_cash', 'hk_avl_withdrawal_cash', 'hkd_net_cash_power', 'hkd_assets', 'us_cash', 'us_avl_withdrawal_cash', 'usd_net_cash_power', 'usd_assets', 'cn_cash', 'cn_avl_withdrawal_cash', 'cnh_net_cash_power', 'cnh_assets', 'jp_cash', 'jp_avl_withdrawal_cash', 'jpy_net_cash_power', 'jpy_assets', 'sg_cash', 'sg_avl_withdrawal_cash', 'sgd_net_cash_power', 'sgd_assets', 'au_cash', 'au_avl_withdrawal_cash', 'aud_net_cash_power', 'aud_assets', 'ca_cash', 'ca_avl_withdrawal_cash', 'cad_net_cash_power', 'cad_assets', 'my_cash', 'my_avl_withdrawal_cash', 'myr_net_cash_power', 'myr_assets', 'is_pdt', 'pdt_seq', 'beginning_dtbp', 'remaining_dtbp', 'dt_call_amount', 'dt_status']
2026-07-30 01:53:27.192 | INFO | FUTU_HK | [FUTU_HK] 账户: 总资产=$823,936.69 现金=$635,296.69 证券=$188,640.00 冻结=$0.00 购买力=$635,296.69 (HKD)
2026-07-30 01:53:28.641 | INFO | FUTU_US | [FUTU_US] 合约查询完成: 20579 个
2026-07-30 01:53:28.647 | INFO | FUTU_US | [FUTU_US] 查询成交失败: 模拟交易不支持成交数据
2026-07-30 01:53:28.670 | INFO | FUTU_US | [FUTU_US] 调试 accinfo 字段: ['power', 'max_power_short', 'net_cash_power', 'total_assets', 'securities_assets', 'fund_assets', 'bond_assets', 'cash', 'market_val', 'long_mv', 'short_mv', 'pending_asset', 'interest_charged_amount', 'frozen_cash', 'avl_withdrawal_cash', 'max_withdrawal', 'currency', 'available_funds', 'unrealized_pl', 'realized_pl', 'risk_level', 'risk_status', 'initial_margin', 'margin_call_margin', 'maintenance_margin', 'hk_cash', 'hk_avl_withdrawal_cash', 'hkd_net_cash_power', 'hkd_assets', 'us_cash', 'us_avl_withdrawal_cash', 'usd_net_cash_power', 'usd_assets', 'cn_cash', 'cn_avl_withdrawal_cash', 'cnh_net_cash_power', 'cnh_assets', 'jp_cash', 'jp_avl_withdrawal_cash', 'jpy_net_cash_power', 'jpy_assets', 'sg_cash', 'sg_avl_withdrawal_cash', 'sgd_net_cash_power', 'sgd_assets', 'au_cash', 'au_avl_withdrawal_cash', 'aud_net_cash_power', 'aud_assets', 'ca_cash', 'ca_avl_withdrawal_cash', 'cad_net_cash_power', 'cad_assets', 'my_cash', 'my_avl_withdrawal_cash', 'myr_net_cash_power', 'myr_assets', 'is_pdt', 'pdt_seq', 'beginning_dtbp', 'remaining_dtbp', 'dt_call_amount', 'dt_status']
2026-07-30 01:53:28.670 | INFO | FUTU_US | [FUTU_US] 账户: 总资产=$9,999,905.41 现金=$9,996,058.01 证券=$3,847.40 冻结=$0.00 购买力=$19,995,963.42 (USD)
2026-07-30 01:53:30.186 | INFO | FUTU_HK | [FUTU_HK] 账户: 总资产=$823,936.69 现金=$635,296.69 证券=$188,640.00 冻结=$0.00 购买力=$635,296.69 (HKD)
2026-07-30 01:53:31.036 | INFO | FUTU_US | [FUTU_US] 账户: 总资产=$9,999,905.41 现金=$9,996,058.01 证券=$3,847.40 冻结=$0.00 购买力=$19,995,963.42 (USD)
2026-07-30 01:53:36.190 | INFO | FUTU_HK | [FUTU_HK] 账户: 总资产=$823,936.69 现金=$635,296.69 证券=$188,640.00 冻结=$0.00 购买力=$635,296.69 (HKD)
2026-07-30 01:53:37.044 | INFO | FUTU_US | [FUTU_US] 账户: 总资产=$9,999,905.41 现金=$9,996,058.01 证券=$3,847.40 冻结=$0.00 购买力=$19,995,963.42 (USD)
2026-07-30 01:53:42.193 | INFO | FUTU_HK | [FUTU_HK] 账户: 总资产=$823,936.69 现金=$635,296.69 证券=$188,640.00 冻结=$0.00 购买力=$635,296.69 (HKD)
2026-07-30 01:53:43.047 | INFO | FUTU_US | [FUTU_US] 账户: 总资产=$9,999,905.41 现金=$9,996,058.01 证券=$3,847.40 冻结=$0.00 购买力=$19,995,963.42 (USD)
2026-07-30 01:53:48.198 | INFO | FUTU_HK | [FUTU_HK] 账户: 总资产=$823,936.69 现金=$635,296.69 证券=$188,640.00 冻结=$0.00 购买力=$635,296.69 (HKD)
2026-07-30 01:53:49.054 | INFO | FUTU_US | [FUTU_US] 账户: 总资产=$9,999,905.41 现金=$9,996,058.01 证券=$3,847.40 冻结=$0.00 购买力=$19,995,963.42 (USD)
2026-07-30 01:53:54.204 | INFO | FUTU_HK | [FUTU_HK] 账户: 总资产=$823,936.69 现金=$635,296.69 证券=$188,640.00 冻结=$0.00 购买力=$635,296.69 (HKD)
2026-07-30 01:53:55.062 | INFO | FUTU_US | [FUTU_US] 账户: 总资产=$9,999,905.41 现金=$9,996,058.01 证券=$3,847.40 冻结=$0.00 购买力=$19,995,963.42 (USD)
2026-07-30 01:54:00.204 | INFO | FUTU_HK | [FUTU_HK] 账户: 总资产=$823,936.69 现金=$635,296.69 证券=$188,640.00 冻结=$0.00 购买力=$635,296.69 (HKD)
2026-07-30 01:54:01.063 | INFO | FUTU_US | [FUTU_US] 账户: 总资产=$9,999,905.41 现金=$9,996,058.01 证券=$3,847.40 冻结=$0.00 购买力=$19,995,963.42 (USD)
2026-07-30 01:54:06.212 | INFO | FUTU_HK | [FUTU_HK] 账户: 总资产=$823,936.69 现金=$635,296.69 证券=$188,640.00 冻结=$0.00 购买力=$635,296.69 (HKD)
2026-07-30 01:54:07.158 | INFO | FUTU_US | [FUTU_US] 账户: 总资产=$9,999,905.41 现金=$9,996,058.01 证券=$3,847.40 冻结=$0.00 购买力=$19,995,963.42 (USD)
2026-07-30 01:54:12.218 | INFO | FUTU_HK | [FUTU_HK] 账户: 总资产=$823,936.69 现金=$635,296.69 证券=$188,640.00 冻结=$0.00 购买力=$635,296.69 (HKD)
2026-07-30 01:54:13.166 | INFO | FUTU_US | [FUTU_US] 账户: 总资产=$9,999,905.41 现金=$9,996,058.01 证券=$3,847.40 冻结=$0.00 购买力=$19,995,963.42 (USD)
2026-07-30 01:54:18.214 | INFO | FUTU_HK | [FUTU_HK] 账户: 总资产=$823,936.69 现金=$635,296.69 证券=$188,640.00 冻结=$0.00 购买力=$635,296.69 (HKD)
2026-07-30 01:54:19.418 | INFO | FUTU_US | [FUTU_US] 账户: 总资产=$9,999,905.41 现金=$9,996,058.01 证券=$3,847.40 冻结=$0.00 购买力=$19,995,963.42 (USD)
2026-07-30 01:54:24.435 | INFO | FUTU_HK | [FUTU_HK] 账户: 总资产=$823,936.69 现金=$635,296.69 证券=$188,640.00 冻结=$0.00 购买力=$635,296.69 (HKD)
2026-07-30 01:54:25.176 | INFO | FUTU_US | [FUTU_US] 账户: 总资产=$9,999,905.41 现金=$9,996,058.01 证券=$3,847.40 冻结=$0.00 购买力=$19,995,963.42 (USD)
2026-07-30 01:54:30.440 | INFO | FUTU_HK | [FUTU_HK] 账户: 总资产=$823,936.69 现金=$635,296.69 证券=$188,640.00 冻结=$0.00 购买力=$635,296.69 (HKD)
2026-07-30 01:54:31.177 | INFO | FUTU_US | [FUTU_US] 账户: 总资产=$9,999,905.41 现金=$9,996,058.01 证券=$3,847.40 冻结=$0.00 购买力=$19,995,963.42 (USD)
2026-07-30 01:54:36.672 | INFO | FUTU_HK | [FUTU_HK] 账户: 总资产=$823,936.69 现金=$635,296.69 证券=$188,640.00 冻结=$0.00 购买力=$635,296.69 (HKD)
2026-07-30 01:54:37.183 | INFO | FUTU_US | [FUTU_US] 账户: 总资产=$9,999,905.41 现金=$9,996,058.01 证券=$3,847.40 冻结=$0.00 购买力=$19,995,963.42 (USD)
2026-07-30 01:54:42.669 | INFO | FUTU_HK | [FUTU_HK] 账户: 总资产=$823,936.69 现金=$635,296.69 证券=$188,640.00 冻结=$0.00 购买力=$635,296.69 (HKD)
2026-07-30 01:54:43.186 | INFO | FUTU_US | [FUTU_US] 账户: 总资产=$9,999,905.41 现金=$9,996,058.01 证券=$3,847.40 冻结=$0.00 购买力=$19,995,963.42 (USD)
2026-07-30 01:54:48.673 | INFO | FUTU_HK | [FUTU_HK] 账户: 总资产=$823,936.69 现金=$635,296.69 证券=$188,640.00 冻结=$0.00 购买力=$635,296.69 (HKD)
2026-07-30 01:54:49.189 | INFO | FUTU_US | [FUTU_US] 账户: 总资产=$9,999,905.41 现金=$9,996,058.01 证券=$3,847.40 冻结=$0.00 购买力=$19,995,963.42 (USD)
2026-07-30 01:54:54.679 | INFO | FUTU_HK | [FUTU_HK] 账户: 总资产=$823,936.69 现金=$635,296.69 证券=$188,640.00 冻结=$0.00 购买力=$635,296.69 (HKD)
2026-07-30 01:54:55.191 | INFO | FUTU_US | [FUTU_US] 账户: 总资产=$9,999,905.41 现金=$9,996,058.01 证券=$3,847.40 冻结=$0.00 购买力=$19,995,963.42 (USD)
2026-07-30 01:55:00.993 | INFO | FUTU_HK | [FUTU_HK] 账户: 总资产=$823,936.69 现金=$635,296.69 证券=$188,640.00 冻结=$0.00 购买力=$635,296.69 (HKD)
2026-07-30 01:55:01.197 | INFO | FUTU_US | [FUTU_US] 账户: 总资产=$9,999,905.41 现金=$9,996,058.01 证券=$3,847.40 冻结=$0.00 购买力=$19,995,963.42 (USD)
2026-07-30 01:55:06.982 | INFO | FUTU_HK | [FUTU_HK] 账户: 总资产=$823,936.69 现金=$635,296.69 证券=$188,640.00 冻结=$0.00 购买力=$635,296.69 (HKD)
2026-07-30 01:55:07.190 | INFO | FUTU_US | [FUTU_US] 账户: 总资产=$9,999,905.41 现金=$9,996,058.01 证券=$3,847.40 冻结=$0.00 购买力=$19,995,963.42 (USD)
2026-07-30 01:55:12.984 | INFO | FUTU_HK | [FUTU_HK] 账户: 总资产=$823,936.69 现金=$635,296.69 证券=$188,640.00 冻结=$0.00 购买力=$635,296.69 (HKD)
2026-07-30 01:55:13.196 | INFO | FUTU_US | [FUTU_US] 账户: 总资产=$9,999,905.41 现金=$9,996,058.01 证券=$3,847.40 冻结=$0.00 购买力=$19,995,963.42 (USD)
2026-07-30 01:55:18.985 | INFO | FUTU_HK | [FUTU_HK] 账户: 总资产=$823,936.69 现金=$635,296.69 证券=$188,640.00 冻结=$0.00 购买力=$635,296.69 (HKD)
2026-07-30 01:55:19.196 | INFO | FUTU_US | [FUTU_US] 账户: 总资产=$9,999,905.41 现金=$9,996,058.01 证券=$3,847.40 冻结=$0.00 购买力=$19,995,963.42 (USD)
2026-07-30 01:55:24.990 | INFO | FUTU_HK | [FUTU_HK] 账户: 总资产=$823,936.69 现金=$635,296.69 证券=$188,640.00 冻结=$0.00 购买力=$635,296.69 (HKD)
2026-07-30 01:55:25.199 | INFO | FUTU_US | [FUTU_US] 账户: 总资产=$9,999,905.41 现金=$9,996,058.01 证券=$3,847.40 冻结=$0.00 购买力=$19,995,963.42 (USD)
2026-07-30 01:55:30.993 | INFO | FUTU_HK | [FUTU_HK] 账户: 总资产=$823,936.69 现金=$635,296.69 证券=$188,640.00 冻结=$0.00 购买力=$635,296.69 (HKD)
2026-07-30 01:55:31.202 | INFO | FUTU_US | [FUTU_US] 账户: 总资产=$9,999,905.41 现金=$9,996,058.01 证券=$3,847.40 冻结=$0.00 购买力=$19,995,963.42 (USD)
2026-07-30 01:55:36.992 | INFO | FUTU_HK | [FUTU_HK] 账户: 总资产=$823,936.69 现金=$635,296.69 证券=$188,640.00 冻结=$0.00 购买力=$635,296.69 (HKD)
2026-07-30 01:55:37.208 | INFO | FUTU_US | [FUTU_US] 账户: 总资产=$9,999,905.41 现金=$9,996,058.01 证券=$3,847.40 冻结=$0.00 购买力=$19,995,963.42 (USD)
2026-07-30 01:55:42.999 | INFO | FUTU_HK | [FUTU_HK] 账户: 总资产=$823,936.69 现金=$635,296.69 证券=$188,640.00 冻结=$0.00 购买力=$635,296.69 (HKD)
2026-07-30 01:55:43.208 | INFO | FUTU_US | [FUTU_US] 账户: 总资产=$9,999,905.41 现金=$9,996,058.01 证券=$3,847.40 冻结=$0.00 购买力=$19,995,963.42 (USD)
2026-07-30 01:55:48.995 | INFO | FUTU_HK | [FUTU_HK] 账户: 总资产=$823,936.69 现金=$635,296.69 证券=$188,640.00 冻结=$0.00 购买力=$635,296.69 (HKD)
2026-07-30 01:55:49.211 | INFO | FUTU_US | [FUTU_US] 账户: 总资产=$9,999,905.41 现金=$9,996,058.01 证券=$3,847.40 冻结=$0.00 购买力=$19,995,963.42 (USD)
2026-07-30 01:55:55.002 | INFO | FUTU_HK | [FUTU_HK] 账户: 总资产=$823,936.69 现金=$635,296.69 证券=$188,640.00 冻结=$0.00 购买力=$635,296.69 (HKD)
2026-07-30 01:55:55.217 | INFO | FUTU_US | [FUTU_US] 账户: 总资产=$9,999,905.41 现金=$9,996,058.01 证券=$3,847.40 冻结=$0.00 购买力=$19,995,963.42 (USD)
2026-07-30 01:56:01.001 | INFO | FUTU_HK | [FUTU_HK] 账户: 总资产=$823,936.69 现金=$635,296.69 证券=$188,640.00 冻结=$0.00 购买力=$635,296.69 (HKD)
2026-07-30 01:56:01.217 | INFO | FUTU_US | [FUTU_US] 账户: 总资产=$9,999,905.41 现金=$9,996,058.01 证券=$3,847.40 冻结=$0.00 购买力=$19,995,963.42 (USD)
2026-07-30 01:56:07.009 | INFO | FUTU_HK | [FUTU_HK] 账户: 总资产=$823,936.69 现金=$635,296.69 证券=$188,640.00 冻结=$0.00 购买力=$635,296.69 (HKD)
2026-07-30 01:56:07.222 | INFO | FUTU_US | [FUTU_US] 账户: 总资产=$9,999,905.41 现金=$9,996,058.01 证券=$3,847.40 冻结=$0.00 购买力=$19,995,963.42 (USD)
2026-07-30 01:56:13.011 | INFO | FUTU_HK | [FUTU_HK] 账户: 总资产=$823,936.69 现金=$635,296.69 证券=$188,640.00 冻结=$0.00 购买力=$635,296.69 (HKD)
2026-07-30 01:56:13.229 | INFO | FUTU_US | [FUTU_US] 账户: 总资产=$9,999,905.41 现金=$9,996,058.01 证券=$3,847.40 冻结=$0.00 购买力=$19,995,963.42 (USD)
2026-07-30 01:56:19.016 | INFO | FUTU_HK | [FUTU_HK] 账户: 总资产=$823,936.69 现金=$635,296.69 证券=$188,640.00 冻结=$0.00 购买力=$635,296.69 (HKD)
2026-07-30 01:56:19.227 | INFO | FUTU_US | [FUTU_US] 账户: 总资产=$9,999,905.41 现金=$9,996,058.01 证券=$3,847.40 冻结=$0.00 购买力=$19,995,963.42 (USD)
2026-07-30 01:56:25.233 | INFO | FUTU_US | [FUTU_US] 账户: 总资产=$9,999,905.41 现金=$9,996,058.01 证券=$3,847.40 冻结=$0.00 购买力=$19,995,963.42 (USD)
2026-07-30 01:56:25.271 | INFO | FUTU_HK | [FUTU_HK] 账户: 总资产=$823,936.69 现金=$635,296.69 证券=$188,640.00 冻结=$0.00 购买力=$635,296.69 (HKD)
2026-07-30 01:56:31.301 | INFO | FUTU_US | [FUTU_US] 账户: 总资产=$9,999,905.41 现金=$9,996,058.01 证券=$3,847.40 冻结=$0.00 购买力=$19,995,963.42 (USD)
2026-07-30 01:56:31.323 | INFO | FUTU_HK | [FUTU_HK] 账户: 总资产=$823,936.69 现金=$635,296.69 证券=$188,640.00 冻结=$0.00 购买力=$635,296.69 (HKD)
2026-07-30 01:56:37.237 | INFO | FUTU_US | [FUTU_US] 账户: 总资产=$9,999,905.41 现金=$9,996,058.01 证券=$3,847.40 冻结=$0.00 购买力=$19,995,963.42 (USD)
2026-07-30 01:56:37.310 | INFO | FUTU_HK | [FUTU_HK] 账户: 总资产=$823,936.69 现金=$635,296.69 证券=$188,640.00 冻结=$0.00 购买力=$635,296.69 (HKD)
2026-07-30 01:56:43.238 | INFO | FUTU_US | [FUTU_US] 账户: 总资产=$9,999,905.41 现金=$9,996,058.01 证券=$3,847.40 冻结=$0.00 购买力=$19,995,963.42 (USD)
2026-07-30 01:56:43.318 | INFO | FUTU_HK | [FUTU_HK] 账户: 总资产=$823,936.69 现金=$635,296.69 证券=$188,640.00 冻结=$0.00 购买力=$635,296.69 (HKD)
2026-07-30 01:56:49.246 | INFO | FUTU_US | [FUTU_US] 账户: 总资产=$9,999,905.41 现金=$9,996,058.01 证券=$3,847.40 冻结=$0.00 购买力=$19,995,963.42 (USD)
2026-07-30 01:56:49.320 | INFO | FUTU_HK | [FUTU_HK] 账户: 总资产=$823,936.69 现金=$635,296.69 证券=$188,640.00 冻结=$0.00 购买力=$635,296.69 (HKD)
2026-07-30 01:56:55.246 | INFO | FUTU_US | [FUTU_US] 账户: 总资产=$9,999,905.41 现金=$9,996,058.01 证券=$3,847.40 冻结=$0.00 购买力=$19,995,963.42 (USD)
2026-07-30 01:56:55.321 | INFO | FUTU_HK | [FUTU_HK] 账户: 总资产=$823,936.69 现金=$635,296.69 证券=$188,640.00 冻结=$0.00 购买力=$635,296.69 (HKD)
2026-07-30 01:57:01.249 | INFO | FUTU_US | [FUTU_US] 账户: 总资产=$9,999,898.51 现金=$9,996,058.01 证券=$3,840.50 冻结=$0.00 购买力=$19,995,956.52 (USD)
2026-07-30 01:57:01.324 | INFO | FUTU_HK | [FUTU_HK] 账户: 总资产=$823,936.69 现金=$635,296.69 证券=$188,640.00 冻结=$0.00 购买力=$635,296.69 (HKD)
2026-07-30 01:57:07.256 | INFO | FUTU_US | [FUTU_US] 账户: 总资产=$9,999,898.51 现金=$9,996,058.01 证券=$3,840.50 冻结=$0.00 购买力=$19,995,956.52 (USD)
2026-07-30 01:57:07.329 | INFO | FUTU_HK | [FUTU_HK] 账户: 总资产=$823,936.69 现金=$635,296.69 证券=$188,640.00 冻结=$0.00 购买力=$635,296.69 (HKD)
2026-07-30 01:57:13.251 | INFO | FUTU_US | [FUTU_US] 账户: 总资产=$9,999,898.51 现金=$9,996,058.01 证券=$3,840.50 冻结=$0.00 购买力=$19,995,956.52 (USD)
2026-07-30 01:57:13.328 | INFO | FUTU_HK | [FUTU_HK] 账户: 总资产=$823,936.69 现金=$635,296.69 证券=$188,640.00 冻结=$0.00 购买力=$635,296.69 (HKD)
2026-07-30 01:57:19.257 | INFO | FUTU_US | [FUTU_US] 账户: 总资产=$9,999,898.51 现金=$9,996,058.01 证券=$3,840.50 冻结=$0.00 购买力=$19,995,956.52 (USD)
2026-07-30 01:57:19.334 | INFO | FUTU_HK | [FUTU_HK] 账户: 总资产=$823,936.69 现金=$635,296.69 证券=$188,640.00 冻结=$0.00 购买力=$635,296.69 (HKD)
2026-07-30 01:57:25.257 | INFO | FUTU_US | [FUTU_US] 账户: 总资产=$9,999,898.51 现金=$9,996,058.01 证券=$3,840.50 冻结=$0.00 购买力=$19,995,956.52 (USD)
2026-07-30 01:57:25.337 | INFO | FUTU_HK | [FUTU_HK] 账户: 总资产=$823,936.69 现金=$635,296.69 证券=$188,640.00 冻结=$0.00 购买力=$635,296.69 (HKD)
2026-07-30 01:57:31.267 | INFO | FUTU_US | [FUTU_US] 账户: 总资产=$9,999,899.31 现金=$9,996,058.01 证券=$3,841.30 冻结=$0.00 购买力=$19,995,957.32 (USD)
2026-07-30 01:57:31.339 | INFO | FUTU_HK | [FUTU_HK] 账户: 总资产=$823,936.69 现金=$635,296.69 证券=$188,640.00 冻结=$0.00 购买力=$635,296.69 (HKD)
2026-07-30 01:57:37.265 | INFO | FUTU_US | [FUTU_US] 账户: 总资产=$9,999,899.31 现金=$9,996,058.01 证券=$3,841.30 冻结=$0.00 购买力=$19,995,957.32 (USD)
2026-07-30 01:57:37.335 | INFO | FUTU_HK | [FUTU_HK] 账户: 总资产=$823,936.69 现金=$635,296.69 证券=$188,640.00 冻结=$0.00 购买力=$635,296.69 (HKD)
2026-07-30 01:57:43.268 | INFO | FUTU_US | [FUTU_US] 账户: 总资产=$9,999,899.31 现金=$9,996,058.01 证券=$3,841.30 冻结=$0.00 购买力=$19,995,957.32 (USD)
2026-07-30 01:57:43.342 | INFO | FUTU_HK | [FUTU_HK] 账户: 总资产=$823,936.69 现金=$635,296.69 证券=$188,640.00 冻结=$0.00 购买力=$635,296.69 (HKD)
2026-07-30 01:57:49.265 | INFO | FUTU_US | [FUTU_US] 账户: 总资产=$9,999,899.31 现金=$9,996,058.01 证券=$3,841.30 冻结=$0.00 购买力=$19,995,957.32 (USD)
2026-07-30 01:57:49.345 | INFO | FUTU_HK | [FUTU_HK] 账户: 总资产=$823,936.69 现金=$635,296.69 证券=$188,640.00 冻结=$0.00 购买力=$635,296.69 (HKD)
2026-07-30 01:57:55.275 | INFO | FUTU_US | [FUTU_US] 账户: 总资产=$9,999,899.31 现金=$9,996,058.01 证券=$3,841.30 冻结=$0.00 购买力=$19,995,957.32 (USD)
2026-07-30 01:57:55.347 | INFO | FUTU_HK | [FUTU_HK] 账户: 总资产=$823,936.69 现金=$635,296.69 证券=$188,640.00 冻结=$0.00 购买力=$635,296.69 (HKD)
2026-07-30 01:58:01.403 | INFO | FUTU_US | [FUTU_US] 账户: 总资产=$9,999,899.31 现金=$9,996,058.01 证券=$3,841.30 冻结=$0.00 购买力=$19,995,957.32 (USD)
2026-07-30 01:58:01.411 | INFO | FUTU_HK | [FUTU_HK] 账户: 总资产=$823,936.69 现金=$635,296.69 证券=$188,640.00 冻结=$0.00 购买力=$635,296.69 (HKD)
2026-07-30 01:58:07.288 | INFO | FUTU_US | [FUTU_US] 账户: 总资产=$9,999,899.31 现金=$9,996,058.01 证券=$3,841.30 冻结=$0.00 购买力=$19,995,957.32 (USD)
2026-07-30 01:58:07.410 | INFO | FUTU_HK | [FUTU_HK] 账户: 总资产=$823,936.69 现金=$635,296.69 证券=$188,640.00 冻结=$0.00 购买力=$635,296.69 (HKD)
2026-07-30 01:58:13.295 | INFO | FUTU_US | [FUTU_US] 账户: 总资产=$9,999,899.31 现金=$9,996,058.01 证券=$3,841.30 冻结=$0.00 购买力=$19,995,957.32 (USD)
2026-07-30 01:58:13.415 | INFO | FUTU_HK | [FUTU_HK] 账户: 总资产=$823,936.69 现金=$635,296.69 证券=$188,640.00 冻结=$0.00 购买力=$635,296.69 (HKD)
2026-07-30 01:58:19.295 | INFO | FUTU_US | [FUTU_US] 账户: 总资产=$9,999,899.31 现金=$9,996,058.01 证券=$3,841.30 冻结=$0.00 购买力=$19,995,957.32 (USD)
2026-07-30 01:58:19.427 | INFO | FUTU_HK | [FUTU_HK] 账户: 总资产=$823,936.69 现金=$635,296.69 证券=$188,640.00 冻结=$0.00 购买力=$635,296.69 (HKD)
2026-07-30 01:58:25.299 | INFO | FUTU_US | [FUTU_US] 账户: 总资产=$9,999,899.31 现金=$9,996,058.01 证券=$3,841.30 冻结=$0.00 购买力=$19,995,957.32 (USD)
2026-07-30 01:58:25.669 | INFO | FUTU_HK | [FUTU_HK] 账户: 总资产=$823,936.69 现金=$635,296.69 证券=$188,640.00 冻结=$0.00 购买力=$635,296.69 (HKD)
2026-07-30 01:58:31.308 | INFO | FUTU_US | [FUTU_US] 账户: 总资产=$9,999,899.31 现金=$9,996,058.01 证券=$3,841.30 冻结=$0.00 购买力=$19,995,957.32 (USD)
2026-07-30 01:58:31.723 | INFO | FUTU_HK | [FUTU_HK] 账户: 总资产=$823,936.69 现金=$635,296.69 证券=$188,640.00 冻结=$0.00 购买力=$635,296.69 (HKD)
2026-07-30 01:58:37.467 | INFO | FUTU_US | [FUTU_US] 账户: 总资产=$9,999,899.31 现金=$9,996,058.01 证券=$3,841.30 冻结=$0.00 购买力=$19,995,957.32 (USD)
2026-07-30 01:58:37.728 | INFO | FUTU_HK | [FUTU_HK] 账户: 总资产=$823,936.69 现金=$635,296.69 证券=$188,640.00 冻结=$0.00 购买力=$635,296.69 (HKD)
2026-07-30 01:58:43.319 | INFO | FUTU_US | [FUTU_US] 账户: 总资产=$9,999,899.31 现金=$9,996,058.01 证券=$3,841.30 冻结=$0.00 购买力=$19,995,957.32 (USD)
2026-07-30 01:58:43.732 | INFO | FUTU_HK | [FUTU_HK] 账户: 总资产=$823,936.69 现金=$635,296.69 证券=$188,640.00 冻结=$0.00 购买力=$635,296.69 (HKD)
2026-07-30 01:58:49.326 | INFO | FUTU_US | [FUTU_US] 账户: 总资产=$9,999,899.31 现金=$9,996,058.01 证券=$3,841.30 冻结=$0.00 购买力=$19,995,957.32 (USD)
2026-07-30 01:58:49.734 | INFO | FUTU_HK | [FUTU_HK] 账户: 总资产=$823,936.69 现金=$635,296.69 证券=$188,640.00 冻结=$0.00 购买力=$635,296.69 (HKD)
2026-07-30 01:58:55.336 | INFO | FUTU_US | [FUTU_US] 账户: 总资产=$9,999,899.31 现金=$9,996,058.01 证券=$3,841.30 冻结=$0.00 购买力=$19,995,957.32 (USD)
2026-07-30 01:58:55.737 | INFO | FUTU_HK | [FUTU_HK] 账户: 总资产=$823,936.69 现金=$635,296.69 证券=$188,640.00 冻结=$0.00 购买力=$635,296.69 (HKD)
2026-07-30 01:59:01.335 | INFO | FUTU_US | [FUTU_US] 账户: 总资产=$9,999,899.31 现金=$9,996,058.01 证券=$3,841.30 冻结=$0.00 购买力=$19,995,957.32 (USD)
2026-07-30 01:59:01.738 | INFO | FUTU_HK | [FUTU_HK] 账户: 总资产=$823,936.69 现金=$635,296.69 证券=$188,640.00 冻结=$0.00 购买力=$635,296.69 (HKD)
2026-07-30 01:59:07.335 | INFO | FUTU_US | [FUTU_US] 账户: 总资产=$9,999,899.31 现金=$9,996,058.01 证券=$3,841.30 冻结=$0.00 购买力=$19,995,957.32 (USD)
2026-07-30 01:59:07.739 | INFO | FUTU_HK | [FUTU_HK] 账户: 总资产=$823,936.69 现金=$635,296.69 证券=$188,640.00 冻结=$0.00 购买力=$635,296.69 (HKD)
2026-07-30 01:59:13.340 | INFO | FUTU_US | [FUTU_US] 账户: 总资产=$9,999,899.31 现金=$9,996,058.01 证券=$3,841.30 冻结=$0.00 购买力=$19,995,957.32 (USD)
2026-07-30 01:59:13.744 | INFO | FUTU_HK | [FUTU_HK] 账户: 总资产=$823,936.69 现金=$635,296.69 证券=$188,640.00 冻结=$0.00 购买力=$635,296.69 (HKD)
2026-07-30 01:59:19.339 | INFO | FUTU_US | [FUTU_US] 账户: 总资产=$9,999,899.31 现金=$9,996,058.01 证券=$3,841.30 冻结=$0.00 购买力=$19,995,957.32 (USD)
2026-07-30 01:59:19.745 | INFO | FUTU_HK | [FUTU_HK] 账户: 总资产=$823,936.69 现金=$635,296.69 证券=$188,640.00 冻结=$0.00 购买力=$635,296.69 (HKD)
2026-07-30 01:59:25.344 | INFO | FUTU_US | [FUTU_US] 账户: 总资产=$9,999,899.31 现金=$9,996,058.01 证券=$3,841.30 冻结=$0.00 购买力=$19,995,957.32 (USD)
2026-07-30 01:59:25.748 | INFO | FUTU_HK | [FUTU_HK] 账户: 总资产=$823,936.69 现金=$635,296.69 证券=$188,640.00 冻结=$0.00 购买力=$635,296.69 (HKD)
2026-07-30 01:59:31.505 | INFO | FUTU_US | [FUTU_US] 账户: 总资产=$9,999,899.31 现金=$9,996,058.01 证券=$3,841.30 冻结=$0.00 购买力=$19,995,957.32 (USD)
2026-07-30 01:59:31.750 | INFO | FUTU_HK | [FUTU_HK] 账户: 总资产=$823,936.69 现金=$635,296.69 证券=$188,640.00 冻结=$0.00 购买力=$635,296.69 (HKD)
2026-07-30 01:59:37.509 | INFO | FUTU_US | [FUTU_US] 账户: 总资产=$9,999,899.31 现金=$9,996,058.01 证券=$3,841.30 冻结=$0.00 购买力=$19,995,957.32 (USD)
2026-07-30 01:59:37.751 | INFO | FUTU_HK | [FUTU_HK] 账户: 总资产=$823,936.69 现金=$635,296.69 证券=$188,640.00 冻结=$0.00 购买力=$635,296.69 (HKD)
2026-07-30 01:59:43.515 | INFO | FUTU_US | [FUTU_US] 账户: 总资产=$9,999,899.31 现金=$9,996,058.01 证券=$3,841.30 冻结=$0.00 购买力=$19,995,957.32 (USD)
2026-07-30 01:59:43.754 | INFO | FUTU_HK | [FUTU_HK] 账户: 总资产=$823,936.69 现金=$635,296.69 证券=$188,640.00 冻结=$0.00 购买力=$635,296.69 (HKD)
2026-07-30 01:59:49.511 | INFO | FUTU_US | [FUTU_US] 账户: 总资产=$9,999,899.31 现金=$9,996,058.01 证券=$3,841.30 冻结=$0.00 购买力=$19,995,957.32 (USD)
2026-07-30 01:59:49.760 | INFO | FUTU_HK | [FUTU_HK] 账户: 总资产=$823,936.69 现金=$635,296.69 证券=$188,640.00 冻结=$0.00 购买力=$635,296.69 (HKD)
2026-07-30 01:59:55.516 | INFO | FUTU_US | [FUTU_US] 账户: 总资产=$9,999,899.31 现金=$9,996,058.01 证券=$3,841.30 冻结=$0.00 购买力=$19,995,957.32 (USD)
2026-07-30 01:59:55.762 | INFO | FUTU_HK | [FUTU_HK] 账户: 总资产=$823,936.69 现金=$635,296.69 证券=$188,640.00 冻结=$0.00 购买力=$635,296.69 (HKD)
2026-07-30 02:00:01.520 | INFO | FUTU_US | [FUTU_US] 账户: 总资产=$9,999,899.31 现金=$9,996,058.01 证券=$3,841.30 冻结=$0.00 购买力=$19,995,957.32 (USD)
2026-07-30 02:00:01.767 | INFO | FUTU_HK | [FUTU_HK] 账户: 总资产=$823,936.69 现金=$635,296.69 证券=$188,640.00 冻结=$0.00 购买力=$635,296.69 (HKD)
2026-07-30 02:00:07.524 | INFO | FUTU_US | [FUTU_US] 账户: 总资产=$9,999,899.31 现金=$9,996,058.01 证券=$3,841.30 冻结=$0.00 购买力=$19,995,957.32 (USD)
2026-07-30 02:00:07.768 | INFO | FUTU_HK | [FUTU_HK] 账户: 总资产=$823,936.69 现金=$635,296.69 证券=$188,640.00 冻结=$0.00 购买力=$635,296.69 (HKD)
2026-07-30 02:00:13.524 | INFO | FUTU_US | [FUTU_US] 账户: 总资产=$9,999,899.31 现金=$9,996,058.01 证券=$3,841.30 冻结=$0.00 购买力=$19,995,957.32 (USD)
2026-07-30 02:00:13.769 | INFO | FUTU_HK | [FUTU_HK] 账户: 总资产=$823,936.69 现金=$635,296.69 证券=$188,640.00 冻结=$0.00 购买力=$635,296.69 (HKD)
2026-07-30 02:00:19.554 | INFO | FUTU_US | [FUTU_US] 账户: 总资产=$9,999,899.31 现金=$9,996,058.01 证券=$3,841.30 冻结=$0.00 购买力=$19,995,957.32 (USD)
2026-07-30 02:00:19.772 | INFO | FUTU_HK | [FUTU_HK] 账户: 总资产=$823,936.69 现金=$635,296.69 证券=$188,640.00 冻结=$0.00 购买力=$635,296.69 (HKD)
2026-07-30 02:00:25.535 | INFO | FUTU_US | [FUTU_US] 账户: 总资产=$9,999,899.31 现金=$9,996,058.01 证券=$3,841.30 冻结=$0.00 购买力=$19,995,957.32 (USD)
2026-07-30 02:00:25.942 | INFO | FUTU_HK | [FUTU_HK] 账户: 总资产=$823,936.69 现金=$635,296.69 证券=$188,640.00 冻结=$0.00 购买力=$635,296.69 (HKD)
2026-07-30 02:00:31.535 | INFO | FUTU_US | [FUTU_US] 账户: 总资产=$9,999,899.31 现金=$9,996,058.01 证券=$3,841.30 冻结=$0.00 购买力=$19,995,957.32 (USD)
2026-07-30 02:00:31.940 | INFO | FUTU_HK | [FUTU_HK] 账户: 总资产=$823,936.69 现金=$635,296.69 证券=$188,640.00 冻结=$0.00 购买力=$635,296.69 (HKD)
2026-07-30 02:00:37.538 | INFO | FUTU_US | [FUTU_US] 账户: 总资产=$9,999,899.31 现金=$9,996,058.01 证券=$3,841.30 冻结=$0.00 购买力=$19,995,957.32 (USD)
2026-07-30 02:00:37.949 | INFO | FUTU_HK | [FUTU_HK] 账户: 总资产=$823,936.69 现金=$635,296.69 证券=$188,640.00 冻结=$0.00 购买力=$635,296.69 (HKD)
2026-07-30 02:00:43.540 | INFO | FUTU_US | [FUTU_US] 账户: 总资产=$9,999,899.31 现金=$9,996,058.01 证券=$3,841.30 冻结=$0.00 购买力=$19,995,957.32 (USD)
2026-07-30 02:00:43.943 | INFO | FUTU_HK | [FUTU_HK] 账户: 总资产=$823,936.69 现金=$635,296.69 证券=$188,640.00 冻结=$0.00 购买力=$635,296.69 (HKD)
2026-07-30 02:00:49.552 | INFO | FUTU_US | [FUTU_US] 账户: 总资产=$9,999,899.31 现金=$9,996,058.01 证券=$3,841.30 冻结=$0.00 购买力=$19,995,957.32 (USD)
2026-07-30 02:00:49.949 | INFO | FUTU_HK | [FUTU_HK] 账户: 总资产=$823,936.69 现金=$635,296.69 证券=$188,640.00 冻结=$0.00 购买力=$635,296.69 (HKD)
2026-07-30 02:00:55.553 | INFO | FUTU_US | [FUTU_US] 账户: 总资产=$9,999,899.31 现金=$9,996,058.01 证券=$3,841.30 冻结=$0.00 购买力=$19,995,957.32 (USD)
2026-07-30 02:00:55.956 | INFO | FUTU_HK | [FUTU_HK] 账户: 总资产=$823,936.69 现金=$635,296.69 证券=$188,640.00 冻结=$0.00 购买力=$635,296.69 (HKD)
2026-07-30 02:01:01.556 | INFO | FUTU_US | [FUTU_US] 账户: 总资产=$9,999,899.31 现金=$9,996,058.01 证券=$3,841.30 冻结=$0.00 购买力=$19,995,957.32 (USD)
2026-07-30 02:01:01.964 | INFO | FUTU_HK | [FUTU_HK] 账户: 总资产=$823,936.69 现金=$635,296.69 证券=$188,640.00 冻结=$0.00 购买力=$635,296.69 (HKD)
2026-07-30 02:01:07.564 | INFO | FUTU_US | [FUTU_US] 账户: 总资产=$9,999,899.31 现金=$9,996,058.01 证券=$3,841.30 冻结=$0.00 购买力=$19,995,957.32 (USD)
2026-07-30 02:01:07.969 | INFO | FUTU_HK | [FUTU_HK] 账户: 总资产=$823,936.69 现金=$635,296.69 证券=$188,640.00 冻结=$0.00 购买力=$635,296.69 (HKD)
2026-07-30 02:01:13.564 | INFO | FUTU_US | [FUTU_US] 账户: 总资产=$9,999,899.31 现金=$9,996,058.01 证券=$3,841.30 冻结=$0.00 购买力=$19,995,957.32 (USD)
2026-07-30 02:01:13.972 | INFO | FUTU_HK | [FUTU_HK] 账户: 总资产=$823,936.69 现金=$635,296.69 证券=$188,640.00 冻结=$0.00 购买力=$635,296.69 (HKD)
2026-07-30 02:04:28.873 | INFO | FUTU_US | [FUTU_US] 行情接口连接成功（含多周期K线+TICKER）
2026-07-30 02:04:28.885 | INFO | FUTU_US | [FUTU_US] 交易接口解锁提示: 请使用OpenD页面右上角解锁按钮解锁交易，GUI版本OpenD已屏蔽解锁接口
2026-07-30 02:04:28.890 | INFO | FUTU_US | [FUTU_US] 账户列表 (共 2 个):
2026-07-30 02:04:28.890 | INFO | FUTU_US |   acc_id=281756478840044880 env=REAL type=MARGIN sim_type=N/A status=ACTIVE
2026-07-30 02:04:28.890 | INFO | FUTU_US |   acc_id=20074546 env=SIMULATE type=MARGIN sim_type=STOCK_AND_OPTION status=ACTIVE
2026-07-30 02:04:28.891 | INFO | FUTU_US | [FUTU_US] ✅ 选中: 美股模拟(股票+期权) acc_id=20074546
2026-07-30 02:04:28.891 | INFO | FUTU_US | [FUTU_US] 交易接口连接成功 (最终 acc_id=20074546)
2026-07-30 02:04:28.891 | INFO | FUTU_US | [FUTU_US] 警告：main_engine 为 None，无法自注册
2026-07-30 02:04:28.920 | INFO | FUTU_US | [FUTU_US] ✅ Tick 落盘监听器已注册 (EVENT_TICK)
2026-07-30 02:04:28.925 | INFO | FUTU_HK | [FUTU_HK] 行情接口连接成功（含多周期K线+TICKER）
2026-07-30 02:04:28.936 | INFO | FUTU_HK | [FUTU_HK] 交易接口解锁提示: 请使用OpenD页面右上角解锁按钮解锁交易，GUI版本OpenD已屏蔽解锁接口
2026-07-30 02:04:28.940 | INFO | FUTU_HK | [FUTU_HK] 账户列表 (共 3 个):
2026-07-30 02:04:28.941 | INFO | FUTU_HK |   acc_id=281756478840044880 env=REAL type=MARGIN sim_type=N/A status=ACTIVE
2026-07-30 02:04:28.941 | INFO | FUTU_HK |   acc_id=19110066 env=SIMULATE type=CASH sim_type=STOCK status=ACTIVE
2026-07-30 02:04:28.941 | INFO | FUTU_HK |   acc_id=19110071 env=SIMULATE type=MARGIN sim_type=OPTION status=ACTIVE
2026-07-30 02:04:28.941 | INFO | FUTU_HK | [FUTU_HK] ⚠️ 降级现金模拟 acc_id=19110066
2026-07-30 02:04:28.942 | INFO | FUTU_HK | [FUTU_HK] 交易接口连接成功 (最终 acc_id=19110066)
2026-07-30 02:04:28.942 | INFO | FUTU_HK | [FUTU_HK] 警告：main_engine 为 None，无法自注册
2026-07-30 02:04:29.575 | INFO | CtaStrategy | CTA策略引擎初始化成功
2026-07-30 02:04:29.733 | INFO | CtaStrategy | CTA策略引擎初始化成功
2026-07-30 02:04:39.617 | INFO | FUTU_HK | [FUTU_HK] 合约查询完成: 21257 个
2026-07-30 02:04:39.624 | INFO | FUTU_HK | [FUTU_HK] 查询成交失败: 模拟交易不支持成交数据
2026-07-30 02:04:39.643 | INFO | FUTU_HK | [FUTU_HK] 调试 accinfo 字段: ['power', 'max_power_short', 'net_cash_power', 'total_assets', 'securities_assets', 'fund_assets', 'bond_assets', 'cash', 'market_val', 'long_mv', 'short_mv', 'pending_asset', 'interest_charged_amount', 'frozen_cash', 'avl_withdrawal_cash', 'max_withdrawal', 'currency', 'available_funds', 'unrealized_pl', 'realized_pl', 'risk_level', 'risk_status', 'initial_margin', 'margin_call_margin', 'maintenance_margin', 'hk_cash', 'hk_avl_withdrawal_cash', 'hkd_net_cash_power', 'hkd_assets', 'us_cash', 'us_avl_withdrawal_cash', 'usd_net_cash_power', 'usd_assets', 'cn_cash', 'cn_avl_withdrawal_cash', 'cnh_net_cash_power', 'cnh_assets', 'jp_cash', 'jp_avl_withdrawal_cash', 'jpy_net_cash_power', 'jpy_assets', 'sg_cash', 'sg_avl_withdrawal_cash', 'sgd_net_cash_power', 'sgd_assets', 'au_cash', 'au_avl_withdrawal_cash', 'aud_net_cash_power', 'aud_assets', 'ca_cash', 'ca_avl_withdrawal_cash', 'cad_net_cash_power', 'cad_assets', 'my_cash', 'my_avl_withdrawal_cash', 'myr_net_cash_power', 'myr_assets', 'is_pdt', 'pdt_seq', 'beginning_dtbp', 'remaining_dtbp', 'dt_call_amount', 'dt_status']
2026-07-30 02:04:39.643 | INFO | FUTU_HK | [FUTU_HK] 账户: 总资产=$823,936.69 现金=$635,296.69 证券=$188,640.00 冻结=$0.00 购买力=$635,296.69 (HKD)
2026-07-30 02:04:41.240 | INFO | FUTU_US | [FUTU_US] 合约查询完成: 20579 个
2026-07-30 02:04:41.247 | INFO | FUTU_US | [FUTU_US] 查询成交失败: 模拟交易不支持成交数据
2026-07-30 02:04:41.266 | INFO | FUTU_US | [FUTU_US] 调试 accinfo 字段: ['power', 'max_power_short', 'net_cash_power', 'total_assets', 'securities_assets', 'fund_assets', 'bond_assets', 'cash', 'market_val', 'long_mv', 'short_mv', 'pending_asset', 'interest_charged_amount', 'frozen_cash', 'avl_withdrawal_cash', 'max_withdrawal', 'currency', 'available_funds', 'unrealized_pl', 'realized_pl', 'risk_level', 'risk_status', 'initial_margin', 'margin_call_margin', 'maintenance_margin', 'hk_cash', 'hk_avl_withdrawal_cash', 'hkd_net_cash_power', 'hkd_assets', 'us_cash', 'us_avl_withdrawal_cash', 'usd_net_cash_power', 'usd_assets', 'cn_cash', 'cn_avl_withdrawal_cash', 'cnh_net_cash_power', 'cnh_assets', 'jp_cash', 'jp_avl_withdrawal_cash', 'jpy_net_cash_power', 'jpy_assets', 'sg_cash', 'sg_avl_withdrawal_cash', 'sgd_net_cash_power', 'sgd_assets', 'au_cash', 'au_avl_withdrawal_cash', 'aud_net_cash_power', 'aud_assets', 'ca_cash', 'ca_avl_withdrawal_cash', 'cad_net_cash_power', 'cad_assets', 'my_cash', 'my_avl_withdrawal_cash', 'myr_net_cash_power', 'myr_assets', 'is_pdt', 'pdt_seq', 'beginning_dtbp', 'remaining_dtbp', 'dt_call_amount', 'dt_status']
2026-07-30 02:04:41.267 | INFO | FUTU_US | [FUTU_US] 账户: 总资产=$9,999,924.81 现金=$9,996,058.01 证券=$3,866.80 冻结=$0.00 购买力=$19,995,982.82 (USD)
2026-07-30 02:04:41.974 | INFO | FUTU_HK | [FUTU_HK] 账户: 总资产=$823,936.69 现金=$635,296.69 证券=$188,640.00 冻结=$0.00 购买力=$635,296.69 (HKD)
2026-07-30 02:04:43.780 | INFO | FUTU_US | [FUTU_US] 账户: 总资产=$9,999,924.81 现金=$9,996,058.01 证券=$3,866.80 冻结=$0.00 购买力=$19,995,982.82 (USD)
2026-07-30 02:04:47.973 | INFO | FUTU_HK | [FUTU_HK] 账户: 总资产=$823,936.69 现金=$635,296.69 证券=$188,640.00 冻结=$0.00 购买力=$635,296.69 (HKD)
2026-07-30 02:04:49.784 | INFO | FUTU_US | [FUTU_US] 账户: 总资产=$9,999,924.81 现金=$9,996,058.01 证券=$3,866.80 冻结=$0.00 购买力=$19,995,982.82 (USD)
2026-07-30 02:04:52.995 | INFO | CtaStrategy | [GridStrategy_AAPL]  AI参数已加载: ['grid_step', 'grid_levels', 'fixed_size', 'upper_bound', 'lower_bound']
2026-07-30 02:04:52.996 | INFO | CtaStrategy | [GridStrategy_AAPL]  [INIT] GridStrategy_AAPL | AAPL.SMART | US=True HK=False v1
2026-07-30 02:04:52.998 | INFO | CtaStrategy | GridStrategy_AAPL开始执行初始化
2026-07-30 02:04:52.999 | INFO | CtaStrategy | [GridStrategy_AAPL]  ✅ GridStrategy_AAPL 初始化完成 (v1)
2026-07-30 02:04:52.999 | INFO | CtaStrategy | [GridStrategy_AAPL]  网格策略初始化 | 层数=5 ATR间距=True
2026-07-30 02:04:53.000 | INFO | MainEngine | 订阅行情 -> FUTU_US：SubscribeRequest(symbol='AAPL', exchange=<Exchange.SMART: 'SMART'>)
2026-07-30 02:04:53.000 | INFO | FUTU_US | [FUTU_US] 订阅参数: US.AAPL session=ALL
2026-07-30 02:04:53.001 | INFO | CtaStrategy | 策略GridStrategy_AAPL启动失败，请先初始化
2026-07-30 02:04:53.005 | INFO | CtaStrategy | [GridStrategy_AMD]  AI参数已加载: ['grid_step', 'grid_levels', 'fixed_size', 'upper_bound', 'lower_bound']
2026-07-30 02:04:53.005 | INFO | CtaStrategy | [GridStrategy_AMD]  [INIT] GridStrategy_AMD | AMD.SMART | US=True HK=False v1
2026-07-30 02:04:53.007 | INFO | CtaStrategy | 策略GridStrategy_AMD启动失败，请先初始化
2026-07-30 02:04:53.010 | INFO | CtaStrategy | [GridStrategy_AMZN]  AI参数已加载: ['grid_step', 'grid_levels', 'fixed_size', 'upper_bound', 'lower_bound']
2026-07-30 02:04:53.011 | INFO | CtaStrategy | [GridStrategy_AMZN]  [INIT] GridStrategy_AMZN | AMZN.SMART | US=True HK=False v1
2026-07-30 02:04:53.012 | INFO | CtaStrategy | 策略GridStrategy_AMZN启动失败，请先初始化
2026-07-30 02:04:53.016 | INFO | CtaStrategy | [GridStrategy_BABA]  AI参数已加载: ['grid_step', 'grid_levels', 'fixed_size', 'upper_bound', 'lower_bound']
2026-07-30 02:04:53.016 | INFO | CtaStrategy | [GridStrategy_BABA]  [INIT] GridStrategy_BABA | BABA.SMART | US=True HK=False v1
2026-07-30 02:04:53.019 | INFO | CtaStrategy | 策略GridStrategy_BABA启动失败，请先初始化
2026-07-30 02:04:53.023 | INFO | CtaStrategy | [GridStrategy_GOOGL]  AI参数已加载: ['grid_step', 'grid_levels', 'fixed_size', 'upper_bound', 'lower_bound']
2026-07-30 02:04:53.024 | INFO | CtaStrategy | [GridStrategy_GOOGL]  [INIT] GridStrategy_GOOGL | GOOGL.SMART | US=True HK=False v1
2026-07-30 02:04:53.025 | INFO | CtaStrategy | 策略GridStrategy_GOOGL启动失败，请先初始化
2026-07-30 02:04:53.029 | INFO | CtaStrategy | [GridStrategy_META]  AI参数已加载: ['grid_step', 'grid_levels', 'fixed_size', 'upper_bound', 'lower_bound']
2026-07-30 02:04:53.030 | INFO | CtaStrategy | [GridStrategy_META]  [INIT] GridStrategy_META | META.SMART | US=True HK=False v1
2026-07-30 02:04:53.033 | INFO | CtaStrategy | 策略GridStrategy_META启动失败，请先初始化
2026-07-30 02:04:53.041 | INFO | FUTU_US | [FUTU_US] ✅ 全套订阅成功: US.AAPL
2026-07-30 02:04:53.042 | INFO | CtaStrategy | GridStrategy_AAPL初始化完成
2026-07-30 02:04:53.043 | INFO | CtaStrategy | GridStrategy_AMD开始执行初始化
2026-07-30 02:04:53.043 | INFO | CtaStrategy | [GridStrategy_AMD]  ✅ GridStrategy_AMD 初始化完成 (v1)
2026-07-30 02:04:53.043 | INFO | CtaStrategy | [GridStrategy_AMD]  网格策略初始化 | 层数=5 ATR间距=True
2026-07-30 02:04:53.044 | INFO | MainEngine | 订阅行情 -> FUTU_US：SubscribeRequest(symbol='AMD', exchange=<Exchange.SMART: 'SMART'>)
2026-07-30 02:04:53.046 | INFO | FUTU_US | [FUTU_US] 订阅参数: US.AMD session=ALL
2026-07-30 02:04:53.054 | INFO | CtaStrategy | [GridStrategy_MSFT]  AI参数已加载: ['grid_step', 'grid_levels', 'fixed_size', 'upper_bound', 'lower_bound']
2026-07-30 02:04:53.055 | INFO | CtaStrategy | [GridStrategy_MSFT]  [INIT] GridStrategy_MSFT | MSFT.SMART | US=True HK=False v1
2026-07-30 02:04:53.057 | INFO | CtaStrategy | 策略GridStrategy_MSFT启动失败，请先初始化
2026-07-30 02:04:53.063 | INFO | CtaStrategy | [GridStrategy_NFLX]  AI参数已加载: ['grid_step', 'grid_levels', 'fixed_size', 'upper_bound', 'lower_bound']
2026-07-30 02:04:53.064 | INFO | CtaStrategy | [GridStrategy_NFLX]  [INIT] GridStrategy_NFLX | NFLX.SMART | US=True HK=False v1
2026-07-30 02:04:53.068 | INFO | CtaStrategy | 策略GridStrategy_NFLX启动失败，请先初始化
2026-07-30 02:04:53.077 | INFO | FUTU_US | [FUTU_US] ✅ 全套订阅成功: US.AMD
2026-07-30 02:04:53.078 | INFO | CtaStrategy | GridStrategy_AMD初始化完成
2026-07-30 02:04:53.080 | INFO | CtaStrategy | GridStrategy_AMZN开始执行初始化
2026-07-30 02:04:53.086 | INFO | CtaStrategy | [GridStrategy_AMZN]  ✅ GridStrategy_AMZN 初始化完成 (v1)
2026-07-30 02:04:53.088 | INFO | CtaStrategy | [GridStrategy_AMZN]  网格策略初始化 | 层数=5 ATR间距=True
2026-07-30 02:04:53.089 | INFO | MainEngine | 订阅行情 -> FUTU_US：SubscribeRequest(symbol='AMZN', exchange=<Exchange.SMART: 'SMART'>)
2026-07-30 02:04:53.089 | INFO | FUTU_US | [FUTU_US] 订阅参数: US.AMZN session=ALL
2026-07-30 02:04:53.090 | INFO | CtaStrategy | [GridStrategy_NVDA]  AI参数已加载: ['grid_step', 'grid_levels', 'fixed_size', 'upper_bound', 'lower_bound']
2026-07-30 02:04:53.091 | INFO | CtaStrategy | [GridStrategy_NVDA]  [INIT] GridStrategy_NVDA | NVDA.SMART | US=True HK=False v1
2026-07-30 02:04:53.093 | INFO | CtaStrategy | 策略GridStrategy_NVDA启动失败，请先初始化
2026-07-30 02:04:53.101 | INFO | CtaStrategy | [GridStrategy_TSLA]  AI参数已加载: ['grid_step', 'grid_levels', 'fixed_size', 'upper_bound', 'lower_bound']
2026-07-30 02:04:53.102 | INFO | CtaStrategy | [GridStrategy_TSLA]  [INIT] GridStrategy_TSLA | TSLA.SMART | US=True HK=False v1
2026-07-30 02:04:53.105 | INFO | CtaStrategy | 策略GridStrategy_TSLA启动失败，请先初始化
2026-07-30 02:04:53.125 | INFO | FUTU_US | [FUTU_US] ✅ 全套订阅成功: US.AMZN
2026-07-30 02:04:53.125 | INFO | CtaStrategy | GridStrategy_AMZN初始化完成
2026-07-30 02:04:53.128 | INFO | CtaStrategy | GridStrategy_BABA开始执行初始化
2026-07-30 02:04:53.130 | INFO | CtaStrategy | [GridStrategy_BABA]  ✅ GridStrategy_BABA 初始化完成 (v1)
2026-07-30 02:04:53.130 | INFO | CtaStrategy | [GridStrategy_BABA]  网格策略初始化 | 层数=5 ATR间距=True
2026-07-30 02:04:53.131 | INFO | MainEngine | 订阅行情 -> FUTU_US：SubscribeRequest(symbol='BABA', exchange=<Exchange.SMART: 'SMART'>)
2026-07-30 02:04:53.134 | INFO | FUTU_US | [FUTU_US] 订阅参数: US.BABA session=ALL
2026-07-30 02:04:53.169 | INFO | FUTU_US | [FUTU_US] ✅ 全套订阅成功: US.BABA
2026-07-30 02:04:53.170 | INFO | CtaStrategy | GridStrategy_BABA初始化完成
2026-07-30 02:04:53.171 | INFO | CtaStrategy | GridStrategy_GOOGL开始执行初始化
2026-07-30 02:04:53.172 | INFO | CtaStrategy | [GridStrategy_GOOGL]  ✅ GridStrategy_GOOGL 初始化完成 (v1)
2026-07-30 02:04:53.173 | INFO | CtaStrategy | [GridStrategy_GOOGL]  网格策略初始化 | 层数=5 ATR间距=True
2026-07-30 02:04:53.173 | INFO | MainEngine | 订阅行情 -> FUTU_US：SubscribeRequest(symbol='GOOGL', exchange=<Exchange.SMART: 'SMART'>)
2026-07-30 02:04:53.173 | INFO | FUTU_US | [FUTU_US] 订阅参数: US.GOOGL session=ALL
2026-07-30 02:04:53.205 | INFO | FUTU_US | [FUTU_US] ✅ 全套订阅成功: US.GOOGL
2026-07-30 02:04:53.205 | INFO | CtaStrategy | GridStrategy_GOOGL初始化完成
2026-07-30 02:04:53.207 | INFO | CtaStrategy | GridStrategy_META开始执行初始化
2026-07-30 02:04:53.208 | INFO | CtaStrategy | [GridStrategy_META]  ✅ GridStrategy_META 初始化完成 (v1)
2026-07-30 02:04:53.209 | INFO | CtaStrategy | [GridStrategy_META]  网格策略初始化 | 层数=5 ATR间距=True
2026-07-30 02:04:53.210 | INFO | MainEngine | 订阅行情 -> FUTU_US：SubscribeRequest(symbol='META', exchange=<Exchange.SMART: 'SMART'>)
2026-07-30 02:04:53.211 | INFO | FUTU_US | [FUTU_US] 订阅参数: US.META session=ALL
2026-07-30 02:04:53.245 | INFO | FUTU_US | [FUTU_US] ✅ 全套订阅成功: US.META
2026-07-30 02:04:53.245 | INFO | CtaStrategy | GridStrategy_META初始化完成
2026-07-30 02:04:53.246 | INFO | CtaStrategy | GridStrategy_MSFT开始执行初始化
2026-07-30 02:04:53.248 | INFO | CtaStrategy | [GridStrategy_MSFT]  ✅ GridStrategy_MSFT 初始化完成 (v1)
2026-07-30 02:04:53.249 | INFO | CtaStrategy | [GridStrategy_MSFT]  网格策略初始化 | 层数=5 ATR间距=True
2026-07-30 02:04:53.251 | INFO | MainEngine | 订阅行情 -> FUTU_US：SubscribeRequest(symbol='MSFT', exchange=<Exchange.SMART: 'SMART'>)
2026-07-30 02:04:53.252 | INFO | FUTU_US | [FUTU_US] 订阅参数: US.MSFT session=ALL
2026-07-30 02:04:53.282 | INFO | FUTU_US | [FUTU_US] ✅ 全套订阅成功: US.MSFT
2026-07-30 02:04:53.286 | INFO | CtaStrategy | GridStrategy_MSFT初始化完成
2026-07-30 02:04:53.288 | INFO | CtaStrategy | GridStrategy_NFLX开始执行初始化
2026-07-30 02:04:53.289 | INFO | CtaStrategy | [GridStrategy_NFLX]  ✅ GridStrategy_NFLX 初始化完成 (v1)
2026-07-30 02:04:53.291 | INFO | CtaStrategy | [GridStrategy_NFLX]  网格策略初始化 | 层数=5 ATR间距=True
2026-07-30 02:04:53.293 | INFO | MainEngine | 订阅行情 -> FUTU_US：SubscribeRequest(symbol='NFLX', exchange=<Exchange.SMART: 'SMART'>)
2026-07-30 02:04:53.294 | INFO | FUTU_US | [FUTU_US] 订阅参数: US.NFLX session=ALL
2026-07-30 02:04:53.329 | INFO | FUTU_US | [FUTU_US] ✅ 全套订阅成功: US.NFLX
2026-07-30 02:04:53.331 | INFO | CtaStrategy | GridStrategy_NFLX初始化完成
2026-07-30 02:04:53.332 | INFO | CtaStrategy | GridStrategy_NVDA开始执行初始化
2026-07-30 02:04:53.333 | INFO | CtaStrategy | [GridStrategy_NVDA]  ✅ GridStrategy_NVDA 初始化完成 (v1)
2026-07-30 02:04:53.333 | INFO | CtaStrategy | [GridStrategy_NVDA]  网格策略初始化 | 层数=5 ATR间距=True
2026-07-30 02:04:53.333 | INFO | MainEngine | 订阅行情 -> FUTU_US：SubscribeRequest(symbol='NVDA', exchange=<Exchange.SMART: 'SMART'>)
2026-07-30 02:04:53.334 | INFO | FUTU_US | [FUTU_US] 订阅参数: US.NVDA session=ALL
2026-07-30 02:04:53.381 | INFO | FUTU_US | [FUTU_US] ✅ 全套订阅成功: US.NVDA
2026-07-30 02:04:53.385 | INFO | CtaStrategy | GridStrategy_NVDA初始化完成
2026-07-30 02:04:53.385 | INFO | CtaStrategy | GridStrategy_TSLA开始执行初始化
2026-07-30 02:04:53.386 | INFO | CtaStrategy | [GridStrategy_TSLA]  ✅ GridStrategy_TSLA 初始化完成 (v1)
2026-07-30 02:04:53.386 | INFO | CtaStrategy | [GridStrategy_TSLA]  网格策略初始化 | 层数=5 ATR间距=True
2026-07-30 02:04:53.386 | INFO | MainEngine | 订阅行情 -> FUTU_US：SubscribeRequest(symbol='TSLA', exchange=<Exchange.SMART: 'SMART'>)
2026-07-30 02:04:53.387 | INFO | FUTU_US | [FUTU_US] 订阅参数: US.TSLA session=ALL
2026-07-30 02:04:53.430 | INFO | FUTU_US | [FUTU_US] ✅ 全套订阅成功: US.TSLA
2026-07-30 02:04:53.432 | INFO | CtaStrategy | GridStrategy_TSLA初始化完成
2026-07-30 02:04:53.451 | INFO | FUTU_US | [DB CHECKPOINT] FUTU_US @ 100
2026-07-30 02:04:53.513 | INFO | FUTU_US | [DB CHECKPOINT] FUTU_US @ 200
2026-07-30 02:04:53.558 | INFO | FUTU_US | [DB CHECKPOINT] FUTU_US @ 300
2026-07-30 02:04:53.647 | INFO | FUTU_US | [DB CHECKPOINT] FUTU_US @ 400
2026-07-30 02:04:53.792 | INFO | FUTU_US | [DB CHECKPOINT] FUTU_US @ 500
2026-07-30 02:04:53.991 | INFO | FUTU_HK | [FUTU_HK] 账户: 总资产=$823,936.69 现金=$635,296.69 证券=$188,640.00 冻结=$0.00 购买力=$635,296.69 (HKD)
2026-07-30 02:04:54.106 | INFO | FUTU_US | [DB CHECKPOINT] FUTU_US @ 600
2026-07-30 02:04:54.291 | INFO | FUTU_US | [DB CHECKPOINT] FUTU_US @ 700
2026-07-30 02:04:54.434 | INFO | FUTU_US | [DB CHECKPOINT] FUTU_US @ 800
2026-07-30 02:04:54.950 | INFO | FUTU_US | [DB CHECKPOINT] FUTU_US @ 900
2026-07-30 02:04:55.068 | INFO | FUTU_US | [DB CHECKPOINT] FUTU_US @ 1000
2026-07-30 02:04:55.183 | INFO | FUTU_US | [DB CHECKPOINT] FUTU_US @ 1100
2026-07-30 02:04:55.327 | INFO | FUTU_US | [DB CHECKPOINT] FUTU_US @ 1200
2026-07-30 02:04:55.511 | INFO | FUTU_US | [DB CHECKPOINT] FUTU_US @ 1300
2026-07-30 02:04:55.702 | INFO | FUTU_US | [DB CHECKPOINT] FUTU_US @ 1400
2026-07-30 02:04:55.793 | INFO | FUTU_US | [FUTU_US] 账户: 总资产=$9,999,924.81 现金=$9,996,058.01 证券=$3,866.80 冻结=$0.00 购买力=$19,995,982.82 (USD)
2026-07-30 02:04:55.957 | INFO | FUTU_US | [DB CHECKPOINT] FUTU_US @ 1500
2026-07-30 02:04:56.143 | INFO | FUTU_US | [DB CHECKPOINT] FUTU_US @ 1600
2026-07-30 02:04:56.301 | INFO | FUTU_US | [DB CHECKPOINT] FUTU_US @ 1700
2026-07-30 02:04:56.432 | INFO | FUTU_US | [DB CHECKPOINT] FUTU_US @ 1800
2026-07-30 02:04:56.604 | INFO | FUTU_US | [DB CHECKPOINT] FUTU_US @ 1900
2026-07-30 02:04:56.780 | INFO | FUTU_US | [DB CHECKPOINT] FUTU_US @ 2000
2026-07-30 02:04:57.041 | INFO | FUTU_US | [DB CHECKPOINT] FUTU_US @ 2100
2026-07-30 02:04:57.251 | INFO | FUTU_US | [DB CHECKPOINT] FUTU_US @ 2200
2026-07-30 02:04:57.437 | INFO | FUTU_US | [DB CHECKPOINT] FUTU_US @ 2300
2026-07-30 02:04:57.587 | INFO | FUTU_US | [DB CHECKPOINT] FUTU_US @ 2400
2026-07-30 02:04:57.912 | INFO | FUTU_US | [DB CHECKPOINT] FUTU_US @ 2500
2026-07-30 02:04:58.130 | INFO | FUTU_US | [DB CHECKPOINT] FUTU_US @ 2600
2026-07-30 02:04:58.370 | INFO | FUTU_US | [DB CHECKPOINT] FUTU_US @ 2700
2026-07-30 02:04:58.719 | INFO | FUTU_US | [DB CHECKPOINT] FUTU_US @ 2800
2026-07-30 02:04:58.821 | INFO | FUTU_US | [DB CHECKPOINT] FUTU_US @ 2900
2026-07-30 02:04:58.918 | INFO | FUTU_US | [DB CHECKPOINT] FUTU_US @ 3000
2026-07-30 02:04:59.114 | INFO | FUTU_US | [DB CHECKPOINT] FUTU_US @ 3100
2026-07-30 02:04:59.274 | INFO | FUTU_US | [DB CHECKPOINT] FUTU_US @ 3200
2026-07-30 02:04:59.583 | INFO | FUTU_US | [DB CHECKPOINT] FUTU_US @ 3300
2026-07-30 02:04:59.773 | INFO | FUTU_US | [DB CHECKPOINT] FUTU_US @ 3400
2026-07-30 02:04:59.976 | INFO | FUTU_US | [DB CHECKPOINT] FUTU_US @ 3500
2026-07-30 02:04:59.980 | INFO | FUTU_HK | [FUTU_HK] 账户: 总资产=$823,936.69 现金=$635,296.69 证券=$188,640.00 冻结=$0.00 购买力=$635,296.69 (HKD)
2026-07-30 02:05:00.120 | INFO | FUTU_US | [DB CHECKPOINT] FUTU_US @ 3600
2026-07-30 02:05:00.308 | INFO | FUTU_US | [DB CHECKPOINT] FUTU_US @ 3700
2026-07-30 02:05:00.510 | INFO | FUTU_US | [DB CHECKPOINT] FUTU_US @ 3800
2026-07-30 02:05:00.742 | INFO | FUTU_US | [DB CHECKPOINT] FUTU_US @ 3900
2026-07-30 02:05:00.847 | INFO | FUTU_US | [DB CHECKPOINT] FUTU_US @ 4000
2026-07-30 02:05:01.146 | INFO | FUTU_US | [DB CHECKPOINT] FUTU_US @ 4100
2026-07-30 02:05:01.299 | INFO | FUTU_US | [DB CHECKPOINT] FUTU_US @ 4200
2026-07-30 02:05:01.535 | INFO | FUTU_US | [DB CHECKPOINT] FUTU_US @ 4300
2026-07-30 02:05:01.712 | INFO | FUTU_US | [DB CHECKPOINT] FUTU_US @ 4400
2026-07-30 02:05:01.825 | INFO | FUTU_US | [FUTU_US] 账户: 总资产=$9,999,924.81 现金=$9,996,058.01 证券=$3,866.80 冻结=$0.00 购买力=$19,995,982.82 (USD)
2026-07-30 02:05:01.839 | INFO | FUTU_US | [DB CHECKPOINT] FUTU_US @ 4500
2026-07-30 02:05:01.869 | INFO | FUTU_US | [DB CHECKPOINT] FUTU_US @ 4600
2026-07-30 02:05:01.909 | INFO | FUTU_US | [DB CHECKPOINT] FUTU_US @ 4700
2026-07-30 02:05:01.947 | INFO | FUTU_US | [DB CHECKPOINT] FUTU_US @ 4800
2026-07-30 02:05:02.024 | INFO | FUTU_US | [DB CHECKPOINT] FUTU_US @ 4900
2026-07-30 02:05:02.213 | INFO | FUTU_US | [DB CHECKPOINT] FUTU_US @ 5000
2026-07-30 02:05:02.303 | INFO | FUTU_US | [DB CHECKPOINT] FUTU_US @ 5100
2026-07-30 02:05:02.413 | INFO | FUTU_US | [DB CHECKPOINT] FUTU_US @ 5200
2026-07-30 02:05:02.504 | INFO | FUTU_US | [DB CHECKPOINT] FUTU_US @ 5300
2026-07-30 02:05:02.688 | INFO | FUTU_US | [DB CHECKPOINT] FUTU_US @ 5400
2026-07-30 02:05:02.785 | INFO | FUTU_US | [DB CHECKPOINT] FUTU_US @ 5500
2026-07-30 02:05:02.898 | INFO | FUTU_US | [DB CHECKPOINT] FUTU_US @ 5600
2026-07-30 02:05:03.005 | INFO | FUTU_US | [DB CHECKPOINT] FUTU_US @ 5700
2026-07-30 02:05:03.142 | INFO | FUTU_US | [DB CHECKPOINT] FUTU_US @ 5800
2026-07-30 02:05:03.222 | INFO | FUTU_US | [DB CHECKPOINT] FUTU_US @ 5900
2026-07-30 02:05:03.304 | INFO | FUTU_US | [DB CHECKPOINT] FUTU_US @ 6000
2026-07-30 02:05:03.478 | INFO | FUTU_US | [DB CHECKPOINT] FUTU_US @ 6100
2026-07-30 02:05:03.820 | INFO | FUTU_US | [DB CHECKPOINT] FUTU_US @ 6200
2026-07-30 02:05:03.896 | INFO | FUTU_US | [DB CHECKPOINT] FUTU_US @ 6300
2026-07-30 02:05:04.103 | INFO | FUTU_US | [DB CHECKPOINT] FUTU_US @ 6400
2026-07-30 02:05:04.218 | INFO | FUTU_US | [DB CHECKPOINT] FUTU_US @ 6500
2026-07-30 02:05:04.283 | INFO | FUTU_US | [DB CHECKPOINT] FUTU_US @ 6600
2026-07-30 02:05:04.317 | INFO | FUTU_US | [DB CHECKPOINT] FUTU_US @ 6700
2026-07-30 02:05:04.378 | INFO | FUTU_US | [DB CHECKPOINT] FUTU_US @ 6800
2026-07-30 02:05:04.426 | INFO | FUTU_US | [DB CHECKPOINT] FUTU_US @ 6900
2026-07-30 02:05:04.461 | INFO | FUTU_US | [DB CHECKPOINT] FUTU_US @ 7000
2026-07-30 02:05:04.492 | INFO | FUTU_US | [DB CHECKPOINT] FUTU_US @ 7100
2026-07-30 02:05:04.562 | INFO | FUTU_US | [DB CHECKPOINT] FUTU_US @ 7200
2026-07-30 02:05:04.628 | INFO | FUTU_US | [DB CHECKPOINT] FUTU_US @ 7300
2026-07-30 02:05:04.675 | INFO | FUTU_US | [DB CHECKPOINT] FUTU_US @ 7400
2026-07-30 02:05:04.713 | INFO | FUTU_US | [DB CHECKPOINT] FUTU_US @ 7500
2026-07-30 02:05:04.819 | INFO | FUTU_US | [DB CHECKPOINT] FUTU_US @ 7600
2026-07-30 02:05:04.905 | INFO | FUTU_US | [DB CHECKPOINT] FUTU_US @ 7700
2026-07-30 02:05:04.981 | INFO | FUTU_US | [DB CHECKPOINT] FUTU_US @ 7800
2026-07-30 02:05:05.126 | INFO | FUTU_US | [DB CHECKPOINT] FUTU_US @ 7900
2026-07-30 02:05:05.219 | INFO | FUTU_US | [DB CHECKPOINT] FUTU_US @ 8000
2026-07-30 02:05:05.270 | INFO | FUTU_US | [DB CHECKPOINT] FUTU_US @ 8100
2026-07-30 02:05:05.349 | INFO | FUTU_US | [DB CHECKPOINT] FUTU_US @ 8200
2026-07-30 02:05:05.419 | INFO | FUTU_US | [DB CHECKPOINT] FUTU_US @ 8300
2026-07-30 02:05:05.506 | INFO | FUTU_US | [DB CHECKPOINT] FUTU_US @ 8400
2026-07-30 02:05:05.590 | INFO | FUTU_US | [DB CHECKPOINT] FUTU_US @ 8500
2026-07-30 02:05:05.634 | INFO | FUTU_US | [DB CHECKPOINT] FUTU_US @ 8600
2026-07-30 02:05:05.729 | INFO | FUTU_US | [DB CHECKPOINT] FUTU_US @ 8700
2026-07-30 02:05:05.812 | INFO | FUTU_US | [DB CHECKPOINT] FUTU_US @ 8800
2026-07-30 02:05:05.882 | INFO | FUTU_US | [DB CHECKPOINT] FUTU_US @ 8900
2026-07-30 02:05:06.072 | INFO | FUTU_HK | [FUTU_HK] 账户: 总资产=$823,936.69 现金=$635,296.69 证券=$188,640.00 冻结=$0.00 购买力=$635,296.69 (HKD)
2026-07-30 02:05:06.079 | INFO | FUTU_US | [DB CHECKPOINT] FUTU_US @ 9000
2026-07-30 02:05:06.196 | INFO | FUTU_US | [DB CHECKPOINT] FUTU_US @ 9100
2026-07-30 02:05:06.320 | INFO | FUTU_US | [DB CHECKPOINT] FUTU_US @ 9200
2026-07-30 02:05:06.424 | INFO | FUTU_US | [DB CHECKPOINT] FUTU_US @ 9300
2026-07-30 02:05:06.555 | INFO | FUTU_US | [DB CHECKPOINT] FUTU_US @ 9400
2026-07-30 02:05:06.671 | INFO | FUTU_US | [DB CHECKPOINT] FUTU_US @ 9500
2026-07-30 02:05:06.782 | INFO | FUTU_US | [DB CHECKPOINT] FUTU_US @ 9600
2026-07-30 02:05:06.920 | INFO | FUTU_US | [DB CHECKPOINT] FUTU_US @ 9700
2026-07-30 02:05:06.993 | INFO | FUTU_US | [DB CHECKPOINT] FUTU_US @ 9800
2026-07-30 02:05:07.136 | INFO | FUTU_US | [DB CHECKPOINT] FUTU_US @ 9900
2026-07-30 02:05:07.222 | INFO | FUTU_US | [DB CHECKPOINT] FUTU_US @ 10000
2026-07-30 02:05:07.414 | INFO | FUTU_US | [DB CHECKPOINT] FUTU_US @ 10100
2026-07-30 02:05:07.605 | INFO | FUTU_US | [DB CHECKPOINT] FUTU_US @ 10200
2026-07-30 02:05:07.830 | INFO | FUTU_US | [DB CHECKPOINT] FUTU_US @ 10300
2026-07-30 02:05:07.835 | INFO | FUTU_US | [FUTU_US] 账户: 总资产=$9,999,924.81 现金=$9,996,058.01 证券=$3,866.80 冻结=$0.00 购买力=$19,995,982.82 (USD)
2026-07-30 02:05:08.012 | INFO | FUTU_US | [DB CHECKPOINT] FUTU_US @ 10400
2026-07-30 02:05:08.211 | INFO | FUTU_US | [DB CHECKPOINT] FUTU_US @ 10500
2026-07-30 02:05:08.412 | INFO | FUTU_US | [DB CHECKPOINT] FUTU_US @ 10600
2026-07-30 02:05:08.915 | INFO | FUTU_US | [DB CHECKPOINT] FUTU_US @ 10700
2026-07-30 02:05:09.089 | INFO | FUTU_US | [DB CHECKPOINT] FUTU_US @ 10800
2026-07-30 02:05:09.201 | INFO | FUTU_US | [DB CHECKPOINT] FUTU_US @ 10900
2026-07-30 02:05:09.249 | INFO | FUTU_US | [DB CHECKPOINT] FUTU_US @ 11000
2026-07-30 02:05:09.350 | INFO | FUTU_US | [DB CHECKPOINT] FUTU_US @ 11100
2026-07-30 02:05:09.379 | INFO | FUTU_US | [DB CHECKPOINT] FUTU_US @ 11200
2026-07-30 02:05:09.485 | INFO | FUTU_US | [DB CHECKPOINT] FUTU_US @ 11300
2026-07-30 02:05:09.617 | INFO | FUTU_US | [DB CHECKPOINT] FUTU_US @ 11400
2026-07-30 02:05:09.792 | INFO | FUTU_US | [DB CHECKPOINT] FUTU_US @ 11500
2026-07-30 02:05:09.946 | INFO | FUTU_US | [DB CHECKPOINT] FUTU_US @ 11600
2026-07-30 02:05:10.174 | INFO | FUTU_US | [DB CHECKPOINT] FUTU_US @ 11700
2026-07-30 02:05:10.250 | INFO | FUTU_US | [DB CHECKPOINT] FUTU_US @ 11800
2026-07-30 02:05:10.371 | INFO | FUTU_US | [DB CHECKPOINT] FUTU_US @ 11900
2026-07-30 02:05:10.544 | INFO | FUTU_US | [DB CHECKPOINT] FUTU_US @ 12000
2026-07-30 02:05:10.829 | INFO | FUTU_US | [DB CHECKPOINT] FUTU_US @ 12100
2026-07-30 02:05:11.001 | INFO | FUTU_US | [DB CHECKPOINT] FUTU_US @ 12200
2026-07-30 02:05:11.145 | INFO | FUTU_US | [DB CHECKPOINT] FUTU_US @ 12300
2026-07-30 02:05:11.345 | INFO | FUTU_US | [DB CHECKPOINT] FUTU_US @ 12400
2026-07-30 02:05:11.507 | INFO | FUTU_US | [DB CHECKPOINT] FUTU_US @ 12500
2026-07-30 02:05:11.639 | INFO | FUTU_US | [DB CHECKPOINT] FUTU_US @ 12600
2026-07-30 02:05:11.802 | INFO | FUTU_US | [DB CHECKPOINT] FUTU_US @ 12700
2026-07-30 02:05:11.924 | INFO | FUTU_US | [DB CHECKPOINT] FUTU_US @ 12800
2026-07-30 02:05:12.084 | INFO | FUTU_HK | [FUTU_HK] 账户: 总资产=$823,936.69 现金=$635,296.69 证券=$188,640.00 冻结=$0.00 购买力=$635,296.69 (HKD)
2026-07-30 02:05:12.187 | INFO | FUTU_US | [DB CHECKPOINT] FUTU_US @ 12900
2026-07-30 02:05:12.438 | INFO | FUTU_US | [DB CHECKPOINT] FUTU_US @ 13000
2026-07-30 02:05:12.634 | INFO | FUTU_US | [DB CHECKPOINT] FUTU_US @ 13100
2026-07-30 02:05:12.958 | INFO | FUTU_US | [DB CHECKPOINT] FUTU_US @ 13200
2026-07-30 02:05:13.314 | INFO | FUTU_US | [DB CHECKPOINT] FUTU_US @ 13300
2026-07-30 02:05:14.024 | INFO | FUTU_US | [FUTU_US] 账户: 总资产=$9,999,924.81 现金=$9,996,058.01 证券=$3,866.80 冻结=$0.00 购买力=$19,995,982.82 (USD)
2026-07-30 02:05:14.156 | INFO | FUTU_US | [DB CHECKPOINT] FUTU_US @ 13400
2026-07-30 02:05:14.413 | INFO | FUTU_US | [DB CHECKPOINT] FUTU_US @ 13500
2026-07-30 02:05:14.849 | INFO | FUTU_US | [DB CHECKPOINT] FUTU_US @ 13600
2026-07-30 02:05:15.045 | INFO | FUTU_US | [DB CHECKPOINT] FUTU_US @ 13700
2026-07-30 02:05:15.268 | INFO | FUTU_US | [DB CHECKPOINT] FUTU_US @ 13800
2026-07-30 02:05:15.540 | INFO | FUTU_US | [DB CHECKPOINT] FUTU_US @ 13900
2026-07-30 02:05:15.715 | INFO | FUTU_US | [DB CHECKPOINT] FUTU_US @ 14000
2026-07-30 02:05:16.002 | INFO | FUTU_US | [DB CHECKPOINT] FUTU_US @ 14100
2026-07-30 02:05:16.322 | INFO | FUTU_US | [DB CHECKPOINT] FUTU_US @ 14200
2026-07-30 02:05:16.623 | INFO | FUTU_US | [DB CHECKPOINT] FUTU_US @ 14300
2026-07-30 02:05:17.054 | INFO | FUTU_US | [DB CHECKPOINT] FUTU_US @ 14400
2026-07-30 02:05:17.247 | INFO | FUTU_US | [DB CHECKPOINT] FUTU_US @ 14500
2026-07-30 02:05:17.537 | INFO | FUTU_US | [DB CHECKPOINT] FUTU_US @ 14600
2026-07-30 02:05:17.961 | INFO | FUTU_US | [DB CHECKPOINT] FUTU_US @ 14700
2026-07-30 02:05:18.110 | INFO | FUTU_HK | [FUTU_HK] 账户: 总资产=$823,936.69 现金=$635,296.69 证券=$188,640.00 冻结=$0.00 购买力=$635,296.69 (HKD)
2026-07-30 02:05:18.259 | INFO | FUTU_US | [DB CHECKPOINT] FUTU_US @ 14800
2026-07-30 02:05:18.457 | INFO | FUTU_US | [DB CHECKPOINT] FUTU_US @ 14900
2026-07-30 02:05:18.928 | INFO | FUTU_US | [DB CHECKPOINT] FUTU_US @ 15000
2026-07-30 02:05:19.408 | INFO | FUTU_US | [DB CHECKPOINT] FUTU_US @ 15100
2026-07-30 02:05:19.694 | INFO | FUTU_US | [DB CHECKPOINT] FUTU_US @ 15200
2026-07-30 02:05:19.956 | INFO | FUTU_US | [FUTU_US] 账户: 总资产=$9,999,924.81 现金=$9,996,058.01 证券=$3,866.80 冻结=$0.00 购买力=$19,995,982.82 (USD)
2026-07-30 02:05:20.104 | INFO | FUTU_US | [DB CHECKPOINT] FUTU_US @ 15300
2026-07-30 02:05:20.196 | INFO | FUTU_US | [DB CHECKPOINT] FUTU_US @ 15400
2026-07-30 02:05:20.657 | INFO | FUTU_US | [DB CHECKPOINT] FUTU_US @ 15500
2026-07-30 02:05:21.004 | INFO | FUTU_US | [DB CHECKPOINT] FUTU_US @ 15600
2026-07-30 02:05:21.397 | INFO | FUTU_US | [DB CHECKPOINT] FUTU_US @ 15700
2026-07-30 02:05:21.726 | INFO | FUTU_US | [DB CHECKPOINT] FUTU_US @ 15800
2026-07-30 02:05:22.089 | INFO | FUTU_US | [DB CHECKPOINT] FUTU_US @ 15900
2026-07-30 02:05:22.286 | INFO | FUTU_US | [DB CHECKPOINT] FUTU_US @ 16000
2026-07-30 02:05:22.598 | INFO | FUTU_US | [DB CHECKPOINT] FUTU_US @ 16100
2026-07-30 02:05:23.538 | INFO | FUTU_US | [DB CHECKPOINT] FUTU_US @ 16200
2026-07-30 02:05:23.799 | INFO | FUTU_US | [DB CHECKPOINT] FUTU_US @ 16300
2026-07-30 02:05:23.941 | INFO | FUTU_US | [DB CHECKPOINT] FUTU_US @ 16400
2026-07-30 02:05:24.109 | INFO | FUTU_HK | [FUTU_HK] 账户: 总资产=$823,936.69 现金=$635,296.69 证券=$188,640.00 冻结=$0.00 购买力=$635,296.69 (HKD)
2026-07-30 02:05:24.109 | INFO | FUTU_US | [DB CHECKPOINT] FUTU_US @ 16500
2026-07-30 02:05:24.252 | INFO | FUTU_US | [DB CHECKPOINT] FUTU_US @ 16600
2026-07-30 02:05:24.402 | INFO | FUTU_US | [DB CHECKPOINT] FUTU_US @ 16700
2026-07-30 02:05:24.534 | INFO | FUTU_US | [DB CHECKPOINT] FUTU_US @ 16800
2026-07-30 02:05:24.659 | INFO | FUTU_US | [DB CHECKPOINT] FUTU_US @ 16900
2026-07-30 02:05:24.792 | INFO | FUTU_US | [DB CHECKPOINT] FUTU_US @ 17000
2026-07-30 02:05:24.962 | INFO | FUTU_US | [DB CHECKPOINT] FUTU_US @ 17100
2026-07-30 02:05:25.084 | INFO | FUTU_US | [DB CHECKPOINT] FUTU_US @ 17200
2026-07-30 02:05:25.226 | INFO | FUTU_US | [DB CHECKPOINT] FUTU_US @ 17300
2026-07-30 02:05:25.323 | INFO | FUTU_US | [DB CHECKPOINT] FUTU_US @ 17400
2026-07-30 02:05:25.376 | INFO | FUTU_US | [DB CHECKPOINT] FUTU_US @ 17500
2026-07-30 02:05:25.523 | INFO | FUTU_US | [DB CHECKPOINT] FUTU_US @ 17600
2026-07-30 02:05:25.631 | INFO | FUTU_US | [DB CHECKPOINT] FUTU_US @ 17700
2026-07-30 02:05:25.762 | INFO | FUTU_US | [DB CHECKPOINT] FUTU_US @ 17800
2026-07-30 02:05:25.992 | INFO | FUTU_US | [FUTU_US] 账户: 总资产=$9,999,924.81 现金=$9,996,058.01 证券=$3,866.80 冻结=$0.00 购买力=$19,995,982.82 (USD)
2026-07-30 02:05:26.130 | INFO | FUTU_US | [DB CHECKPOINT] FUTU_US @ 17900
2026-07-30 02:05:26.235 | INFO | FUTU_US | [DB CHECKPOINT] FUTU_US @ 18000
2026-07-30 02:05:26.366 | INFO | FUTU_US | [DB CHECKPOINT] FUTU_US @ 18100
2026-07-30 02:05:26.474 | INFO | FUTU_US | [DB CHECKPOINT] FUTU_US @ 18200
2026-07-30 02:05:26.588 | INFO | FUTU_US | [DB CHECKPOINT] FUTU_US @ 18300
2026-07-30 02:05:26.677 | INFO | FUTU_US | [DB CHECKPOINT] FUTU_US @ 18400
2026-07-30 02:05:27.039 | INFO | FUTU_US | [DB CHECKPOINT] FUTU_US @ 18500
2026-07-30 02:05:27.253 | INFO | FUTU_US | [DB CHECKPOINT] FUTU_US @ 18600
2026-07-30 02:05:27.562 | INFO | FUTU_US | [DB CHECKPOINT] FUTU_US @ 18700
2026-07-30 02:05:27.814 | INFO | FUTU_US | [DB CHECKPOINT] FUTU_US @ 18800
2026-07-30 02:05:28.088 | INFO | FUTU_US | [DB CHECKPOINT] FUTU_US @ 18900
2026-07-30 02:05:28.614 | INFO | FUTU_US | [DB CHECKPOINT] FUTU_US @ 19000
2026-07-30 02:05:30.850 | INFO | FUTU_HK | [FUTU_HK] 账户: 总资产=$823,936.69 现金=$635,296.69 证券=$188,640.00 冻结=$0.00 购买力=$635,296.69 (HKD)
2026-07-30 02:05:31.796 | INFO | FUTU_US | [DB CHECKPOINT] FUTU_US @ 19100
2026-07-30 02:05:32.630 | INFO | FUTU_US | [FUTU_US] 账户: 总资产=$9,999,924.81 现金=$9,996,058.01 证券=$3,866.80 冻结=$0.00 购买力=$19,995,982.82 (USD)
2026-07-30 02:05:32.869 | INFO | FUTU_US | [DB CHECKPOINT] FUTU_US @ 19200
2026-07-30 02:05:35.199 | INFO | FUTU_US | [DB CHECKPOINT] FUTU_US @ 19300
2026-07-30 02:05:35.979 | INFO | FUTU_US | [DB CHECKPOINT] FUTU_US @ 19400
2026-07-30 02:05:36.657 | INFO | FUTU_US | [DB CHECKPOINT] FUTU_US @ 19500
2026-07-30 02:05:37.449 | INFO | FUTU_US | [DB CHECKPOINT] FUTU_US @ 19600
2026-07-30 02:05:37.951 | INFO | FUTU_HK | [FUTU_HK] 账户: 总资产=$823,936.69 现金=$635,296.69 证券=$188,640.00 冻结=$0.00 购买力=$635,296.69 (HKD)
2026-07-30 02:05:38.525 | INFO | FUTU_US | [FUTU_US] 账户: 总资产=$9,999,924.81 现金=$9,996,058.01 证券=$3,866.80 冻结=$0.00 购买力=$19,995,982.82 (USD)
2026-07-30 02:05:38.557 | INFO | FUTU_US | [DB CHECKPOINT] FUTU_US @ 19700
2026-07-30 02:05:39.431 | INFO | FUTU_US | [DB CHECKPOINT] FUTU_US @ 19800
2026-07-30 02:05:40.600 | INFO | FUTU_US | [DB CHECKPOINT] FUTU_US @ 19900
2026-07-30 02:05:43.928 | INFO | FUTU_HK | [FUTU_HK] 账户: 总资产=$823,936.69 现金=$635,296.69 证券=$188,640.00 冻结=$0.00 购买力=$635,296.69 (HKD)
2026-07-30 02:05:44.031 | INFO | FUTU_US | [DB CHECKPOINT] FUTU_US @ 20000
2026-07-30 02:05:44.578 | INFO | FUTU_US | [DB CHECKPOINT] FUTU_US @ 20100
2026-07-30 02:05:44.960 | INFO | FUTU_US | [FUTU_US] 账户: 总资产=$9,999,924.81 现金=$9,996,058.01 证券=$3,866.80 冻结=$0.00 购买力=$19,995,982.82 (USD)
2026-07-30 02:05:46.877 | INFO | FUTU_US | [DB CHECKPOINT] FUTU_US @ 20200
2026-07-30 02:05:47.478 | INFO | FUTU_US | [DB CHECKPOINT] FUTU_US @ 20300
2026-07-30 02:05:48.103 | INFO | FUTU_US | [DB CHECKPOINT] FUTU_US @ 20400
2026-07-30 02:05:48.703 | INFO | FUTU_US | [DB CHECKPOINT] FUTU_US @ 20500
2026-07-30 02:05:49.121 | INFO | FUTU_US | [DB CHECKPOINT] FUTU_US @ 20600
2026-07-30 02:05:49.556 | INFO | FUTU_US | [DB CHECKPOINT] FUTU_US @ 20700
2026-07-30 02:05:49.902 | INFO | FUTU_US | [DB CHECKPOINT] FUTU_US @ 20800
2026-07-30 02:05:49.986 | INFO | FUTU_HK | [FUTU_HK] 账户: 总资产=$823,936.69 现金=$635,296.69 证券=$188,640.00 冻结=$0.00 购买力=$635,296.69 (HKD)
2026-07-30 02:05:51.050 | INFO | FUTU_US | [FUTU_US] 账户: 总资产=$9,999,924.81 现金=$9,996,058.01 证券=$3,866.80 冻结=$0.00 购买力=$19,995,982.82 (USD)
2026-07-30 02:05:51.125 | INFO | FUTU_US | [DB CHECKPOINT] FUTU_US @ 20900
2026-07-30 02:05:51.436 | INFO | FUTU_US | [DB CHECKPOINT] FUTU_US @ 21000
2026-07-30 02:05:51.715 | INFO | FUTU_US | [DB CHECKPOINT] FUTU_US @ 21100
2026-07-30 02:05:52.000 | INFO | FUTU_US | [DB CHECKPOINT] FUTU_US @ 21200
2026-07-30 02:05:52.354 | INFO | FUTU_US | [DB CHECKPOINT] FUTU_US @ 21300
2026-07-30 02:05:53.681 | INFO | FUTU_US | [DB CHECKPOINT] FUTU_US @ 21400
2026-07-30 02:05:53.966 | INFO | FUTU_US | [DB CHECKPOINT] FUTU_US @ 21500
2026-07-30 02:05:54.149 | INFO | FUTU_US | [DB CHECKPOINT] FUTU_US @ 21600
2026-07-30 02:05:54.331 | INFO | FUTU_US | [DB CHECKPOINT] FUTU_US @ 21700
2026-07-30 02:05:54.647 | INFO | FUTU_US | [DB CHECKPOINT] FUTU_US @ 21800
2026-07-30 02:05:54.803 | INFO | FUTU_US | [DB CHECKPOINT] FUTU_US @ 21900
2026-07-30 02:05:54.933 | INFO | FUTU_US | [DB CHECKPOINT] FUTU_US @ 22000
2026-07-30 02:05:55.144 | INFO | FUTU_US | [DB CHECKPOINT] FUTU_US @ 22100
2026-07-30 02:05:55.337 | INFO | FUTU_US | [DB CHECKPOINT] FUTU_US @ 22200
2026-07-30 02:05:55.527 | INFO | FUTU_US | [DB CHECKPOINT] FUTU_US @ 22300
2026-07-30 02:05:55.721 | INFO | FUTU_US | [DB CHECKPOINT] FUTU_US @ 22400
2026-07-30 02:05:55.959 | INFO | FUTU_HK | [FUTU_HK] 账户: 总资产=$823,936.69 现金=$635,296.69 证券=$188,640.00 冻结=$0.00 购买力=$635,296.69 (HKD)
2026-07-30 02:05:56.008 | INFO | FUTU_US | [DB CHECKPOINT] FUTU_US @ 22500
2026-07-30 02:05:56.279 | INFO | FUTU_US | [DB CHECKPOINT] FUTU_US @ 22600
2026-07-30 02:05:57.242 | INFO | FUTU_US | [FUTU_US] 账户: 总资产=$9,999,924.81 现金=$9,996,058.01 证券=$3,866.80 冻结=$0.00 购买力=$19,995,982.82 (USD)
2026-07-30 02:05:57.365 | INFO | FUTU_US | [DB CHECKPOINT] FUTU_US @ 22700
2026-07-30 02:05:57.509 | INFO | FUTU_US | [DB CHECKPOINT] FUTU_US @ 22800
2026-07-30 02:05:57.739 | INFO | FUTU_US | [DB CHECKPOINT] FUTU_US @ 22900
2026-07-30 02:05:57.998 | INFO | FUTU_US | [DB CHECKPOINT] FUTU_US @ 23000
2026-07-30 02:05:58.226 | INFO | FUTU_US | [DB CHECKPOINT] FUTU_US @ 23100
2026-07-30 02:05:58.367 | INFO | FUTU_US | [DB CHECKPOINT] FUTU_US @ 23200
2026-07-30 02:05:58.554 | INFO | FUTU_US | [DB CHECKPOINT] FUTU_US @ 23300
2026-07-30 02:05:58.735 | INFO | FUTU_US | [DB CHECKPOINT] FUTU_US @ 23400
2026-07-30 02:05:58.984 | INFO | FUTU_US | [DB CHECKPOINT] FUTU_US @ 23500
2026-07-30 02:05:59.154 | INFO | FUTU_US | [DB CHECKPOINT] FUTU_US @ 23600
2026-07-30 02:05:59.478 | INFO | FUTU_US | [DB CHECKPOINT] FUTU_US @ 23700
2026-07-30 02:05:59.700 | INFO | FUTU_US | [DB CHECKPOINT] FUTU_US @ 23800
2026-07-30 02:05:59.944 | INFO | FUTU_US | [DB CHECKPOINT] FUTU_US @ 23900
2026-07-30 02:06:00.143 | INFO | FUTU_US | [DB CHECKPOINT] FUTU_US @ 24000
2026-07-30 02:06:00.343 | INFO | FUTU_US | [DB CHECKPOINT] FUTU_US @ 24100
2026-07-30 02:06:00.625 | INFO | FUTU_US | [DB CHECKPOINT] FUTU_US @ 24200
2026-07-30 02:06:00.844 | INFO | FUTU_US | [DB CHECKPOINT] FUTU_US @ 24300
2026-07-30 02:06:01.215 | INFO | FUTU_US | [DB CHECKPOINT] FUTU_US @ 24400
2026-07-30 02:06:01.343 | INFO | FUTU_US | [DB CHECKPOINT] FUTU_US @ 24500
2026-07-30 02:06:01.624 | INFO | FUTU_US | [DB CHECKPOINT] FUTU_US @ 24600
2026-07-30 02:06:01.832 | INFO | FUTU_US | [DB CHECKPOINT] FUTU_US @ 24700
2026-07-30 02:06:02.030 | INFO | FUTU_HK | [FUTU_HK] 账户: 总资产=$823,936.69 现金=$635,296.69 证券=$188,640.00 冻结=$0.00 购买力=$635,296.69 (HKD)
2026-07-30 02:06:02.042 | INFO | FUTU_US | [DB CHECKPOINT] FUTU_US @ 24800
2026-07-30 02:06:02.231 | INFO | FUTU_US | [DB CHECKPOINT] FUTU_US @ 24900
2026-07-30 02:06:02.481 | INFO | FUTU_US | [DB CHECKPOINT] FUTU_US @ 25000
2026-07-30 02:06:02.660 | INFO | FUTU_US | [DB CHECKPOINT] FUTU_US @ 25100
2026-07-30 02:06:02.891 | INFO | FUTU_US | [DB CHECKPOINT] FUTU_US @ 25200
2026-07-30 02:06:03.049 | INFO | FUTU_US | [DB CHECKPOINT] FUTU_US @ 25300
2026-07-30 02:06:03.068 | INFO | FUTU_US | [FUTU_US] 账户: 总资产=$9,999,924.81 现金=$9,996,058.01 证券=$3,866.80 冻结=$0.00 购买力=$19,995,982.82 (USD)
2026-07-30 02:06:04.388 | INFO | FUTU_US | [DB CHECKPOINT] FUTU_US @ 25400
2026-07-30 02:06:04.631 | INFO | FUTU_US | [DB CHECKPOINT] FUTU_US @ 25500
2026-07-30 02:06:05.060 | INFO | FUTU_US | [DB CHECKPOINT] FUTU_US @ 25600
2026-07-30 02:06:05.240 | INFO | FUTU_US | [DB CHECKPOINT] FUTU_US @ 25700
2026-07-30 02:06:05.481 | INFO | FUTU_US | [DB CHECKPOINT] FUTU_US @ 25800
2026-07-30 02:06:05.589 | INFO | FUTU_US | [DB CHECKPOINT] FUTU_US @ 25900
2026-07-30 02:06:05.709 | INFO | FUTU_US | [DB CHECKPOINT] FUTU_US @ 26000
2026-07-30 02:06:05.752 | INFO | FUTU_US | [DB CHECKPOINT] FUTU_US @ 26100
2026-07-30 02:06:05.901 | INFO | FUTU_US | [DB CHECKPOINT] FUTU_US @ 26200
2026-07-30 02:06:06.058 | INFO | FUTU_US | [DB CHECKPOINT] FUTU_US @ 26300
2026-07-30 02:06:06.227 | INFO | FUTU_US | [DB CHECKPOINT] FUTU_US @ 26400
2026-07-30 02:06:06.440 | INFO | FUTU_US | [DB CHECKPOINT] FUTU_US @ 26500
2026-07-30 02:06:06.729 | INFO | FUTU_US | [DB CHECKPOINT] FUTU_US @ 26600
2026-07-30 02:06:07.102 | INFO | FUTU_US | [DB CHECKPOINT] FUTU_US @ 26700
2026-07-30 02:06:07.323 | INFO | FUTU_US | [DB CHECKPOINT] FUTU_US @ 26800
2026-07-30 02:06:07.552 | INFO | FUTU_US | [DB CHECKPOINT] FUTU_US @ 26900
2026-07-30 02:06:07.706 | INFO | FUTU_US | [DB CHECKPOINT] FUTU_US @ 27000
2026-07-30 02:06:07.939 | INFO | FUTU_US | [DB CHECKPOINT] FUTU_US @ 27100
2026-07-30 02:06:08.042 | INFO | FUTU_HK | [FUTU_HK] 账户: 总资产=$823,936.69 现金=$635,296.69 证券=$188,640.00 冻结=$0.00 购买力=$635,296.69 (HKD)
2026-07-30 02:06:08.166 | INFO | FUTU_US | [DB CHECKPOINT] FUTU_US @ 27200
2026-07-30 02:06:08.452 | INFO | FUTU_US | [DB CHECKPOINT] FUTU_US @ 27300
2026-07-30 02:06:08.815 | INFO | FUTU_US | [DB CHECKPOINT] FUTU_US @ 27400
2026-07-30 02:06:09.045 | INFO | FUTU_US | [DB CHECKPOINT] FUTU_US @ 27500
2026-07-30 02:06:09.059 | INFO | FUTU_US | [FUTU_US] 账户: 总资产=$9,999,924.81 现金=$9,996,058.01 证券=$3,866.80 冻结=$0.00 购买力=$19,995,982.82 (USD)
2026-07-30 02:06:09.281 | INFO | FUTU_US | [DB CHECKPOINT] FUTU_US @ 27600
2026-07-30 02:06:09.541 | INFO | FUTU_US | [DB CHECKPOINT] FUTU_US @ 27700
2026-07-30 02:06:09.970 | INFO | FUTU_US | [DB CHECKPOINT] FUTU_US @ 27800
2026-07-30 02:06:10.262 | INFO | FUTU_US | [DB CHECKPOINT] FUTU_US @ 27900
2026-07-30 02:06:10.419 | INFO | FUTU_US | [DB CHECKPOINT] FUTU_US @ 28000
2026-07-30 02:06:11.771 | INFO | FUTU_US | [DB CHECKPOINT] FUTU_US @ 28100
2026-07-30 02:06:12.117 | INFO | FUTU_US | [DB CHECKPOINT] FUTU_US @ 28200
2026-07-30 02:06:12.400 | INFO | FUTU_US | [DB CHECKPOINT] FUTU_US @ 28300
2026-07-30 02:06:12.568 | INFO | FUTU_US | [DB CHECKPOINT] FUTU_US @ 28400
2026-07-30 02:06:12.731 | INFO | FUTU_US | [DB CHECKPOINT] FUTU_US @ 28500
2026-07-30 02:06:12.979 | INFO | FUTU_US | [DB CHECKPOINT] FUTU_US @ 28600
2026-07-30 02:06:13.133 | INFO | FUTU_US | [DB CHECKPOINT] FUTU_US @ 28700
2026-07-30 02:06:13.368 | INFO | FUTU_US | [DB CHECKPOINT] FUTU_US @ 28800
2026-07-30 02:06:13.486 | INFO | FUTU_US | [DB CHECKPOINT] FUTU_US @ 28900
2026-07-30 02:06:13.670 | INFO | FUTU_US | [DB CHECKPOINT] FUTU_US @ 29000
2026-07-30 02:06:13.861 | INFO | FUTU_US | [DB CHECKPOINT] FUTU_US @ 29100
2026-07-30 02:06:14.025 | INFO | FUTU_US | [DB CHECKPOINT] FUTU_US @ 29200
2026-07-30 02:06:14.245 | INFO | FUTU_US | [DB CHECKPOINT] FUTU_US @ 29300
2026-07-30 02:06:14.442 | INFO | FUTU_HK | [FUTU_HK] 账户: 总资产=$823,936.69 现金=$635,296.69 证券=$188,640.00 冻结=$0.00 购买力=$635,296.69 (HKD)
2026-07-30 02:06:14.478 | INFO | FUTU_US | [DB CHECKPOINT] FUTU_US @ 29400
2026-07-30 02:06:14.721 | INFO | FUTU_US | [DB CHECKPOINT] FUTU_US @ 29500
2026-07-30 02:06:14.910 | INFO | FUTU_US | [DB CHECKPOINT] FUTU_US @ 29600
2026-07-30 02:06:15.082 | INFO | FUTU_US | [DB CHECKPOINT] FUTU_US @ 29700
2026-07-30 02:06:15.405 | INFO | FUTU_US | [FUTU_US] 账户: 总资产=$9,999,924.81 现金=$9,996,058.01 证券=$3,866.80 冻结=$0.00 购买力=$19,995,982.82 (USD)
2026-07-30 02:06:15.426 | INFO | FUTU_US | [DB CHECKPOINT] FUTU_US @ 29800
2026-07-30 02:06:15.866 | INFO | FUTU_US | [DB CHECKPOINT] FUTU_US @ 29900
2026-07-30 02:06:16.624 | INFO | FUTU_US | [DB CHECKPOINT] FUTU_US @ 30000
2026-07-30 02:06:16.874 | INFO | FUTU_US | [DB CHECKPOINT] FUTU_US @ 30100
2026-07-30 02:06:17.067 | INFO | FUTU_US | [DB CHECKPOINT] FUTU_US @ 30200
2026-07-30 02:06:17.384 | INFO | FUTU_US | [DB CHECKPOINT] FUTU_US @ 30300
2026-07-30 02:06:17.704 | INFO | FUTU_US | [DB CHECKPOINT] FUTU_US @ 30400
2026-07-30 02:06:17.900 | INFO | FUTU_US | [DB CHECKPOINT] FUTU_US @ 30500
2026-07-30 02:06:18.205 | INFO | FUTU_US | [DB CHECKPOINT] FUTU_US @ 30600
2026-07-30 02:06:18.542 | INFO | FUTU_US | [DB CHECKPOINT] FUTU_US @ 30700
2026-07-30 02:06:20.186 | INFO | FUTU_US | [DB CHECKPOINT] FUTU_US @ 30800
2026-07-30 02:06:20.460 | INFO | FUTU_US | [DB CHECKPOINT] FUTU_US @ 30900
2026-07-30 02:06:20.502 | INFO | FUTU_HK | [FUTU_HK] 账户: 总资产=$823,936.69 现金=$635,296.69 证券=$188,640.00 冻结=$0.00 购买力=$635,296.69 (HKD)
2026-07-30 02:06:20.741 | INFO | FUTU_US | [DB CHECKPOINT] FUTU_US @ 31000
2026-07-30 02:06:21.060 | INFO | FUTU_US | [DB CHECKPOINT] FUTU_US @ 31100
2026-07-30 02:06:21.652 | INFO | FUTU_US | [FUTU_US] 账户: 总资产=$9,999,924.81 现金=$9,996,058.01 证券=$3,866.80 冻结=$0.00 购买力=$19,995,982.82 (USD)
2026-07-30 02:06:21.677 | INFO | FUTU_US | [DB CHECKPOINT] FUTU_US @ 31200
2026-07-30 02:06:22.142 | INFO | FUTU_US | [DB CHECKPOINT] FUTU_US @ 31300
2026-07-30 02:06:22.450 | INFO | FUTU_US | [DB CHECKPOINT] FUTU_US @ 31400
2026-07-30 02:06:22.695 | INFO | FUTU_US | [DB CHECKPOINT] FUTU_US @ 31500
2026-07-30 02:06:22.879 | INFO | FUTU_US | [DB CHECKPOINT] FUTU_US @ 31600
2026-07-30 02:06:23.072 | INFO | FUTU_US | [DB CHECKPOINT] FUTU_US @ 31700
2026-07-30 02:06:23.441 | INFO | FUTU_US | [DB CHECKPOINT] FUTU_US @ 31800
2026-07-30 02:06:23.611 | INFO | FUTU_US | [DB CHECKPOINT] FUTU_US @ 31900
2026-07-30 02:06:23.780 | INFO | FUTU_US | [DB CHECKPOINT] FUTU_US @ 32000
2026-07-30 02:06:24.071 | INFO | FUTU_US | [DB CHECKPOINT] FUTU_US @ 32100
2026-07-30 02:06:24.441 | INFO | FUTU_US | [DB CHECKPOINT] FUTU_US @ 32200
2026-07-30 02:06:24.850 | INFO | FUTU_US | [DB CHECKPOINT] FUTU_US @ 32300
2026-07-30 02:06:25.118 | INFO | FUTU_US | [DB CHECKPOINT] FUTU_US @ 32400
2026-07-30 02:06:25.308 | INFO | FUTU_US | [DB CHECKPOINT] FUTU_US @ 32500
2026-07-30 02:06:25.567 | INFO | FUTU_US | [DB CHECKPOINT] FUTU_US @ 32600
2026-07-30 02:06:25.870 | INFO | FUTU_US | [DB CHECKPOINT] FUTU_US @ 32700
2026-07-30 02:06:25.992 | INFO | FUTU_US | [DB CHECKPOINT] FUTU_US @ 32800
2026-07-30 02:06:26.139 | INFO | FUTU_US | [DB CHECKPOINT] FUTU_US @ 32900
2026-07-30 02:06:26.227 | INFO | FUTU_US | [DB CHECKPOINT] FUTU_US @ 33000
2026-07-30 02:06:26.359 | INFO | FUTU_US | [DB CHECKPOINT] FUTU_US @ 33100
2026-07-30 02:06:26.434 | INFO | FUTU_US | [DB CHECKPOINT] FUTU_US @ 33200
2026-07-30 02:06:26.507 | INFO | FUTU_HK | [FUTU_HK] 账户: 总资产=$823,936.69 现金=$635,296.69 证券=$188,640.00 冻结=$0.00 购买力=$635,296.69 (HKD)
2026-07-30 02:06:26.562 | INFO | FUTU_US | [DB CHECKPOINT] FUTU_US @ 33300
2026-07-30 02:06:26.714 | INFO | FUTU_US | [DB CHECKPOINT] FUTU_US @ 33400
2026-07-30 02:06:26.814 | INFO | FUTU_US | [DB CHECKPOINT] FUTU_US @ 33500
2026-07-30 02:06:26.920 | INFO | FUTU_US | [DB CHECKPOINT] FUTU_US @ 33600
2026-07-30 02:06:27.053 | INFO | FUTU_US | [DB CHECKPOINT] FUTU_US @ 33700
2026-07-30 02:06:27.200 | INFO | FUTU_US | [DB CHECKPOINT] FUTU_US @ 33800
2026-07-30 02:06:55.136 | INFO | FUTU_US | [FUTU_US] 行情接口连接成功（含多周期K线+TICKER）
2026-07-30 02:06:55.150 | INFO | FUTU_US | [FUTU_US] 交易接口解锁提示: 请使用OpenD页面右上角解锁按钮解锁交易，GUI版本OpenD已屏蔽解锁接口
2026-07-30 02:06:55.154 | INFO | FUTU_US | [FUTU_US] 账户列表 (共 2 个):
2026-07-30 02:06:55.154 | INFO | FUTU_US |   acc_id=281756478840044880 env=REAL type=MARGIN sim_type=N/A status=ACTIVE
2026-07-30 02:06:55.154 | INFO | FUTU_US |   acc_id=20074546 env=SIMULATE type=MARGIN sim_type=STOCK_AND_OPTION status=ACTIVE
2026-07-30 02:06:55.155 | INFO | FUTU_US | [FUTU_US] ✅ 选中: 美股模拟(股票+期权) acc_id=20074546
2026-07-30 02:06:55.155 | INFO | FUTU_US | [FUTU_US] 交易接口连接成功 (最终 acc_id=20074546)
2026-07-30 02:06:55.155 | INFO | FUTU_US | [FUTU_US] 警告：main_engine 为 None，无法自注册
2026-07-30 02:06:55.185 | INFO | FUTU_US | [FUTU_US] ✅ Tick 落盘监听器已注册 (EVENT_TICK)
2026-07-30 02:06:55.191 | INFO | FUTU_HK | [FUTU_HK] 行情接口连接成功（含多周期K线+TICKER）
2026-07-30 02:06:55.202 | INFO | FUTU_HK | [FUTU_HK] 交易接口解锁提示: 请使用OpenD页面右上角解锁按钮解锁交易，GUI版本OpenD已屏蔽解锁接口
2026-07-30 02:06:55.206 | INFO | FUTU_HK | [FUTU_HK] 账户列表 (共 3 个):
2026-07-30 02:06:55.206 | INFO | FUTU_HK |   acc_id=281756478840044880 env=REAL type=MARGIN sim_type=N/A status=ACTIVE
2026-07-30 02:06:55.207 | INFO | FUTU_HK |   acc_id=19110066 env=SIMULATE type=CASH sim_type=STOCK status=ACTIVE
2026-07-30 02:06:55.207 | INFO | FUTU_HK |   acc_id=19110071 env=SIMULATE type=MARGIN sim_type=OPTION status=ACTIVE
2026-07-30 02:06:55.208 | INFO | FUTU_HK | [FUTU_HK] ⚠️ 降级现金模拟 acc_id=19110066
2026-07-30 02:06:55.208 | INFO | FUTU_HK | [FUTU_HK] 交易接口连接成功 (最终 acc_id=19110066)
2026-07-30 02:06:55.208 | INFO | FUTU_HK | [FUTU_HK] 警告：main_engine 为 None，无法自注册
2026-07-30 02:06:55.919 | INFO | CtaStrategy | CTA策略引擎初始化成功
2026-07-30 02:06:56.125 | INFO | CtaStrategy | CTA策略引擎初始化成功
2026-07-30 02:07:05.983 | INFO | FUTU_HK | [FUTU_HK] 合约查询完成: 21257 个
2026-07-30 02:07:05.989 | INFO | FUTU_HK | [FUTU_HK] 查询成交失败: 模拟交易不支持成交数据
2026-07-30 02:07:06.012 | INFO | FUTU_HK | [FUTU_HK] 调试 accinfo 字段: ['power', 'max_power_short', 'net_cash_power', 'total_assets', 'securities_assets', 'fund_assets', 'bond_assets', 'cash', 'market_val', 'long_mv', 'short_mv', 'pending_asset', 'interest_charged_amount', 'frozen_cash', 'avl_withdrawal_cash', 'max_withdrawal', 'currency', 'available_funds', 'unrealized_pl', 'realized_pl', 'risk_level', 'risk_status', 'initial_margin', 'margin_call_margin', 'maintenance_margin', 'hk_cash', 'hk_avl_withdrawal_cash', 'hkd_net_cash_power', 'hkd_assets', 'us_cash', 'us_avl_withdrawal_cash', 'usd_net_cash_power', 'usd_assets', 'cn_cash', 'cn_avl_withdrawal_cash', 'cnh_net_cash_power', 'cnh_assets', 'jp_cash', 'jp_avl_withdrawal_cash', 'jpy_net_cash_power', 'jpy_assets', 'sg_cash', 'sg_avl_withdrawal_cash', 'sgd_net_cash_power', 'sgd_assets', 'au_cash', 'au_avl_withdrawal_cash', 'aud_net_cash_power', 'aud_assets', 'ca_cash', 'ca_avl_withdrawal_cash', 'cad_net_cash_power', 'cad_assets', 'my_cash', 'my_avl_withdrawal_cash', 'myr_net_cash_power', 'myr_assets', 'is_pdt', 'pdt_seq', 'beginning_dtbp', 'remaining_dtbp', 'dt_call_amount', 'dt_status']
2026-07-30 02:07:06.013 | INFO | FUTU_HK | [FUTU_HK] 账户: 总资产=$823,936.69 现金=$635,296.69 证券=$188,640.00 冻结=$0.00 购买力=$635,296.69 (HKD)
2026-07-30 02:07:07.338 | INFO | FUTU_US | [FUTU_US] 合约查询完成: 20579 个
2026-07-30 02:07:07.344 | INFO | FUTU_US | [FUTU_US] 查询成交失败: 模拟交易不支持成交数据
2026-07-30 02:07:07.366 | INFO | FUTU_US | [FUTU_US] 调试 accinfo 字段: ['power', 'max_power_short', 'net_cash_power', 'total_assets', 'securities_assets', 'fund_assets', 'bond_assets', 'cash', 'market_val', 'long_mv', 'short_mv', 'pending_asset', 'interest_charged_amount', 'frozen_cash', 'avl_withdrawal_cash', 'max_withdrawal', 'currency', 'available_funds', 'unrealized_pl', 'realized_pl', 'risk_level', 'risk_status', 'initial_margin', 'margin_call_margin', 'maintenance_margin', 'hk_cash', 'hk_avl_withdrawal_cash', 'hkd_net_cash_power', 'hkd_assets', 'us_cash', 'us_avl_withdrawal_cash', 'usd_net_cash_power', 'usd_assets', 'cn_cash', 'cn_avl_withdrawal_cash', 'cnh_net_cash_power', 'cnh_assets', 'jp_cash', 'jp_avl_withdrawal_cash', 'jpy_net_cash_power', 'jpy_assets', 'sg_cash', 'sg_avl_withdrawal_cash', 'sgd_net_cash_power', 'sgd_assets', 'au_cash', 'au_avl_withdrawal_cash', 'aud_net_cash_power', 'aud_assets', 'ca_cash', 'ca_avl_withdrawal_cash', 'cad_net_cash_power', 'cad_assets', 'my_cash', 'my_avl_withdrawal_cash', 'myr_net_cash_power', 'myr_assets', 'is_pdt', 'pdt_seq', 'beginning_dtbp', 'remaining_dtbp', 'dt_call_amount', 'dt_status']
2026-07-30 02:07:07.367 | INFO | FUTU_US | [FUTU_US] 账户: 总资产=$9,999,934.71 现金=$9,996,058.01 证券=$3,876.70 冻结=$0.00 购买力=$19,995,992.72 (USD)
2026-07-30 02:07:08.300 | INFO | FUTU_HK | [FUTU_HK] 账户: 总资产=$823,936.69 现金=$635,296.69 证券=$188,640.00 冻结=$0.00 购买力=$635,296.69 (HKD)
2026-07-30 02:07:10.086 | INFO | FUTU_US | [FUTU_US] 账户: 总资产=$9,999,934.71 现金=$9,996,058.01 证券=$3,876.70 冻结=$0.00 购买力=$19,995,992.72 (USD)
2026-07-30 02:07:14.305 | INFO | FUTU_HK | [FUTU_HK] 账户: 总资产=$823,936.69 现金=$635,296.69 证券=$188,640.00 冻结=$0.00 购买力=$635,296.69 (HKD)
2026-07-30 02:07:16.092 | INFO | FUTU_US | [FUTU_US] 账户: 总资产=$9,999,934.71 现金=$9,996,058.01 证券=$3,876.70 冻结=$0.00 购买力=$19,995,992.72 (USD)
2026-07-30 02:07:19.587 | INFO | CtaStrategy | 策略GridStrategy_AAPL移除成功
2026-07-30 02:07:20.093 | INFO | CtaStrategy | [GridStrategy_AAPL]  AI参数已加载: ['grid_step', 'grid_levels', 'fixed_size', 'upper_bound', 'lower_bound']
2026-07-30 02:07:20.093 | INFO | CtaStrategy | [GridStrategy_AAPL]  [INIT] GridStrategy_AAPL | AAPL.SMART | US=True HK=False v1
2026-07-30 02:07:20.097 | INFO | CtaStrategy | GridStrategy_AAPL开始执行初始化
2026-07-30 02:07:20.098 | INFO | CtaStrategy | [GridStrategy_AAPL]  ✅ GridStrategy_AAPL 初始化完成 (v1)
2026-07-30 02:07:20.098 | INFO | CtaStrategy | [GridStrategy_AAPL]  网格策略初始化 | 层数=5 ATR间距=True
2026-07-30 02:07:20.098 | INFO | MainEngine | 订阅行情 -> FUTU_US：SubscribeRequest(symbol='AAPL', exchange=<Exchange.SMART: 'SMART'>)
2026-07-30 02:07:20.099 | INFO | FUTU_US | [FUTU_US] 订阅参数: US.AAPL session=ALL
2026-07-30 02:07:20.099 | INFO | CtaStrategy | 策略GridStrategy_AAPL启动失败，请先初始化
2026-07-30 02:07:20.103 | INFO | CtaStrategy | 策略GridStrategy_AMD移除成功
2026-07-30 02:07:20.128 | INFO | FUTU_US | [FUTU_US] ✅ 全套订阅成功: US.AAPL
2026-07-30 02:07:20.129 | INFO | CtaStrategy | GridStrategy_AAPL初始化完成
2026-07-30 02:07:20.309 | INFO | FUTU_HK | [FUTU_HK] 账户: 总资产=$823,936.69 现金=$635,296.69 证券=$188,640.00 冻结=$0.00 购买力=$635,296.69 (HKD)
2026-07-30 02:07:20.608 | INFO | CtaStrategy | [GridStrategy_AMD]  AI参数已加载: ['grid_step', 'grid_levels', 'fixed_size', 'upper_bound', 'lower_bound']
2026-07-30 02:07:20.609 | INFO | CtaStrategy | [GridStrategy_AMD]  [INIT] GridStrategy_AMD | AMD.SMART | US=True HK=False v1
2026-07-30 02:07:20.611 | INFO | CtaStrategy | 策略GridStrategy_AMD启动失败，请先初始化
2026-07-30 02:07:20.612 | INFO | CtaStrategy | GridStrategy_AMD开始执行初始化
2026-07-30 02:07:20.612 | INFO | CtaStrategy | [GridStrategy_AMD]  ✅ GridStrategy_AMD 初始化完成 (v1)
2026-07-30 02:07:20.612 | INFO | CtaStrategy | [GridStrategy_AMD]  网格策略初始化 | 层数=5 ATR间距=True
2026-07-30 02:07:20.613 | INFO | MainEngine | 订阅行情 -> FUTU_US：SubscribeRequest(symbol='AMD', exchange=<Exchange.SMART: 'SMART'>)
2026-07-30 02:07:20.614 | INFO | FUTU_US | [FUTU_US] 订阅参数: US.AMD session=ALL
2026-07-30 02:07:20.617 | INFO | CtaStrategy | 策略GridStrategy_AMZN移除成功
2026-07-30 02:07:20.644 | INFO | FUTU_US | [FUTU_US] ✅ 全套订阅成功: US.AMD
2026-07-30 02:07:20.647 | INFO | CtaStrategy | GridStrategy_AMD初始化完成
2026-07-30 02:07:21.124 | INFO | CtaStrategy | [GridStrategy_AMZN]  AI参数已加载: ['grid_step', 'grid_levels', 'fixed_size', 'upper_bound', 'lower_bound']
2026-07-30 02:07:21.125 | INFO | CtaStrategy | [GridStrategy_AMZN]  [INIT] GridStrategy_AMZN | AMZN.SMART | US=True HK=False v1
2026-07-30 02:07:21.128 | INFO | CtaStrategy | 策略GridStrategy_AMZN启动失败，请先初始化
2026-07-30 02:07:21.129 | INFO | CtaStrategy | GridStrategy_AMZN开始执行初始化
2026-07-30 02:07:21.129 | INFO | CtaStrategy | [GridStrategy_AMZN]  ✅ GridStrategy_AMZN 初始化完成 (v1)
2026-07-30 02:07:21.129 | INFO | CtaStrategy | [GridStrategy_AMZN]  网格策略初始化 | 层数=5 ATR间距=True
2026-07-30 02:07:21.130 | INFO | MainEngine | 订阅行情 -> FUTU_US：SubscribeRequest(symbol='AMZN', exchange=<Exchange.SMART: 'SMART'>)
2026-07-30 02:07:21.130 | INFO | FUTU_US | [FUTU_US] 订阅参数: US.AMZN session=ALL
2026-07-30 02:07:21.133 | INFO | CtaStrategy | 策略GridStrategy_BABA移除成功
2026-07-30 02:07:21.169 | INFO | FUTU_US | [FUTU_US] ✅ 全套订阅成功: US.AMZN
2026-07-30 02:07:21.169 | INFO | CtaStrategy | GridStrategy_AMZN初始化完成
2026-07-30 02:07:21.341 | INFO | FUTU_US | [DB CHECKPOINT] FUTU_US @ 100
2026-07-30 02:07:21.638 | INFO | CtaStrategy | [GridStrategy_BABA]  AI参数已加载: ['grid_step', 'grid_levels', 'fixed_size', 'upper_bound', 'lower_bound']
2026-07-30 02:07:21.639 | INFO | CtaStrategy | [GridStrategy_BABA]  [INIT] GridStrategy_BABA | BABA.SMART | US=True HK=False v1
2026-07-30 02:07:21.645 | INFO | CtaStrategy | 策略GridStrategy_BABA启动失败，请先初始化
2026-07-30 02:07:21.645 | INFO | CtaStrategy | GridStrategy_BABA开始执行初始化
2026-07-30 02:07:21.645 | INFO | CtaStrategy | [GridStrategy_BABA]  ✅ GridStrategy_BABA 初始化完成 (v1)
2026-07-30 02:07:21.646 | INFO | CtaStrategy | [GridStrategy_BABA]  网格策略初始化 | 层数=5 ATR间距=True
2026-07-30 02:07:21.646 | INFO | MainEngine | 订阅行情 -> FUTU_US：SubscribeRequest(symbol='BABA', exchange=<Exchange.SMART: 'SMART'>)
2026-07-30 02:07:21.646 | INFO | FUTU_US | [FUTU_US] 订阅参数: US.BABA session=ALL
2026-07-30 02:07:21.648 | INFO | CtaStrategy | 策略GridStrategy_GOOGL移除成功
2026-07-30 02:07:21.696 | INFO | FUTU_US | [FUTU_US] ✅ 全套订阅成功: US.BABA
2026-07-30 02:07:21.697 | INFO | CtaStrategy | GridStrategy_BABA初始化完成
2026-07-30 02:07:22.111 | INFO | FUTU_US | [FUTU_US] 账户: 总资产=$9,999,934.71 现金=$9,996,058.01 证券=$3,876.70 冻结=$0.00 购买力=$19,995,992.72 (USD)
2026-07-30 02:07:22.112 | INFO | FUTU_US | [DB CHECKPOINT] FUTU_US @ 200
2026-07-30 02:07:22.154 | INFO | CtaStrategy | [GridStrategy_GOOGL]  AI参数已加载: ['grid_step', 'grid_levels', 'fixed_size', 'upper_bound', 'lower_bound']
2026-07-30 02:07:22.154 | INFO | CtaStrategy | [GridStrategy_GOOGL]  [INIT] GridStrategy_GOOGL | GOOGL.SMART | US=True HK=False v1
2026-07-30 02:07:22.157 | INFO | CtaStrategy | 策略GridStrategy_GOOGL启动失败，请先初始化
2026-07-30 02:07:22.158 | INFO | CtaStrategy | GridStrategy_GOOGL开始执行初始化
2026-07-30 02:07:22.158 | INFO | CtaStrategy | [GridStrategy_GOOGL]  ✅ GridStrategy_GOOGL 初始化完成 (v1)
2026-07-30 02:07:22.159 | INFO | CtaStrategy | [GridStrategy_GOOGL]  网格策略初始化 | 层数=5 ATR间距=True
2026-07-30 02:07:22.159 | INFO | MainEngine | 订阅行情 -> FUTU_US：SubscribeRequest(symbol='GOOGL', exchange=<Exchange.SMART: 'SMART'>)
2026-07-30 02:07:22.159 | INFO | FUTU_US | [FUTU_US] 订阅参数: US.GOOGL session=ALL
2026-07-30 02:07:22.164 | INFO | CtaStrategy | 策略GridStrategy_META移除成功
2026-07-30 02:07:22.185 | INFO | FUTU_US | [FUTU_US] ✅ 全套订阅成功: US.GOOGL
2026-07-30 02:07:22.186 | INFO | CtaStrategy | GridStrategy_GOOGL初始化完成
2026-07-30 02:07:22.642 | INFO | FUTU_US | [DB CHECKPOINT] FUTU_US @ 300
2026-07-30 02:07:22.670 | INFO | CtaStrategy | [GridStrategy_META]  AI参数已加载: ['grid_step', 'grid_levels', 'fixed_size', 'upper_bound', 'lower_bound']
2026-07-30 02:07:22.670 | INFO | CtaStrategy | [GridStrategy_META]  [INIT] GridStrategy_META | META.SMART | US=True HK=False v1
2026-07-30 02:07:22.673 | INFO | CtaStrategy | 策略GridStrategy_META启动失败，请先初始化
2026-07-30 02:07:22.675 | INFO | CtaStrategy | GridStrategy_META开始执行初始化
2026-07-30 02:07:22.678 | INFO | CtaStrategy | [GridStrategy_META]  ✅ GridStrategy_META 初始化完成 (v1)
2026-07-30 02:07:22.678 | INFO | CtaStrategy | [GridStrategy_META]  网格策略初始化 | 层数=5 ATR间距=True
2026-07-30 02:07:22.678 | INFO | MainEngine | 订阅行情 -> FUTU_US：SubscribeRequest(symbol='META', exchange=<Exchange.SMART: 'SMART'>)
2026-07-30 02:07:22.679 | INFO | FUTU_US | [FUTU_US] 订阅参数: US.META session=ALL
2026-07-30 02:07:22.684 | INFO | CtaStrategy | 策略GridStrategy_MSFT移除成功
2026-07-30 02:07:22.706 | INFO | FUTU_US | [FUTU_US] ✅ 全套订阅成功: US.META
2026-07-30 02:07:22.707 | INFO | CtaStrategy | GridStrategy_META初始化完成
2026-07-30 02:07:22.931 | INFO | FUTU_US | [DB CHECKPOINT] FUTU_US @ 400
2026-07-30 02:07:23.188 | INFO | CtaStrategy | [GridStrategy_MSFT]  AI参数已加载: ['grid_step', 'grid_levels', 'fixed_size', 'upper_bound', 'lower_bound']
2026-07-30 02:07:23.189 | INFO | CtaStrategy | [GridStrategy_MSFT]  [INIT] GridStrategy_MSFT | MSFT.SMART | US=True HK=False v1
2026-07-30 02:07:23.191 | INFO | CtaStrategy | 策略GridStrategy_MSFT启动失败，请先初始化
2026-07-30 02:07:23.192 | INFO | CtaStrategy | GridStrategy_MSFT开始执行初始化
2026-07-30 02:07:23.193 | INFO | CtaStrategy | [GridStrategy_MSFT]  ✅ GridStrategy_MSFT 初始化完成 (v1)
2026-07-30 02:07:23.193 | INFO | CtaStrategy | [GridStrategy_MSFT]  网格策略初始化 | 层数=5 ATR间距=True
2026-07-30 02:07:23.193 | INFO | MainEngine | 订阅行情 -> FUTU_US：SubscribeRequest(symbol='MSFT', exchange=<Exchange.SMART: 'SMART'>)
2026-07-30 02:07:23.193 | INFO | FUTU_US | [FUTU_US] 订阅参数: US.MSFT session=ALL
2026-07-30 02:07:23.197 | INFO | CtaStrategy | 策略GridStrategy_NFLX移除成功
2026-07-30 02:07:23.219 | INFO | FUTU_US | [FUTU_US] ✅ 全套订阅成功: US.MSFT
2026-07-30 02:07:23.220 | INFO | CtaStrategy | GridStrategy_MSFT初始化完成
2026-07-30 02:07:23.266 | INFO | FUTU_US | [DB CHECKPOINT] FUTU_US @ 500
2026-07-30 02:07:23.588 | INFO | FUTU_US | [DB CHECKPOINT] FUTU_US @ 600
2026-07-30 02:07:23.707 | INFO | CtaStrategy | [GridStrategy_NFLX]  AI参数已加载: ['grid_step', 'grid_levels', 'fixed_size', 'upper_bound', 'lower_bound']
2026-07-30 02:07:23.708 | INFO | CtaStrategy | [GridStrategy_NFLX]  [INIT] GridStrategy_NFLX | NFLX.SMART | US=True HK=False v1
2026-07-30 02:07:23.710 | INFO | CtaStrategy | 策略GridStrategy_NFLX启动失败，请先初始化
2026-07-30 02:07:23.711 | INFO | CtaStrategy | GridStrategy_NFLX开始执行初始化
2026-07-30 02:07:23.711 | INFO | CtaStrategy | [GridStrategy_NFLX]  ✅ GridStrategy_NFLX 初始化完成 (v1)
2026-07-30 02:07:23.711 | INFO | CtaStrategy | [GridStrategy_NFLX]  网格策略初始化 | 层数=5 ATR间距=True
2026-07-30 02:07:23.712 | INFO | MainEngine | 订阅行情 -> FUTU_US：SubscribeRequest(symbol='NFLX', exchange=<Exchange.SMART: 'SMART'>)
2026-07-30 02:07:23.712 | INFO | FUTU_US | [FUTU_US] 订阅参数: US.NFLX session=ALL
2026-07-30 02:07:23.715 | INFO | CtaStrategy | 策略GridStrategy_NVDA移除成功
2026-07-30 02:07:23.738 | INFO | FUTU_US | [FUTU_US] ✅ 全套订阅成功: US.NFLX
2026-07-30 02:07:23.738 | INFO | CtaStrategy | GridStrategy_NFLX初始化完成
2026-07-30 02:07:23.876 | INFO | FUTU_US | [DB CHECKPOINT] FUTU_US @ 700
2026-07-30 02:07:24.059 | INFO | FUTU_US | [DB CHECKPOINT] FUTU_US @ 800
2026-07-30 02:07:24.221 | INFO | CtaStrategy | [GridStrategy_NVDA]  AI参数已加载: ['grid_step', 'grid_levels', 'fixed_size', 'upper_bound', 'lower_bound']
2026-07-30 02:07:24.222 | INFO | CtaStrategy | [GridStrategy_NVDA]  [INIT] GridStrategy_NVDA | NVDA.SMART | US=True HK=False v1
2026-07-30 02:07:24.224 | INFO | CtaStrategy | 策略GridStrategy_NVDA启动失败，请先初始化
2026-07-30 02:07:24.224 | INFO | CtaStrategy | GridStrategy_NVDA开始执行初始化
2026-07-30 02:07:24.225 | INFO | CtaStrategy | [GridStrategy_NVDA]  ✅ GridStrategy_NVDA 初始化完成 (v1)
2026-07-30 02:07:24.225 | INFO | CtaStrategy | [GridStrategy_NVDA]  网格策略初始化 | 层数=5 ATR间距=True
2026-07-30 02:07:24.225 | INFO | MainEngine | 订阅行情 -> FUTU_US：SubscribeRequest(symbol='NVDA', exchange=<Exchange.SMART: 'SMART'>)
2026-07-30 02:07:24.225 | INFO | FUTU_US | [FUTU_US] 订阅参数: US.NVDA session=ALL
2026-07-30 02:07:24.228 | INFO | CtaStrategy | 策略GridStrategy_TSLA移除成功
2026-07-30 02:07:24.269 | INFO | FUTU_US | [FUTU_US] ✅ 全套订阅成功: US.NVDA
2026-07-30 02:07:24.270 | INFO | CtaStrategy | GridStrategy_NVDA初始化完成
2026-07-30 02:07:24.351 | INFO | FUTU_US | [DB CHECKPOINT] FUTU_US @ 900
2026-07-30 02:07:24.584 | INFO | FUTU_US | [DB CHECKPOINT] FUTU_US @ 1000
2026-07-30 02:07:24.744 | INFO | CtaStrategy | [GridStrategy_TSLA]  AI参数已加载: ['grid_step', 'grid_levels', 'fixed_size', 'upper_bound', 'lower_bound']
2026-07-30 02:07:24.745 | INFO | CtaStrategy | [GridStrategy_TSLA]  [INIT] GridStrategy_TSLA | TSLA.SMART | US=True HK=False v1
2026-07-30 02:07:24.746 | INFO | CtaStrategy | 策略GridStrategy_TSLA启动失败，请先初始化
2026-07-30 02:07:24.746 | INFO | FUTU_US | [DB CHECKPOINT] FUTU_US @ 1100
2026-07-30 02:07:24.748 | INFO | CtaStrategy | GridStrategy_TSLA开始执行初始化
2026-07-30 02:07:24.749 | INFO | CtaStrategy | [GridStrategy_TSLA]  ✅ GridStrategy_TSLA 初始化完成 (v1)
2026-07-30 02:07:24.752 | INFO | CtaStrategy | [GridStrategy_TSLA]  网格策略初始化 | 层数=5 ATR间距=True
2026-07-30 02:07:24.753 | INFO | MainEngine | 订阅行情 -> FUTU_US：SubscribeRequest(symbol='TSLA', exchange=<Exchange.SMART: 'SMART'>)
2026-07-30 02:07:24.755 | INFO | FUTU_US | [FUTU_US] 订阅参数: US.TSLA session=ALL
2026-07-30 02:07:24.782 | INFO | FUTU_US | [FUTU_US] ✅ 全套订阅成功: US.TSLA
2026-07-30 02:07:24.783 | INFO | CtaStrategy | GridStrategy_TSLA初始化完成
2026-07-30 02:07:24.928 | INFO | FUTU_US | [DB CHECKPOINT] FUTU_US @ 1200
2026-07-30 02:07:25.130 | INFO | FUTU_US | [DB CHECKPOINT] FUTU_US @ 1300
2026-07-30 02:07:25.215 | INFO | FUTU_US | [DB CHECKPOINT] FUTU_US @ 1400
2026-07-30 02:07:25.454 | INFO | FUTU_US | [DB CHECKPOINT] FUTU_US @ 1500
2026-07-30 02:07:25.693 | INFO | FUTU_US | [DB CHECKPOINT] FUTU_US @ 1600
2026-07-30 02:07:25.857 | INFO | FUTU_US | [DB CHECKPOINT] FUTU_US @ 1700
2026-07-30 02:07:25.988 | INFO | FUTU_US | [DB CHECKPOINT] FUTU_US @ 1800
2026-07-30 02:07:26.140 | INFO | FUTU_US | [DB CHECKPOINT] FUTU_US @ 1900
2026-07-30 02:07:26.310 | INFO | FUTU_US | [DB CHECKPOINT] FUTU_US @ 2000
2026-07-30 02:07:26.328 | INFO | FUTU_HK | [FUTU_HK] 账户: 总资产=$823,936.69 现金=$635,296.69 证券=$188,640.00 冻结=$0.00 购买力=$635,296.69 (HKD)
2026-07-30 02:07:26.415 | INFO | FUTU_US | [DB CHECKPOINT] FUTU_US @ 2100
2026-07-30 02:07:26.534 | INFO | FUTU_US | [DB CHECKPOINT] FUTU_US @ 2200
2026-07-30 02:07:26.717 | INFO | FUTU_US | [DB CHECKPOINT] FUTU_US @ 2300
2026-07-30 02:07:26.830 | INFO | FUTU_US | [DB CHECKPOINT] FUTU_US @ 2400
2026-07-30 02:07:26.917 | INFO | FUTU_US | [DB CHECKPOINT] FUTU_US @ 2500
2026-07-30 02:07:27.079 | INFO | FUTU_US | [DB CHECKPOINT] FUTU_US @ 2600
2026-07-30 02:07:27.299 | INFO | FUTU_US | [DB CHECKPOINT] FUTU_US @ 2700
2026-07-30 02:07:27.418 | INFO | FUTU_US | [DB CHECKPOINT] FUTU_US @ 2800
2026-07-30 02:07:27.575 | INFO | FUTU_US | [DB CHECKPOINT] FUTU_US @ 2900
2026-07-30 02:07:27.902 | INFO | FUTU_US | [DB CHECKPOINT] FUTU_US @ 3000
2026-07-30 02:07:28.074 | INFO | FUTU_US | [DB CHECKPOINT] FUTU_US @ 3100
2026-07-30 02:07:28.110 | INFO | FUTU_US | [FUTU_US] 账户: 总资产=$9,999,934.71 现金=$9,996,058.01 证券=$3,876.70 冻结=$0.00 购买力=$19,995,992.72 (USD)
2026-07-30 02:07:28.342 | INFO | FUTU_US | [DB CHECKPOINT] FUTU_US @ 3200
2026-07-30 02:07:28.528 | INFO | FUTU_US | [DB CHECKPOINT] FUTU_US @ 3300
2026-07-30 02:07:28.749 | INFO | FUTU_US | [DB CHECKPOINT] FUTU_US @ 3400
2026-07-30 02:07:28.812 | INFO | FUTU_US | [DB CHECKPOINT] FUTU_US @ 3500
2026-07-30 02:07:28.976 | INFO | FUTU_US | [DB CHECKPOINT] FUTU_US @ 3600
2026-07-30 02:07:29.190 | INFO | FUTU_US | [DB CHECKPOINT] FUTU_US @ 3700
2026-07-30 02:07:29.399 | INFO | FUTU_US | [DB CHECKPOINT] FUTU_US @ 3800
2026-07-30 02:07:29.553 | INFO | FUTU_US | [DB CHECKPOINT] FUTU_US @ 3900
2026-07-30 02:07:29.917 | INFO | FUTU_US | [DB CHECKPOINT] FUTU_US @ 4000
2026-07-30 02:07:30.000 | INFO | FUTU_US | [DB CHECKPOINT] FUTU_US @ 4100
2026-07-30 02:07:30.153 | INFO | FUTU_US | [DB CHECKPOINT] FUTU_US @ 4200
2026-07-30 02:07:30.348 | INFO | FUTU_US | [DB CHECKPOINT] FUTU_US @ 4300
2026-07-30 02:07:30.544 | INFO | FUTU_US | [DB CHECKPOINT] FUTU_US @ 4400
2026-07-30 02:07:30.636 | INFO | FUTU_US | [DB CHECKPOINT] FUTU_US @ 4500
2026-07-30 02:07:30.736 | INFO | FUTU_US | [DB CHECKPOINT] FUTU_US @ 4600
2026-07-30 02:07:30.887 | INFO | FUTU_US | [DB CHECKPOINT] FUTU_US @ 4700
2026-07-30 02:07:31.080 | INFO | FUTU_US | [DB CHECKPOINT] FUTU_US @ 4800
2026-07-30 02:07:31.341 | INFO | FUTU_US | [DB CHECKPOINT] FUTU_US @ 4900
2026-07-30 02:07:31.551 | INFO | FUTU_US | [DB CHECKPOINT] FUTU_US @ 5000
2026-07-30 02:07:31.618 | INFO | FUTU_US | [DB CHECKPOINT] FUTU_US @ 5100
2026-07-30 02:07:31.689 | INFO | FUTU_US | [DB CHECKPOINT] FUTU_US @ 5200
2026-07-30 02:07:31.799 | INFO | FUTU_US | [DB CHECKPOINT] FUTU_US @ 5300
2026-07-30 02:07:32.082 | INFO | FUTU_US | [DB CHECKPOINT] FUTU_US @ 5400
2026-07-30 02:07:32.144 | INFO | FUTU_US | [DB CHECKPOINT] FUTU_US @ 5500
2026-07-30 02:07:32.223 | INFO | FUTU_US | [DB CHECKPOINT] FUTU_US @ 5600
2026-07-30 02:07:32.322 | INFO | FUTU_HK | [FUTU_HK] 账户: 总资产=$823,936.69 现金=$635,296.69 证券=$188,640.00 冻结=$0.00 购买力=$635,296.69 (HKD)
2026-07-30 02:07:32.458 | INFO | FUTU_US | [DB CHECKPOINT] FUTU_US @ 5700
2026-07-30 02:07:32.609 | INFO | FUTU_US | [DB CHECKPOINT] FUTU_US @ 5800
2026-07-30 02:07:32.642 | INFO | FUTU_US | [DB CHECKPOINT] FUTU_US @ 5900
2026-07-30 02:07:32.688 | INFO | FUTU_US | [DB CHECKPOINT] FUTU_US @ 6000
2026-07-30 02:07:32.806 | INFO | FUTU_US | [DB CHECKPOINT] FUTU_US @ 6100
2026-07-30 02:07:32.969 | INFO | FUTU_US | [DB CHECKPOINT] FUTU_US @ 6200
2026-07-30 02:07:33.160 | INFO | FUTU_US | [DB CHECKPOINT] FUTU_US @ 6300
2026-07-30 02:07:33.349 | INFO | FUTU_US | [DB CHECKPOINT] FUTU_US @ 6400
2026-07-30 02:07:33.417 | INFO | FUTU_US | [DB CHECKPOINT] FUTU_US @ 6500
2026-07-30 02:07:33.536 | INFO | FUTU_US | [DB CHECKPOINT] FUTU_US @ 6600
2026-07-30 02:07:33.625 | INFO | FUTU_US | [DB CHECKPOINT] FUTU_US @ 6700
2026-07-30 02:07:33.838 | INFO | FUTU_US | [DB CHECKPOINT] FUTU_US @ 6800
2026-07-30 02:07:34.051 | INFO | FUTU_US | [DB CHECKPOINT] FUTU_US @ 6900
2026-07-30 02:07:34.149 | INFO | FUTU_US | [FUTU_US] 账户: 总资产=$9,999,936.41 现金=$9,996,058.01 证券=$3,878.40 冻结=$0.00 购买力=$19,995,994.42 (USD)
2026-07-30 02:07:34.185 | INFO | FUTU_US | [DB CHECKPOINT] FUTU_US @ 7000
2026-07-30 02:07:34.381 | INFO | FUTU_US | [DB CHECKPOINT] FUTU_US @ 7100
2026-07-30 02:07:34.585 | INFO | FUTU_US | [DB CHECKPOINT] FUTU_US @ 7200
2026-07-30 02:07:34.947 | INFO | FUTU_US | [DB CHECKPOINT] FUTU_US @ 7300
2026-07-30 02:07:35.087 | INFO | FUTU_US | [DB CHECKPOINT] FUTU_US @ 7400
2026-07-30 02:07:35.205 | INFO | FUTU_US | [DB CHECKPOINT] FUTU_US @ 7500
2026-07-30 02:07:35.498 | INFO | FUTU_US | [DB CHECKPOINT] FUTU_US @ 7600
2026-07-30 02:07:35.732 | INFO | FUTU_US | [DB CHECKPOINT] FUTU_US @ 7700
2026-07-30 02:07:35.781 | INFO | FUTU_US | [DB CHECKPOINT] FUTU_US @ 7800
2026-07-30 02:07:35.994 | INFO | FUTU_US | [DB CHECKPOINT] FUTU_US @ 7900
2026-07-30 02:07:36.160 | INFO | FUTU_US | [DB CHECKPOINT] FUTU_US @ 8000
2026-07-30 02:07:36.337 | INFO | FUTU_US | [DB CHECKPOINT] FUTU_US @ 8100
2026-07-30 02:07:36.537 | INFO | FUTU_US | [DB CHECKPOINT] FUTU_US @ 8200
2026-07-30 02:07:36.689 | INFO | FUTU_US | [DB CHECKPOINT] FUTU_US @ 8300
2026-07-30 02:07:36.907 | INFO | FUTU_US | [DB CHECKPOINT] FUTU_US @ 8400
2026-07-30 02:07:37.042 | INFO | FUTU_US | [DB CHECKPOINT] FUTU_US @ 8500
2026-07-30 02:07:37.168 | INFO | FUTU_US | [DB CHECKPOINT] FUTU_US @ 8600
2026-07-30 02:07:37.347 | INFO | FUTU_US | [DB CHECKPOINT] FUTU_US @ 8700
2026-07-30 02:07:37.611 | INFO | FUTU_US | [DB CHECKPOINT] FUTU_US @ 8800
2026-07-30 02:07:37.689 | INFO | FUTU_US | [DB CHECKPOINT] FUTU_US @ 8900
2026-07-30 02:07:37.989 | INFO | FUTU_US | [DB CHECKPOINT] FUTU_US @ 9000
2026-07-30 02:07:38.066 | INFO | FUTU_US | [DB CHECKPOINT] FUTU_US @ 9100
2026-07-30 02:07:38.232 | INFO | FUTU_US | [DB CHECKPOINT] FUTU_US @ 9200
2026-07-30 02:07:38.340 | INFO | FUTU_HK | [FUTU_HK] 账户: 总资产=$823,936.69 现金=$635,296.69 证券=$188,640.00 冻结=$0.00 购买力=$635,296.69 (HKD)
2026-07-30 02:07:38.444 | INFO | FUTU_US | [DB CHECKPOINT] FUTU_US @ 9300
2026-07-30 02:07:38.671 | INFO | FUTU_US | [DB CHECKPOINT] FUTU_US @ 9400
2026-07-30 02:07:38.726 | INFO | FUTU_US | [DB CHECKPOINT] FUTU_US @ 9500
2026-07-30 02:07:38.867 | INFO | FUTU_US | [DB CHECKPOINT] FUTU_US @ 9600
2026-07-30 02:07:39.071 | INFO | FUTU_US | [DB CHECKPOINT] FUTU_US @ 9700
2026-07-30 02:07:39.253 | INFO | FUTU_US | [DB CHECKPOINT] FUTU_US @ 9800
2026-07-30 02:07:39.471 | INFO | FUTU_US | [DB CHECKPOINT] FUTU_US @ 9900
2026-07-30 02:07:39.563 | INFO | FUTU_US | [DB CHECKPOINT] FUTU_US @ 10000
2026-07-30 02:07:40.002 | INFO | FUTU_US | [DB CHECKPOINT] FUTU_US @ 10100
2026-07-30 02:07:40.127 | INFO | FUTU_US | [DB CHECKPOINT] FUTU_US @ 10200
2026-07-30 02:07:40.186 | INFO | FUTU_US | [FUTU_US] 账户: 总资产=$9,999,936.41 现金=$9,996,058.01 证券=$3,878.40 冻结=$0.00 购买力=$19,995,994.42 (USD)
2026-07-30 02:07:40.222 | INFO | FUTU_US | [DB CHECKPOINT] FUTU_US @ 10300
2026-07-30 02:07:40.320 | INFO | FUTU_US | [DB CHECKPOINT] FUTU_US @ 10400
2026-07-30 02:07:40.439 | INFO | FUTU_US | [DB CHECKPOINT] FUTU_US @ 10500
2026-07-30 02:07:40.588 | INFO | FUTU_US | [DB CHECKPOINT] FUTU_US @ 10600
2026-07-30 02:07:40.740 | INFO | FUTU_US | [DB CHECKPOINT] FUTU_US @ 10700
2026-07-30 02:07:40.852 | INFO | FUTU_US | [DB CHECKPOINT] FUTU_US @ 10800
2026-07-30 02:07:41.200 | INFO | FUTU_US | [DB CHECKPOINT] FUTU_US @ 10900
2026-07-30 02:07:41.307 | INFO | FUTU_US | [DB CHECKPOINT] FUTU_US @ 11000
2026-07-30 02:07:41.496 | INFO | FUTU_US | [DB CHECKPOINT] FUTU_US @ 11100
2026-07-30 02:07:41.723 | INFO | FUTU_US | [DB CHECKPOINT] FUTU_US @ 11200
2026-07-30 02:07:42.022 | INFO | FUTU_US | [DB CHECKPOINT] FUTU_US @ 11300
2026-07-30 02:07:42.053 | INFO | FUTU_US | [DB CHECKPOINT] FUTU_US @ 11400
2026-07-30 02:07:42.155 | INFO | FUTU_US | [DB CHECKPOINT] FUTU_US @ 11500
2026-07-30 02:07:42.301 | INFO | FUTU_US | [DB CHECKPOINT] FUTU_US @ 11600
2026-07-30 02:07:42.456 | INFO | FUTU_US | [DB CHECKPOINT] FUTU_US @ 11700
2026-07-30 02:07:42.552 | INFO | FUTU_US | [DB CHECKPOINT] FUTU_US @ 11800
2026-07-30 02:07:42.667 | INFO | FUTU_US | [DB CHECKPOINT] FUTU_US @ 11900
2026-07-30 02:07:42.855 | INFO | FUTU_US | [DB CHECKPOINT] FUTU_US @ 12000
2026-07-30 02:07:43.077 | INFO | FUTU_US | [DB CHECKPOINT] FUTU_US @ 12100
2026-07-30 02:07:43.229 | INFO | FUTU_US | [DB CHECKPOINT] FUTU_US @ 12200
2026-07-30 02:07:43.552 | INFO | FUTU_US | [DB CHECKPOINT] FUTU_US @ 12300
2026-07-30 02:07:43.633 | INFO | FUTU_US | [DB CHECKPOINT] FUTU_US @ 12400
2026-07-30 02:07:43.917 | INFO | FUTU_US | [DB CHECKPOINT] FUTU_US @ 12500
2026-07-30 02:07:44.036 | INFO | FUTU_US | [DB CHECKPOINT] FUTU_US @ 12600
2026-07-30 02:07:44.226 | INFO | FUTU_US | [DB CHECKPOINT] FUTU_US @ 12700
2026-07-30 02:07:44.394 | INFO | FUTU_HK | [FUTU_HK] 账户: 总资产=$823,936.69 现金=$635,296.69 证券=$188,640.00 冻结=$0.00 购买力=$635,296.69 (HKD)
2026-07-30 02:07:44.491 | INFO | FUTU_US | [DB CHECKPOINT] FUTU_US @ 12800
2026-07-30 02:07:44.563 | INFO | FUTU_US | [DB CHECKPOINT] FUTU_US @ 12900
2026-07-30 02:07:44.925 | INFO | FUTU_US | [DB CHECKPOINT] FUTU_US @ 13000
2026-07-30 02:07:45.042 | INFO | FUTU_US | [DB CHECKPOINT] FUTU_US @ 13100
2026-07-30 02:07:45.167 | INFO | FUTU_US | [DB CHECKPOINT] FUTU_US @ 13200
2026-07-30 02:07:45.268 | INFO | FUTU_US | [DB CHECKPOINT] FUTU_US @ 13300
2026-07-30 02:07:45.379 | INFO | FUTU_US | [DB CHECKPOINT] FUTU_US @ 13400
2026-07-30 02:07:45.468 | INFO | FUTU_US | [DB CHECKPOINT] FUTU_US @ 13500
2026-07-30 02:07:45.737 | INFO | FUTU_US | [DB CHECKPOINT] FUTU_US @ 13600
2026-07-30 02:07:45.857 | INFO | FUTU_US | [DB CHECKPOINT] FUTU_US @ 13700
2026-07-30 02:07:46.077 | INFO | FUTU_US | [DB CHECKPOINT] FUTU_US @ 13800
2026-07-30 02:07:46.192 | INFO | FUTU_US | [FUTU_US] 账户: 总资产=$9,999,936.41 现金=$9,996,058.01 证券=$3,878.40 冻结=$0.00 购买力=$19,995,994.42 (USD)
2026-07-30 02:07:46.291 | INFO | FUTU_US | [DB CHECKPOINT] FUTU_US @ 13900
2026-07-30 02:07:46.638 | INFO | FUTU_US | [DB CHECKPOINT] FUTU_US @ 14000
2026-07-30 02:07:46.991 | INFO | FUTU_US | [DB CHECKPOINT] FUTU_US @ 14100
2026-07-30 02:07:47.900 | INFO | FUTU_US | [DB CHECKPOINT] FUTU_US @ 14200
2026-07-30 02:07:48.176 | INFO | FUTU_US | [DB CHECKPOINT] FUTU_US @ 14300
2026-07-30 02:07:48.491 | INFO | FUTU_US | [DB CHECKPOINT] FUTU_US @ 14400
2026-07-30 02:07:48.832 | INFO | FUTU_US | [DB CHECKPOINT] FUTU_US @ 14500
2026-07-30 02:07:49.347 | INFO | FUTU_US | [DB CHECKPOINT] FUTU_US @ 14600
2026-07-30 02:07:49.833 | INFO | FUTU_US | [DB CHECKPOINT] FUTU_US @ 14700
2026-07-30 02:07:49.986 | INFO | FUTU_US | [DB CHECKPOINT] FUTU_US @ 14800
2026-07-30 02:07:50.437 | INFO | FUTU_HK | [FUTU_HK] 账户: 总资产=$823,936.69 现金=$635,296.69 证券=$188,640.00 冻结=$0.00 购买力=$635,296.69 (HKD)
2026-07-30 02:07:50.544 | INFO | FUTU_US | [DB CHECKPOINT] FUTU_US @ 14900
2026-07-30 02:07:50.810 | INFO | FUTU_US | [DB CHECKPOINT] FUTU_US @ 15000
2026-07-30 02:07:50.989 | INFO | FUTU_US | [DB CHECKPOINT] FUTU_US @ 15100
2026-07-30 02:07:51.298 | INFO | FUTU_US | [DB CHECKPOINT] FUTU_US @ 15200
2026-07-30 02:07:51.555 | INFO | FUTU_US | [DB CHECKPOINT] FUTU_US @ 15300
2026-07-30 02:07:51.707 | INFO | FUTU_US | [DB CHECKPOINT] FUTU_US @ 15400
2026-07-30 02:07:52.030 | INFO | FUTU_US | [DB CHECKPOINT] FUTU_US @ 15500
2026-07-30 02:07:52.321 | INFO | FUTU_US | [DB CHECKPOINT] FUTU_US @ 15600
2026-07-30 02:07:52.458 | INFO | FUTU_US | [FUTU_US] 账户: 总资产=$9,999,936.41 现金=$9,996,058.01 证券=$3,878.40 冻结=$0.00 购买力=$19,995,994.42 (USD)
2026-07-30 02:07:52.642 | INFO | FUTU_US | [DB CHECKPOINT] FUTU_US @ 15700
2026-07-30 02:07:53.150 | INFO | FUTU_US | [DB CHECKPOINT] FUTU_US @ 15800
2026-07-30 02:07:53.471 | INFO | FUTU_US | [DB CHECKPOINT] FUTU_US @ 15900
2026-07-30 02:07:53.829 | INFO | FUTU_US | [DB CHECKPOINT] FUTU_US @ 16000
2026-07-30 02:07:54.073 | INFO | FUTU_US | [DB CHECKPOINT] FUTU_US @ 16100
2026-07-30 02:07:54.245 | INFO | FUTU_US | [DB CHECKPOINT] FUTU_US @ 16200
2026-07-30 02:07:54.535 | INFO | FUTU_US | [DB CHECKPOINT] FUTU_US @ 16300
2026-07-30 02:07:54.716 | INFO | FUTU_US | [DB CHECKPOINT] FUTU_US @ 16400
2026-07-30 02:07:55.044 | INFO | FUTU_US | [DB CHECKPOINT] FUTU_US @ 16500
2026-07-30 02:07:55.338 | INFO | FUTU_US | [DB CHECKPOINT] FUTU_US @ 16600
2026-07-30 02:07:55.707 | INFO | FUTU_US | [DB CHECKPOINT] FUTU_US @ 16700
2026-07-30 02:07:56.642 | INFO | FUTU_US | [DB CHECKPOINT] FUTU_US @ 16800
2026-07-30 02:07:56.730 | INFO | FUTU_HK | [FUTU_HK] 账户: 总资产=$823,936.69 现金=$635,296.69 证券=$188,640.00 冻结=$0.00 购买力=$635,296.69 (HKD)
2026-07-30 02:07:57.065 | INFO | FUTU_US | [DB CHECKPOINT] FUTU_US @ 16900
2026-07-30 02:07:57.465 | INFO | FUTU_US | [DB CHECKPOINT] FUTU_US @ 17000
2026-07-30 02:07:57.839 | INFO | FUTU_US | [DB CHECKPOINT] FUTU_US @ 17100
2026-07-30 02:07:58.204 | INFO | FUTU_US | [DB CHECKPOINT] FUTU_US @ 17200
2026-07-30 02:07:58.435 | INFO | FUTU_US | [DB CHECKPOINT] FUTU_US @ 17300
2026-07-30 02:07:58.858 | INFO | FUTU_US | [FUTU_US] 账户: 总资产=$9,999,936.41 现金=$9,996,058.01 证券=$3,878.40 冻结=$0.00 购买力=$19,995,994.42 (USD)
2026-07-30 02:07:58.971 | INFO | FUTU_US | [DB CHECKPOINT] FUTU_US @ 17400
2026-07-30 02:07:59.257 | INFO | FUTU_US | [DB CHECKPOINT] FUTU_US @ 17500
2026-07-30 02:07:59.598 | INFO | FUTU_US | [DB CHECKPOINT] FUTU_US @ 17600
2026-07-30 02:07:59.856 | INFO | FUTU_US | [DB CHECKPOINT] FUTU_US @ 17700
2026-07-30 02:08:00.144 | INFO | FUTU_US | [DB CHECKPOINT] FUTU_US @ 17800
2026-07-30 02:08:00.425 | INFO | FUTU_US | [DB CHECKPOINT] FUTU_US @ 17900
2026-07-30 02:08:00.681 | INFO | FUTU_US | [DB CHECKPOINT] FUTU_US @ 18000
2026-07-30 02:08:01.936 | INFO | FUTU_US | [DB CHECKPOINT] FUTU_US @ 18100
2026-07-30 02:08:02.349 | INFO | FUTU_US | [DB CHECKPOINT] FUTU_US @ 18200
2026-07-30 02:08:02.816 | INFO | FUTU_HK | [FUTU_HK] 账户: 总资产=$823,936.69 现金=$635,296.69 证券=$188,640.00 冻结=$0.00 购买力=$635,296.69 (HKD)
2026-07-30 02:08:03.112 | INFO | FUTU_US | [DB CHECKPOINT] FUTU_US @ 18300
2026-07-30 02:08:05.161 | INFO | FUTU_US | [FUTU_US] 账户: 总资产=$9,999,936.41 现金=$9,996,058.01 证券=$3,878.40 冻结=$0.00 购买力=$19,995,994.42 (USD)
2026-07-30 02:08:05.324 | INFO | FUTU_US | [DB CHECKPOINT] FUTU_US @ 18400
2026-07-30 02:08:06.110 | INFO | FUTU_US | [DB CHECKPOINT] FUTU_US @ 18500
2026-07-30 02:08:07.718 | INFO | FUTU_US | [DB CHECKPOINT] FUTU_US @ 18600
2026-07-30 02:08:08.210 | INFO | FUTU_US | [DB CHECKPOINT] FUTU_US @ 18700
2026-07-30 02:08:08.788 | INFO | FUTU_US | [DB CHECKPOINT] FUTU_US @ 18800
2026-07-30 02:08:09.213 | INFO | FUTU_US | [DB CHECKPOINT] FUTU_US @ 18900
2026-07-30 02:08:09.255 | INFO | FUTU_HK | [FUTU_HK] 账户: 总资产=$823,936.69 现金=$635,296.69 证券=$188,640.00 冻结=$0.00 购买力=$635,296.69 (HKD)
2026-07-30 02:08:09.850 | INFO | FUTU_US | [DB CHECKPOINT] FUTU_US @ 19000
2026-07-30 02:08:10.170 | INFO | FUTU_US | [DB CHECKPOINT] FUTU_US @ 19100
2026-07-30 02:08:11.784 | INFO | FUTU_US | [FUTU_US] 账户: 总资产=$9,999,936.41 现金=$9,996,058.01 证券=$3,878.40 冻结=$0.00 购买力=$19,995,994.42 (USD)
2026-07-30 02:08:13.187 | INFO | FUTU_US | [DB CHECKPOINT] FUTU_US @ 19200
2026-07-30 02:08:13.919 | INFO | FUTU_US | [DB CHECKPOINT] FUTU_US @ 19300
2026-07-30 02:08:15.200 | INFO | FUTU_US | [DB CHECKPOINT] FUTU_US @ 19400
2026-07-30 02:08:15.774 | INFO | FUTU_HK | [FUTU_HK] 账户: 总资产=$823,936.69 现金=$635,296.69 证券=$188,640.00 冻结=$0.00 购买力=$635,296.69 (HKD)
2026-07-30 02:08:16.623 | INFO | FUTU_US | [DB CHECKPOINT] FUTU_US @ 19500
2026-07-30 02:08:17.109 | INFO | FUTU_US | [FUTU_US] 账户: 总资产=$9,999,936.41 现金=$9,996,058.01 证券=$3,878.40 冻结=$0.00 购买力=$19,995,994.42 (USD)
2026-07-30 02:08:17.227 | INFO | FUTU_US | [DB CHECKPOINT] FUTU_US @ 19600
2026-07-30 02:08:17.829 | INFO | FUTU_US | [DB CHECKPOINT] FUTU_US @ 19700
2026-07-30 02:08:18.470 | INFO | FUTU_US | [DB CHECKPOINT] FUTU_US @ 19800
2026-07-30 02:08:19.050 | INFO | FUTU_US | [DB CHECKPOINT] FUTU_US @ 19900
2026-07-30 02:08:22.859 | INFO | FUTU_HK | [FUTU_HK] 账户: 总资产=$823,936.69 现金=$635,296.69 证券=$188,640.00 冻结=$0.00 购买力=$635,296.69 (HKD)
2026-07-30 02:08:23.336 | INFO | FUTU_US | [DB CHECKPOINT] FUTU_US @ 20000
2026-07-30 02:08:23.341 | INFO | FUTU_US | [FUTU_US] 账户: 总资产=$9,999,936.41 现金=$9,996,058.01 证券=$3,878.40 冻结=$0.00 购买力=$19,995,994.42 (USD)
2026-07-30 02:08:24.216 | INFO | FUTU_US | [DB CHECKPOINT] FUTU_US @ 20100
2026-07-30 02:08:24.562 | INFO | FUTU_US | [DB CHECKPOINT] FUTU_US @ 20200
2026-07-30 02:08:24.863 | INFO | FUTU_US | [DB CHECKPOINT] FUTU_US @ 20300
2026-07-30 02:08:25.137 | INFO | FUTU_US | [DB CHECKPOINT] FUTU_US @ 20400
2026-07-30 02:08:27.070 | INFO | FUTU_US | [DB CHECKPOINT] FUTU_US @ 20500
2026-07-30 02:08:28.022 | INFO | FUTU_US | [DB CHECKPOINT] FUTU_US @ 20600
2026-07-30 02:08:28.169 | INFO | FUTU_HK | [FUTU_HK] 账户: 总资产=$823,936.69 现金=$635,296.69 证券=$188,640.00 冻结=$0.00 购买力=$635,296.69 (HKD)
2026-07-30 02:08:28.596 | INFO | FUTU_US | [DB CHECKPOINT] FUTU_US @ 20700
2026-07-30 02:08:29.220 | INFO | FUTU_US | [FUTU_US] 账户: 总资产=$9,999,936.41 现金=$9,996,058.01 证券=$3,878.40 冻结=$0.00 购买力=$19,995,994.42 (USD)
2026-07-30 02:08:29.225 | INFO | FUTU_US | [DB CHECKPOINT] FUTU_US @ 20800
2026-07-30 02:08:29.459 | INFO | FUTU_US | [DB CHECKPOINT] FUTU_US @ 20900
2026-07-30 02:08:30.225 | INFO | FUTU_US | [DB CHECKPOINT] FUTU_US @ 21000
2026-07-30 02:08:30.678 | INFO | FUTU_US | [DB CHECKPOINT] FUTU_US @ 21100
2026-07-30 02:08:31.107 | INFO | FUTU_US | [DB CHECKPOINT] FUTU_US @ 21200
2026-07-30 02:08:31.688 | INFO | FUTU_US | [DB CHECKPOINT] FUTU_US @ 21300
2026-07-30 02:08:32.376 | INFO | FUTU_US | [DB CHECKPOINT] FUTU_US @ 21400
2026-07-30 02:08:34.587 | INFO | FUTU_HK | [FUTU_HK] 账户: 总资产=$823,936.69 现金=$635,296.69 证券=$188,640.00 冻结=$0.00 购买力=$635,296.69 (HKD)
2026-07-30 02:08:34.759 | INFO | FUTU_US | [DB CHECKPOINT] FUTU_US @ 21500
2026-07-30 02:08:35.330 | INFO | FUTU_US | [DB CHECKPOINT] FUTU_US @ 21600
2026-07-30 02:08:35.643 | INFO | FUTU_US | [FUTU_US] 账户: 总资产=$9,999,936.41 现金=$9,996,058.01 证券=$3,878.40 冻结=$0.00 购买力=$19,995,994.42 (USD)
2026-07-30 02:08:36.120 | INFO | FUTU_US | [DB CHECKPOINT] FUTU_US @ 21700
2026-07-30 02:08:36.967 | INFO | FUTU_US | [DB CHECKPOINT] FUTU_US @ 21800
2026-07-30 02:08:37.375 | INFO | FUTU_US | [DB CHECKPOINT] FUTU_US @ 21900
2026-07-30 02:08:37.739 | INFO | FUTU_US | [DB CHECKPOINT] FUTU_US @ 22000
2026-07-30 02:08:38.031 | INFO | FUTU_US | [DB CHECKPOINT] FUTU_US @ 22100
2026-07-30 02:08:38.234 | INFO | FUTU_US | [DB CHECKPOINT] FUTU_US @ 22200
2026-07-30 02:08:38.656 | INFO | FUTU_US | [DB CHECKPOINT] FUTU_US @ 22300
2026-07-30 02:08:39.073 | INFO | FUTU_US | [DB CHECKPOINT] FUTU_US @ 22400
2026-07-30 02:08:39.449 | INFO | FUTU_US | [DB CHECKPOINT] FUTU_US @ 22500
2026-07-30 02:08:39.829 | INFO | FUTU_US | [DB CHECKPOINT] FUTU_US @ 22600
2026-07-30 02:08:40.231 | INFO | FUTU_US | [DB CHECKPOINT] FUTU_US @ 22700
2026-07-30 02:08:40.416 | INFO | FUTU_US | [DB CHECKPOINT] FUTU_US @ 22800
2026-07-30 02:08:40.557 | INFO | FUTU_HK | [FUTU_HK] 账户: 总资产=$823,936.69 现金=$635,296.69 证券=$188,640.00 冻结=$0.00 购买力=$635,296.69 (HKD)
2026-07-30 02:08:40.775 | INFO | FUTU_US | [DB CHECKPOINT] FUTU_US @ 22900
2026-07-30 02:08:41.333 | INFO | FUTU_US | [DB CHECKPOINT] FUTU_US @ 23000
2026-07-30 02:08:42.909 | INFO | FUTU_US | [FUTU_US] 账户: 总资产=$9,999,936.41 现金=$9,996,058.01 证券=$3,878.40 冻结=$0.00 购买力=$19,995,994.42 (USD)
2026-07-30 02:08:45.301 | INFO | FUTU_US | [DB CHECKPOINT] FUTU_US @ 23100
2026-07-30 02:08:46.033 | INFO | FUTU_US | [DB CHECKPOINT] FUTU_US @ 23200
2026-07-30 02:08:46.801 | INFO | FUTU_US | [DB CHECKPOINT] FUTU_US @ 23300
2026-07-30 02:08:47.029 | INFO | FUTU_HK | [FUTU_HK] 账户: 总资产=$823,936.69 现金=$635,296.69 证券=$188,640.00 冻结=$0.00 购买力=$635,296.69 (HKD)
2026-07-30 02:08:48.492 | INFO | FUTU_US | [FUTU_US] 账户: 总资产=$9,999,936.41 现金=$9,996,058.01 证券=$3,878.40 冻结=$0.00 购买力=$19,995,994.42 (USD)
2026-07-30 02:08:48.907 | INFO | FUTU_US | [DB CHECKPOINT] FUTU_US @ 23400
2026-07-30 02:08:49.533 | INFO | FUTU_US | [DB CHECKPOINT] FUTU_US @ 23500
2026-07-30 02:08:49.859 | INFO | FUTU_US | [DB CHECKPOINT] FUTU_US @ 23600
2026-07-30 02:08:50.175 | INFO | FUTU_US | [DB CHECKPOINT] FUTU_US @ 23700
2026-07-30 02:08:50.403 | INFO | FUTU_US | [DB CHECKPOINT] FUTU_US @ 23800
2026-07-30 02:08:50.594 | INFO | FUTU_US | [DB CHECKPOINT] FUTU_US @ 23900
2026-07-30 02:08:50.807 | INFO | FUTU_US | [DB CHECKPOINT] FUTU_US @ 24000
2026-07-30 02:08:50.989 | INFO | FUTU_US | [DB CHECKPOINT] FUTU_US @ 24100
2026-07-30 02:08:51.229 | INFO | FUTU_US | [DB CHECKPOINT] FUTU_US @ 24200
2026-07-30 02:08:51.470 | INFO | FUTU_US | [DB CHECKPOINT] FUTU_US @ 24300
2026-07-30 02:08:51.740 | INFO | FUTU_US | [DB CHECKPOINT] FUTU_US @ 24400
2026-07-30 02:08:52.007 | INFO | FUTU_US | [DB CHECKPOINT] FUTU_US @ 24500
2026-07-30 02:08:53.568 | INFO | FUTU_HK | [FUTU_HK] 账户: 总资产=$823,936.69 现金=$635,296.69 证券=$188,640.00 冻结=$0.00 购买力=$635,296.69 (HKD)
2026-07-30 02:08:53.620 | INFO | FUTU_US | [DB CHECKPOINT] FUTU_US @ 24600
2026-07-30 02:08:53.885 | INFO | FUTU_US | [DB CHECKPOINT] FUTU_US @ 24700
2026-07-30 02:08:54.180 | INFO | FUTU_US | [DB CHECKPOINT] FUTU_US @ 24800
2026-07-30 02:08:54.235 | INFO | FUTU_US | [FUTU_US] 账户: 总资产=$9,999,936.41 现金=$9,996,058.01 证券=$3,878.40 冻结=$0.00 购买力=$19,995,994.42 (USD)
2026-07-30 02:08:54.356 | INFO | FUTU_US | [DB CHECKPOINT] FUTU_US @ 24900
2026-07-30 02:08:54.617 | INFO | FUTU_US | [DB CHECKPOINT] FUTU_US @ 25000
2026-07-30 02:08:54.779 | INFO | FUTU_US | [DB CHECKPOINT] FUTU_US @ 25100
2026-07-30 02:08:54.938 | INFO | FUTU_US | [DB CHECKPOINT] FUTU_US @ 25200
2026-07-30 02:08:55.135 | INFO | FUTU_US | [DB CHECKPOINT] FUTU_US @ 25300
2026-07-30 02:08:55.204 | INFO | FUTU_US | [DB CHECKPOINT] FUTU_US @ 25400
2026-07-30 02:08:55.264 | INFO | FUTU_US | [DB CHECKPOINT] FUTU_US @ 25500
2026-07-30 02:08:55.398 | INFO | FUTU_US | [DB CHECKPOINT] FUTU_US @ 25600
2026-07-30 02:08:55.524 | INFO | FUTU_US | [DB CHECKPOINT] FUTU_US @ 25700
2026-07-30 02:08:55.732 | INFO | FUTU_US | [DB CHECKPOINT] FUTU_US @ 25800
2026-07-30 02:08:55.969 | INFO | FUTU_US | [DB CHECKPOINT] FUTU_US @ 25900
2026-07-30 02:08:56.257 | INFO | FUTU_US | [DB CHECKPOINT] FUTU_US @ 26000
2026-07-30 02:08:56.566 | INFO | FUTU_US | [DB CHECKPOINT] FUTU_US @ 26100
2026-07-30 02:08:56.930 | INFO | FUTU_US | [DB CHECKPOINT] FUTU_US @ 26200
2026-07-30 02:08:57.204 | INFO | FUTU_US | [DB CHECKPOINT] FUTU_US @ 26300
2026-07-30 02:08:57.424 | INFO | FUTU_US | [DB CHECKPOINT] FUTU_US @ 26400
2026-07-30 02:08:57.673 | INFO | FUTU_US | [DB CHECKPOINT] FUTU_US @ 26500
2026-07-30 02:08:57.881 | INFO | FUTU_US | [DB CHECKPOINT] FUTU_US @ 26600
2026-07-30 02:08:58.137 | INFO | FUTU_US | [DB CHECKPOINT] FUTU_US @ 26700
2026-07-30 02:08:58.400 | INFO | FUTU_US | [DB CHECKPOINT] FUTU_US @ 26800
2026-07-30 02:08:58.566 | INFO | FUTU_US | [DB CHECKPOINT] FUTU_US @ 26900
2026-07-30 02:08:58.798 | INFO | FUTU_US | [DB CHECKPOINT] FUTU_US @ 27000
2026-07-30 02:08:59.053 | INFO | FUTU_US | [DB CHECKPOINT] FUTU_US @ 27100
2026-07-30 02:08:59.234 | INFO | FUTU_HK | [FUTU_HK] 账户: 总资产=$823,936.69 现金=$635,296.69 证券=$188,640.00 冻结=$0.00 购买力=$635,296.69 (HKD)
2026-07-30 02:08:59.339 | INFO | FUTU_US | [DB CHECKPOINT] FUTU_US @ 27200
2026-07-30 02:08:59.622 | INFO | FUTU_US | [DB CHECKPOINT] FUTU_US @ 27300
2026-07-30 02:08:59.931 | INFO | FUTU_US | [DB CHECKPOINT] FUTU_US @ 27400
2026-07-30 02:09:00.192 | INFO | FUTU_US | [DB CHECKPOINT] FUTU_US @ 27500
2026-07-30 02:09:00.242 | INFO | FUTU_US | [FUTU_US] 账户: 总资产=$9,999,936.41 现金=$9,996,058.01 证券=$3,878.40 冻结=$0.00 购买力=$19,995,994.42 (USD)
2026-07-30 02:09:00.390 | INFO | FUTU_US | [DB CHECKPOINT] FUTU_US @ 27600
2026-07-30 02:09:00.632 | INFO | FUTU_US | [DB CHECKPOINT] FUTU_US @ 27700
2026-07-30 02:09:00.844 | INFO | FUTU_US | [DB CHECKPOINT] FUTU_US @ 27800
2026-07-30 02:09:01.002 | INFO | FUTU_US | [DB CHECKPOINT] FUTU_US @ 27900
2026-07-30 02:09:01.562 | INFO | FUTU_US | [DB CHECKPOINT] FUTU_US @ 28000
2026-07-30 02:09:01.756 | INFO | FUTU_US | [DB CHECKPOINT] FUTU_US @ 28100
2026-07-30 02:09:02.008 | INFO | FUTU_US | [DB CHECKPOINT] FUTU_US @ 28200
2026-07-30 02:09:02.359 | INFO | FUTU_US | [DB CHECKPOINT] FUTU_US @ 28300
2026-07-30 02:09:02.744 | INFO | FUTU_US | [DB CHECKPOINT] FUTU_US @ 28400
2026-07-30 02:09:03.087 | INFO | FUTU_US | [DB CHECKPOINT] FUTU_US @ 28500
2026-07-30 02:09:03.355 | INFO | FUTU_US | [DB CHECKPOINT] FUTU_US @ 28600
2026-07-30 02:09:03.452 | INFO | FUTU_US | [DB CHECKPOINT] FUTU_US @ 28700
2026-07-30 02:09:03.670 | INFO | FUTU_US | [DB CHECKPOINT] FUTU_US @ 28800
2026-07-30 02:09:03.898 | INFO | FUTU_US | [DB CHECKPOINT] FUTU_US @ 28900
2026-07-30 02:09:04.047 | INFO | FUTU_US | [DB CHECKPOINT] FUTU_US @ 29000
2026-07-30 02:09:04.418 | INFO | FUTU_US | [DB CHECKPOINT] FUTU_US @ 29100
2026-07-30 02:09:04.615 | INFO | FUTU_US | [DB CHECKPOINT] FUTU_US @ 29200
2026-07-30 02:09:05.020 | INFO | FUTU_US | [DB CHECKPOINT] FUTU_US @ 29300
2026-07-30 02:09:07.071 | INFO | FUTU_HK | [FUTU_HK] 账户: 总资产=$823,936.69 现金=$635,296.69 证券=$188,640.00 冻结=$0.00 购买力=$635,296.69 (HKD)
2026-07-30 02:09:07.587 | INFO | FUTU_US | [FUTU_US] 账户: 总资产=$9,999,936.41 现金=$9,996,058.01 证券=$3,878.40 冻结=$0.00 购买力=$19,995,994.42 (USD)
2026-07-30 02:09:08.073 | INFO | FUTU_US | [DB CHECKPOINT] FUTU_US @ 29400
2026-07-30 02:09:09.418 | INFO | FUTU_US | [DB CHECKPOINT] FUTU_US @ 29500
2026-07-30 02:09:10.643 | INFO | FUTU_US | [DB CHECKPOINT] FUTU_US @ 29600
2026-07-30 02:09:11.566 | INFO | FUTU_US | [DB CHECKPOINT] FUTU_US @ 29700
2026-07-30 02:09:12.437 | INFO | FUTU_US | [DB CHECKPOINT] FUTU_US @ 29800
2026-07-30 02:09:12.546 | INFO | FUTU_HK | [FUTU_HK] 账户: 总资产=$823,936.69 现金=$635,296.69 证券=$188,640.00 冻结=$0.00 购买力=$635,296.69 (HKD)
2026-07-30 02:09:13.085 | INFO | FUTU_US | [DB CHECKPOINT] FUTU_US @ 29900
2026-07-30 02:09:13.608 | INFO | FUTU_US | [FUTU_US] 账户: 总资产=$9,999,936.41 现金=$9,996,058.01 证券=$3,878.40 冻结=$0.00 购买力=$19,995,994.42 (USD)
2026-07-30 02:09:14.323 | INFO | FUTU_US | [DB CHECKPOINT] FUTU_US @ 30000
2026-07-30 02:09:15.081 | INFO | FUTU_US | [DB CHECKPOINT] FUTU_US @ 30100
2026-07-30 02:09:15.733 | INFO | FUTU_US | [DB CHECKPOINT] FUTU_US @ 30200
2026-07-30 02:09:16.112 | INFO | FUTU_US | [DB CHECKPOINT] FUTU_US @ 30300
2026-07-30 02:09:16.715 | INFO | FUTU_US | [DB CHECKPOINT] FUTU_US @ 30400
2026-07-30 02:09:17.281 | INFO | FUTU_US | [DB CHECKPOINT] FUTU_US @ 30500
2026-07-30 02:09:17.613 | INFO | FUTU_US | [DB CHECKPOINT] FUTU_US @ 30600
2026-07-30 02:09:18.426 | INFO | FUTU_US | [DB CHECKPOINT] FUTU_US @ 30700
2026-07-30 02:09:18.553 | INFO | FUTU_HK | [FUTU_HK] 账户: 总资产=$823,936.69 现金=$635,296.69 证券=$188,640.00 冻结=$0.00 购买力=$635,296.69 (HKD)
2026-07-30 02:09:21.859 | INFO | FUTU_US | [DB CHECKPOINT] FUTU_US @ 30800
2026-07-30 02:09:21.970 | INFO | FUTU_US | [FUTU_US] 账户: 总资产=$9,999,936.41 现金=$9,996,058.01 证券=$3,878.40 冻结=$0.00 购买力=$19,995,994.42 (USD)
2026-07-30 02:09:25.402 | INFO | FUTU_US | [DB CHECKPOINT] FUTU_US @ 30900
2026-07-30 02:09:25.608 | INFO | FUTU_US | [DB CHECKPOINT] FUTU_US @ 31000
2026-07-30 02:09:25.966 | INFO | FUTU_HK | [FUTU_HK] 账户: 总资产=$823,936.69 现金=$635,296.69 证券=$188,640.00 冻结=$0.00 购买力=$635,296.69 (HKD)
2026-07-30 02:09:26.110 | INFO | FUTU_US | [DB CHECKPOINT] FUTU_US @ 31100
2026-07-30 02:09:26.574 | INFO | FUTU_US | [DB CHECKPOINT] FUTU_US @ 31200
2026-07-30 02:09:26.873 | INFO | FUTU_US | [DB CHECKPOINT] FUTU_US @ 31300
2026-07-30 02:09:26.935 | INFO | FUTU_US | [FUTU_US] 账户: 总资产=$9,999,936.41 现金=$9,996,058.01 证券=$3,878.40 冻结=$0.00 购买力=$19,995,994.42 (USD)
2026-07-30 02:09:27.133 | INFO | FUTU_US | [DB CHECKPOINT] FUTU_US @ 31400
2026-07-30 02:09:27.526 | INFO | FUTU_US | [DB CHECKPOINT] FUTU_US @ 31500
2026-07-30 02:09:27.989 | INFO | FUTU_US | [DB CHECKPOINT] FUTU_US @ 31600
2026-07-30 02:09:28.797 | INFO | FUTU_US | [DB CHECKPOINT] FUTU_US @ 31700
2026-07-30 02:09:29.191 | INFO | FUTU_US | [DB CHECKPOINT] FUTU_US @ 31800
2026-07-30 02:09:29.573 | INFO | FUTU_US | [DB CHECKPOINT] FUTU_US @ 31900
2026-07-30 02:09:29.875 | INFO | FUTU_US | [DB CHECKPOINT] FUTU_US @ 32000
2026-07-30 02:09:30.086 | INFO | FUTU_US | [DB CHECKPOINT] FUTU_US @ 32100
2026-07-30 02:09:30.423 | INFO | FUTU_US | [DB CHECKPOINT] FUTU_US @ 32200
2026-07-30 02:09:30.728 | INFO | FUTU_US | [DB CHECKPOINT] FUTU_US @ 32300
2026-07-30 02:09:31.132 | INFO | FUTU_US | [DB CHECKPOINT] FUTU_US @ 32400
2026-07-30 02:09:31.421 | INFO | FUTU_US | [DB CHECKPOINT] FUTU_US @ 32500
2026-07-30 02:09:31.887 | INFO | FUTU_US | [DB CHECKPOINT] FUTU_US @ 32600
2026-07-30 02:09:32.051 | INFO | FUTU_HK | [FUTU_HK] 账户: 总资产=$823,936.69 现金=$635,296.69 证券=$188,640.00 冻结=$0.00 购买力=$635,296.69 (HKD)
2026-07-30 02:09:32.508 | INFO | FUTU_US | [DB CHECKPOINT] FUTU_US @ 32700
2026-07-30 02:09:32.841 | INFO | FUTU_US | [DB CHECKPOINT] FUTU_US @ 32800
2026-07-30 02:09:32.958 | INFO | FUTU_US | [FUTU_US] 账户: 总资产=$9,999,936.41 现金=$9,996,058.01 证券=$3,878.40 冻结=$0.00 购买力=$19,995,994.42 (USD)
2026-07-30 02:09:33.295 | INFO | FUTU_US | [DB CHECKPOINT] FUTU_US @ 32900
2026-07-30 02:09:33.803 | INFO | FUTU_US | [DB CHECKPOINT] FUTU_US @ 33000
2026-07-30 02:09:34.335 | INFO | FUTU_US | [DB CHECKPOINT] FUTU_US @ 33100
2026-07-30 02:09:40.581 | INFO | FUTU_HK | [FUTU_HK] 账户: 总资产=$823,936.69 现金=$635,296.69 证券=$188,640.00 冻结=$0.00 购买力=$635,296.69 (HKD)
2026-07-30 02:09:40.632 | INFO | FUTU_US | [DB CHECKPOINT] FUTU_US @ 33200
2026-07-30 02:09:41.057 | INFO | FUTU_US | [FUTU_US] 账户: 总资产=$9,999,936.41 现金=$9,996,058.01 证券=$3,878.40 冻结=$0.00 购买力=$19,995,994.42 (USD)
2026-07-30 02:09:41.180 | INFO | FUTU_US | [DB CHECKPOINT] FUTU_US @ 33300
2026-07-30 02:09:41.449 | INFO | FUTU_US | [DB CHECKPOINT] FUTU_US @ 33400
2026-07-30 02:09:41.827 | INFO | FUTU_US | [DB CHECKPOINT] FUTU_US @ 33500
2026-07-30 02:09:42.138 | INFO | FUTU_US | [DB CHECKPOINT] FUTU_US @ 33600
2026-07-30 02:09:42.463 | INFO | FUTU_US | [DB CHECKPOINT] FUTU_US @ 33700
2026-07-30 02:09:42.774 | INFO | FUTU_US | [DB CHECKPOINT] FUTU_US @ 33800
2026-07-30 02:09:43.136 | INFO | FUTU_US | [DB CHECKPOINT] FUTU_US @ 33900
2026-07-30 02:09:43.439 | INFO | FUTU_US | [DB CHECKPOINT] FUTU_US @ 34000
2026-07-30 02:09:43.684 | INFO | FUTU_US | [DB CHECKPOINT] FUTU_US @ 34100
2026-07-30 02:09:43.944 | INFO | FUTU_US | [DB CHECKPOINT] FUTU_US @ 34200
2026-07-30 02:09:44.262 | INFO | FUTU_US | [DB CHECKPOINT] FUTU_US @ 34300
2026-07-30 02:09:44.474 | INFO | FUTU_US | [DB CHECKPOINT] FUTU_US @ 34400
2026-07-30 02:09:44.623 | INFO | FUTU_US | [DB CHECKPOINT] FUTU_US @ 34500
2026-07-30 02:09:44.848 | INFO | FUTU_US | [DB CHECKPOINT] FUTU_US @ 34600
2026-07-30 02:09:45.086 | INFO | FUTU_US | [DB CHECKPOINT] FUTU_US @ 34700
2026-07-30 02:09:45.357 | INFO | FUTU_US | [DB CHECKPOINT] FUTU_US @ 34800
2026-07-30 02:09:45.618 | INFO | FUTU_US | [DB CHECKPOINT] FUTU_US @ 34900
2026-07-30 02:09:45.824 | INFO | FUTU_US | [DB CHECKPOINT] FUTU_US @ 35000
2026-07-30 02:09:46.014 | INFO | FUTU_US | [DB CHECKPOINT] FUTU_US @ 35100
2026-07-30 02:09:46.069 | INFO | FUTU_HK | [FUTU_HK] 账户: 总资产=$823,936.69 现金=$635,296.69 证券=$188,640.00 冻结=$0.00 购买力=$635,296.69 (HKD)
2026-07-30 02:09:46.292 | INFO | FUTU_US | [DB CHECKPOINT] FUTU_US @ 35200
2026-07-30 02:09:46.434 | INFO | FUTU_US | [DB CHECKPOINT] FUTU_US @ 35300
2026-07-30 02:09:46.596 | INFO | FUTU_US | [DB CHECKPOINT] FUTU_US @ 35400
2026-07-30 02:09:46.817 | INFO | FUTU_US | [DB CHECKPOINT] FUTU_US @ 35500
2026-07-30 02:09:47.071 | INFO | FUTU_US | [DB CHECKPOINT] FUTU_US @ 35600
2026-07-30 02:09:47.082 | INFO | FUTU_US | [FUTU_US] 账户: 总资产=$9,999,936.41 现金=$9,996,058.01 证券=$3,878.40 冻结=$0.00 购买力=$19,995,994.42 (USD)
2026-07-30 02:09:47.277 | INFO | FUTU_US | [DB CHECKPOINT] FUTU_US @ 35700
2026-07-30 02:09:47.482 | INFO | FUTU_US | [DB CHECKPOINT] FUTU_US @ 35800
2026-07-30 02:09:47.742 | INFO | FUTU_US | [DB CHECKPOINT] FUTU_US @ 35900
2026-07-30 02:09:47.938 | INFO | FUTU_US | [DB CHECKPOINT] FUTU_US @ 36000
2026-07-30 02:09:48.127 | INFO | FUTU_US | [DB CHECKPOINT] FUTU_US @ 36100
2026-07-30 02:09:48.388 | INFO | FUTU_US | [DB CHECKPOINT] FUTU_US @ 36200
2026-07-30 02:09:48.587 | INFO | FUTU_US | [DB CHECKPOINT] FUTU_US @ 36300
2026-07-30 02:09:48.856 | INFO | FUTU_US | [DB CHECKPOINT] FUTU_US @ 36400
2026-07-30 02:09:49.240 | INFO | FUTU_US | [DB CHECKPOINT] FUTU_US @ 36500
2026-07-30 02:09:49.581 | INFO | FUTU_US | [DB CHECKPOINT] FUTU_US @ 36600
2026-07-30 02:09:49.877 | INFO | FUTU_US | [DB CHECKPOINT] FUTU_US @ 36700
2026-07-30 02:09:50.124 | INFO | FUTU_US | [DB CHECKPOINT] FUTU_US @ 36800
2026-07-30 02:09:50.292 | INFO | FUTU_US | [DB CHECKPOINT] FUTU_US @ 36900
2026-07-30 02:09:50.616 | INFO | FUTU_US | [DB CHECKPOINT] FUTU_US @ 37000
2026-07-30 02:09:50.899 | INFO | FUTU_US | [DB CHECKPOINT] FUTU_US @ 37100
2026-07-30 02:09:51.416 | INFO | FUTU_US | [DB CHECKPOINT] FUTU_US @ 37200
2026-07-30 02:09:51.698 | INFO | FUTU_US | [DB CHECKPOINT] FUTU_US @ 37300
2026-07-30 02:09:51.956 | INFO | FUTU_US | [DB CHECKPOINT] FUTU_US @ 37400
2026-07-30 02:09:52.115 | INFO | FUTU_HK | [FUTU_HK] 账户: 总资产=$823,936.69 现金=$635,296.69 证券=$188,640.00 冻结=$0.00 购买力=$635,296.69 (HKD)
2026-07-30 02:09:52.167 | INFO | FUTU_US | [DB CHECKPOINT] FUTU_US @ 37500
2026-07-30 02:09:52.335 | INFO | FUTU_US | [DB CHECKPOINT] FUTU_US @ 37600
2026-07-30 02:09:52.537 | INFO | FUTU_US | [DB CHECKPOINT] FUTU_US @ 37700
2026-07-30 02:09:52.735 | INFO | FUTU_US | [DB CHECKPOINT] FUTU_US @ 37800
2026-07-30 02:09:52.977 | INFO | FUTU_US | [DB CHECKPOINT] FUTU_US @ 37900
2026-07-30 02:09:53.127 | INFO | FUTU_US | [FUTU_US] 账户: 总资产=$9,999,936.41 现金=$9,996,058.01 证券=$3,878.40 冻结=$0.00 购买力=$19,995,994.42 (USD)
2026-07-30 02:09:53.206 | INFO | FUTU_US | [DB CHECKPOINT] FUTU_US @ 38000
2026-07-30 02:09:53.443 | INFO | FUTU_US | [DB CHECKPOINT] FUTU_US @ 38100
2026-07-30 02:09:53.548 | INFO | FUTU_US | [DB CHECKPOINT] FUTU_US @ 38200
2026-07-30 02:09:53.857 | INFO | FUTU_US | [DB CHECKPOINT] FUTU_US @ 38300
2026-07-30 02:09:54.045 | INFO | FUTU_US | [DB CHECKPOINT] FUTU_US @ 38400
2026-07-30 02:09:54.212 | INFO | FUTU_US | [DB CHECKPOINT] FUTU_US @ 38500
2026-07-30 02:09:54.419 | INFO | FUTU_US | [DB CHECKPOINT] FUTU_US @ 38600
2026-07-30 02:09:54.554 | INFO | FUTU_US | [DB CHECKPOINT] FUTU_US @ 38700
2026-07-30 02:09:54.730 | INFO | FUTU_US | [DB CHECKPOINT] FUTU_US @ 38800
2026-07-30 02:09:54.952 | INFO | FUTU_US | [DB CHECKPOINT] FUTU_US @ 38900
2026-07-30 02:09:55.076 | INFO | FUTU_US | [DB CHECKPOINT] FUTU_US @ 39000
2026-07-30 02:09:55.226 | INFO | FUTU_US | [DB CHECKPOINT] FUTU_US @ 39100
2026-07-30 02:09:55.399 | INFO | FUTU_US | [DB CHECKPOINT] FUTU_US @ 39200
2026-07-30 02:09:55.598 | INFO | FUTU_US | [DB CHECKPOINT] FUTU_US @ 39300
2026-07-30 02:09:58.811 | INFO | FUTU_US | [DB CHECKPOINT] FUTU_US @ 39400
2026-07-30 02:09:59.205 | INFO | FUTU_US | [DB CHECKPOINT] FUTU_US @ 39500
2026-07-30 02:09:59.539 | INFO | FUTU_US | [DB CHECKPOINT] FUTU_US @ 39600
2026-07-30 02:09:59.750 | INFO | FUTU_HK | [FUTU_HK] 账户: 总资产=$823,936.69 现金=$635,296.69 证券=$188,640.00 冻结=$0.00 购买力=$635,296.69 (HKD)
2026-07-30 02:09:59.896 | INFO | FUTU_US | [DB CHECKPOINT] FUTU_US @ 39700
2026-07-30 02:10:00.086 | INFO | FUTU_US | [DB CHECKPOINT] FUTU_US @ 39800
2026-07-30 02:10:00.371 | INFO | FUTU_US | [DB CHECKPOINT] FUTU_US @ 39900
2026-07-30 02:10:00.581 | INFO | FUTU_US | [DB CHECKPOINT] FUTU_US @ 40000
2026-07-30 02:10:00.699 | INFO | FUTU_US | [DB CHECKPOINT] FUTU_US @ 40100
2026-07-30 02:10:00.781 | INFO | FUTU_US | [FUTU_US] 账户: 总资产=$9,999,936.41 现金=$9,996,058.01 证券=$3,878.40 冻结=$0.00 购买力=$19,995,994.42 (USD)
2026-07-30 02:10:00.967 | INFO | FUTU_US | [DB CHECKPOINT] FUTU_US @ 40200
2026-07-30 02:10:01.431 | INFO | FUTU_US | [DB CHECKPOINT] FUTU_US @ 40300
2026-07-30 02:10:01.628 | INFO | FUTU_US | [DB CHECKPOINT] FUTU_US @ 40400
2026-07-30 02:10:01.788 | INFO | FUTU_US | [DB CHECKPOINT] FUTU_US @ 40500
2026-07-30 02:10:01.926 | INFO | FUTU_US | [DB CHECKPOINT] FUTU_US @ 40600
2026-07-30 02:10:02.114 | INFO | FUTU_US | [DB CHECKPOINT] FUTU_US @ 40700
2026-07-30 02:10:02.249 | INFO | FUTU_US | [DB CHECKPOINT] FUTU_US @ 40800
2026-07-30 02:10:02.394 | INFO | FUTU_US | [DB CHECKPOINT] FUTU_US @ 40900
2026-07-30 02:10:02.501 | INFO | FUTU_US | [DB CHECKPOINT] FUTU_US @ 41000
2026-07-30 02:10:02.619 | INFO | FUTU_US | [DB CHECKPOINT] FUTU_US @ 41100
2026-07-30 02:10:02.744 | INFO | FUTU_US | [DB CHECKPOINT] FUTU_US @ 41200
2026-07-30 02:10:02.829 | INFO | FUTU_US | [DB CHECKPOINT] FUTU_US @ 41300
2026-07-30 02:10:02.954 | INFO | FUTU_US | [DB CHECKPOINT] FUTU_US @ 41400
2026-07-30 02:10:03.077 | INFO | FUTU_US | [DB CHECKPOINT] FUTU_US @ 41500
2026-07-30 02:10:03.184 | INFO | FUTU_US | [DB CHECKPOINT] FUTU_US @ 41600
2026-07-30 02:10:03.270 | INFO | FUTU_US | [DB CHECKPOINT] FUTU_US @ 41700
2026-07-30 02:10:03.567 | INFO | FUTU_US | [DB CHECKPOINT] FUTU_US @ 41800
2026-07-30 02:10:03.986 | INFO | FUTU_US | [DB CHECKPOINT] FUTU_US @ 41900
2026-07-30 02:10:04.471 | INFO | FUTU_US | [DB CHECKPOINT] FUTU_US @ 42000
2026-07-30 02:10:04.768 | INFO | FUTU_US | [DB CHECKPOINT] FUTU_US @ 42100
2026-07-30 02:10:05.043 | INFO | FUTU_US | [DB CHECKPOINT] FUTU_US @ 42200
2026-07-30 02:10:05.336 | INFO | FUTU_US | [DB CHECKPOINT] FUTU_US @ 42300
2026-07-30 02:10:05.649 | INFO | FUTU_US | [DB CHECKPOINT] FUTU_US @ 42400
2026-07-30 02:10:05.760 | INFO | FUTU_HK | [FUTU_HK] 账户: 总资产=$823,936.69 现金=$635,296.69 证券=$188,640.00 冻结=$0.00 购买力=$635,296.69 (HKD)
2026-07-30 02:10:06.064 | INFO | FUTU_US | [DB CHECKPOINT] FUTU_US @ 42500
2026-07-30 02:10:06.410 | INFO | FUTU_US | [DB CHECKPOINT] FUTU_US @ 42600
2026-07-30 02:10:06.781 | INFO | FUTU_US | [FUTU_US] 账户: 总资产=$9,999,936.41 现金=$9,996,058.01 证券=$3,878.40 冻结=$0.00 购买力=$19,995,994.42 (USD)
2026-07-30 02:10:06.891 | INFO | FUTU_US | [DB CHECKPOINT] FUTU_US @ 42700
2026-07-30 02:10:07.172 | INFO | FUTU_US | [DB CHECKPOINT] FUTU_US @ 42800
2026-07-30 02:10:07.459 | INFO | FUTU_US | [DB CHECKPOINT] FUTU_US @ 42900
2026-07-30 02:10:08.013 | INFO | FUTU_US | [DB CHECKPOINT] FUTU_US @ 43000
2026-07-30 02:10:08.466 | INFO | FUTU_US | [DB CHECKPOINT] FUTU_US @ 43100
2026-07-30 02:10:08.900 | INFO | FUTU_US | [DB CHECKPOINT] FUTU_US @ 43200
2026-07-30 02:10:09.234 | INFO | FUTU_US | [DB CHECKPOINT] FUTU_US @ 43300
2026-07-30 02:10:09.561 | INFO | FUTU_US | [DB CHECKPOINT] FUTU_US @ 43400
2026-07-30 02:10:09.787 | INFO | FUTU_US | [DB CHECKPOINT] FUTU_US @ 43500
2026-07-30 02:10:10.045 | INFO | FUTU_US | [DB CHECKPOINT] FUTU_US @ 43600
2026-07-30 02:10:10.615 | INFO | FUTU_US | [DB CHECKPOINT] FUTU_US @ 43700
2026-07-30 02:10:11.201 | INFO | FUTU_US | [DB CHECKPOINT] FUTU_US @ 43800
2026-07-30 02:10:11.791 | INFO | FUTU_HK | [FUTU_HK] 账户: 总资产=$823,936.69 现金=$635,296.69 证券=$188,640.00 冻结=$0.00 购买力=$635,296.69 (HKD)
2026-07-30 02:10:12.119 | INFO | FUTU_US | [DB CHECKPOINT] FUTU_US @ 43900
2026-07-30 02:10:12.706 | INFO | FUTU_US | [DB CHECKPOINT] FUTU_US @ 44000
2026-07-30 02:10:12.800 | INFO | FUTU_US | [FUTU_US] 账户: 总资产=$9,999,936.41 现金=$9,996,058.01 证券=$3,878.40 冻结=$0.00 购买力=$19,995,994.42 (USD)
2026-07-30 02:10:13.624 | INFO | FUTU_US | [DB CHECKPOINT] FUTU_US @ 44100
2026-07-30 02:10:14.158 | INFO | FUTU_US | [DB CHECKPOINT] FUTU_US @ 44200
2026-07-30 02:10:14.433 | INFO | FUTU_US | [DB CHECKPOINT] FUTU_US @ 44300
2026-07-30 02:10:14.604 | INFO | FUTU_US | [DB CHECKPOINT] FUTU_US @ 44400
2026-07-30 02:10:14.800 | INFO | FUTU_US | [DB CHECKPOINT] FUTU_US @ 44500
2026-07-30 02:10:14.948 | INFO | FUTU_US | [DB CHECKPOINT] FUTU_US @ 44600
2026-07-30 02:10:15.104 | INFO | FUTU_US | [DB CHECKPOINT] FUTU_US @ 44700
2026-07-30 02:10:15.219 | INFO | FUTU_US | [DB CHECKPOINT] FUTU_US @ 44800
2026-07-30 02:10:15.288 | INFO | FUTU_US | [DB CHECKPOINT] FUTU_US @ 44900
2026-07-30 02:10:15.389 | INFO | FUTU_US | [DB CHECKPOINT] FUTU_US @ 45000
2026-07-30 02:10:15.492 | INFO | FUTU_US | [DB CHECKPOINT] FUTU_US @ 45100
2026-07-30 02:10:15.571 | INFO | FUTU_US | [DB CHECKPOINT] FUTU_US @ 45200
2026-07-30 02:10:15.699 | INFO | FUTU_US | [DB CHECKPOINT] FUTU_US @ 45300
2026-07-30 02:10:15.839 | INFO | FUTU_US | [DB CHECKPOINT] FUTU_US @ 45400
2026-07-30 02:10:16.284 | INFO | FUTU_US | [DB CHECKPOINT] FUTU_US @ 45500
2026-07-30 02:10:16.966 | INFO | FUTU_US | [DB CHECKPOINT] FUTU_US @ 45600
2026-07-30 02:10:21.336 | INFO | FUTU_HK | [FUTU_HK] 账户: 总资产=$823,936.69 现金=$635,296.69 证券=$188,640.00 冻结=$0.00 购买力=$635,296.69 (HKD)
2026-07-30 02:10:22.504 | INFO | FUTU_US | [DB CHECKPOINT] FUTU_US @ 45700
2026-07-30 02:10:22.553 | INFO | FUTU_US | [FUTU_US] 账户: 总资产=$9,999,936.41 现金=$9,996,058.01 证券=$3,878.40 冻结=$0.00 购买力=$19,995,994.42 (USD)
2026-07-30 02:10:25.098 | INFO | FUTU_US | [DB CHECKPOINT] FUTU_US @ 45800
2026-07-30 02:10:25.371 | INFO | FUTU_US | [DB CHECKPOINT] FUTU_US @ 45900
2026-07-30 02:10:26.701 | INFO | FUTU_HK | [FUTU_HK] 账户: 总资产=$823,936.69 现金=$635,296.69 证券=$188,640.00 冻结=$0.00 购买力=$635,296.69 (HKD)
2026-07-30 02:10:26.825 | INFO | FUTU_US | [DB CHECKPOINT] FUTU_US @ 46000
2026-07-30 02:10:27.327 | INFO | FUTU_US | [DB CHECKPOINT] FUTU_US @ 46100
2026-07-30 02:10:27.695 | INFO | FUTU_US | [FUTU_US] 账户: 总资产=$9,999,936.41 现金=$9,996,058.01 证券=$3,878.40 冻结=$0.00 购买力=$19,995,994.42 (USD)
2026-07-30 02:10:28.000 | INFO | FUTU_US | [DB CHECKPOINT] FUTU_US @ 46200
2026-07-30 02:10:28.606 | INFO | FUTU_US | [DB CHECKPOINT] FUTU_US @ 46300
2026-07-30 02:10:29.245 | INFO | FUTU_US | [DB CHECKPOINT] FUTU_US @ 46400
2026-07-30 02:10:29.970 | INFO | FUTU_US | [DB CHECKPOINT] FUTU_US @ 46500
2026-07-30 02:10:30.369 | INFO | FUTU_US | [DB CHECKPOINT] FUTU_US @ 46600
2026-07-30 02:10:30.865 | INFO | FUTU_US | [DB CHECKPOINT] FUTU_US @ 46700
2026-07-30 02:10:31.311 | INFO | FUTU_US | [DB CHECKPOINT] FUTU_US @ 46800
2026-07-30 02:10:31.908 | INFO | FUTU_US | [DB CHECKPOINT] FUTU_US @ 46900
2026-07-30 02:10:32.486 | INFO | FUTU_US | [DB CHECKPOINT] FUTU_US @ 47000
2026-07-30 02:10:32.690 | INFO | FUTU_HK | [FUTU_HK] 账户: 总资产=$823,936.69 现金=$635,296.69 证券=$188,640.00 冻结=$0.00 购买力=$635,296.69 (HKD)
2026-07-30 02:10:33.085 | INFO | FUTU_US | [DB CHECKPOINT] FUTU_US @ 47100
2026-07-30 02:10:33.285 | INFO | FUTU_US | [DB CHECKPOINT] FUTU_US @ 47200
2026-07-30 02:10:33.435 | INFO | FUTU_US | [DB CHECKPOINT] FUTU_US @ 47300
2026-07-30 02:10:33.672 | INFO | FUTU_US | [FUTU_US] 账户: 总资产=$9,999,936.41 现金=$9,996,058.01 证券=$3,878.40 冻结=$0.00 购买力=$19,995,994.42 (USD)
2026-07-30 02:10:34.013 | INFO | FUTU_US | [DB CHECKPOINT] FUTU_US @ 47400
2026-07-30 02:10:36.171 | INFO | FUTU_US | [DB CHECKPOINT] FUTU_US @ 47500
2026-07-30 02:10:37.241 | INFO | FUTU_US | [DB CHECKPOINT] FUTU_US @ 47600
2026-07-30 02:10:37.618 | INFO | FUTU_US | [DB CHECKPOINT] FUTU_US @ 47700
2026-07-30 02:10:38.385 | INFO | FUTU_US | [DB CHECKPOINT] FUTU_US @ 47800
2026-07-30 02:10:38.769 | INFO | FUTU_HK | [FUTU_HK] 账户: 总资产=$823,936.69 现金=$635,296.69 证券=$188,640.00 冻结=$0.00 购买力=$635,296.69 (HKD)
2026-07-30 02:10:38.933 | INFO | FUTU_US | [DB CHECKPOINT] FUTU_US @ 47900
2026-07-30 02:10:39.423 | INFO | FUTU_US | [DB CHECKPOINT] FUTU_US @ 48000
2026-07-30 02:10:39.711 | INFO | FUTU_US | [FUTU_US] 账户: 总资产=$9,999,936.41 现金=$9,996,058.01 证券=$3,878.40 冻结=$0.00 购买力=$19,995,994.42 (USD)
2026-07-30 02:10:39.885 | INFO | FUTU_US | [DB CHECKPOINT] FUTU_US @ 48100
2026-07-30 02:10:40.283 | INFO | FUTU_US | [DB CHECKPOINT] FUTU_US @ 48200
2026-07-30 02:10:40.855 | INFO | FUTU_US | [DB CHECKPOINT] FUTU_US @ 48300
2026-07-30 02:10:41.464 | INFO | FUTU_US | [DB CHECKPOINT] FUTU_US @ 48400
2026-07-30 02:10:46.270 | INFO | FUTU_US | [DB CHECKPOINT] FUTU_US @ 48500
2026-07-30 02:10:46.445 | INFO | FUTU_US | [DB CHECKPOINT] FUTU_US @ 48600
2026-07-30 02:10:46.692 | INFO | FUTU_US | [DB CHECKPOINT] FUTU_US @ 48700
2026-07-30 02:10:46.858 | INFO | FUTU_US | [DB CHECKPOINT] FUTU_US @ 48800
2026-07-30 02:10:47.190 | INFO | FUTU_US | [DB CHECKPOINT] FUTU_US @ 48900
2026-07-30 02:10:47.398 | INFO | FUTU_US | [DB CHECKPOINT] FUTU_US @ 49000
2026-07-30 02:10:47.577 | INFO | FUTU_US | [DB CHECKPOINT] FUTU_US @ 49100
2026-07-30 02:10:47.605 | INFO | FUTU_HK | [FUTU_HK] 账户: 总资产=$823,936.69 现金=$635,296.69 证券=$188,640.00 冻结=$0.00 购买力=$635,296.69 (HKD)
2026-07-30 02:10:47.820 | INFO | FUTU_US | [DB CHECKPOINT] FUTU_US @ 49200
2026-07-30 02:10:48.065 | INFO | FUTU_US | [DB CHECKPOINT] FUTU_US @ 49300
2026-07-30 02:10:48.239 | INFO | FUTU_US | [DB CHECKPOINT] FUTU_US @ 49400
2026-07-30 02:10:48.378 | INFO | FUTU_US | [DB CHECKPOINT] FUTU_US @ 49500
2026-07-30 02:10:48.646 | INFO | FUTU_US | [DB CHECKPOINT] FUTU_US @ 49600
2026-07-30 02:10:48.655 | INFO | FUTU_US | [FUTU_US] 账户: 总资产=$9,999,936.41 现金=$9,996,058.01 证券=$3,878.40 冻结=$0.00 购买力=$19,995,994.42 (USD)
2026-07-30 02:10:48.804 | INFO | FUTU_US | [DB CHECKPOINT] FUTU_US @ 49700
2026-07-30 02:10:49.037 | INFO | FUTU_US | [DB CHECKPOINT] FUTU_US @ 49800
2026-07-30 02:10:49.174 | INFO | FUTU_US | [DB CHECKPOINT] FUTU_US @ 49900
2026-07-30 02:10:49.268 | INFO | FUTU_US | [DB CHECKPOINT] FUTU_US @ 50000
2026-07-30 02:10:49.439 | INFO | FUTU_US | [DB CHECKPOINT] FUTU_US @ 50100
2026-07-30 02:10:49.646 | INFO | FUTU_US | [DB CHECKPOINT] FUTU_US @ 50200
2026-07-30 02:10:49.933 | INFO | FUTU_US | [DB CHECKPOINT] FUTU_US @ 50300
2026-07-30 02:10:50.206 | INFO | FUTU_US | [DB CHECKPOINT] FUTU_US @ 50400
2026-07-30 02:10:50.338 | INFO | FUTU_US | [DB CHECKPOINT] FUTU_US @ 50500
2026-07-30 02:10:50.544 | INFO | FUTU_US | [DB CHECKPOINT] FUTU_US @ 50600
2026-07-30 02:10:50.644 | INFO | FUTU_US | [DB CHECKPOINT] FUTU_US @ 50700
2026-07-30 02:10:50.840 | INFO | FUTU_US | [DB CHECKPOINT] FUTU_US @ 50800
2026-07-30 02:10:51.100 | INFO | FUTU_US | [DB CHECKPOINT] FUTU_US @ 50900
2026-07-30 02:10:51.366 | INFO | FUTU_US | [DB CHECKPOINT] FUTU_US @ 51000
2026-07-30 02:10:51.551 | INFO | FUTU_US | [DB CHECKPOINT] FUTU_US @ 51100
2026-07-30 02:10:51.820 | INFO | FUTU_US | [DB CHECKPOINT] FUTU_US @ 51200
2026-07-30 02:10:52.167 | INFO | FUTU_US | [DB CHECKPOINT] FUTU_US @ 51300
2026-07-30 02:10:52.408 | INFO | FUTU_US | [DB CHECKPOINT] FUTU_US @ 51400
2026-07-30 02:10:52.593 | INFO | FUTU_US | [DB CHECKPOINT] FUTU_US @ 51500
2026-07-30 02:10:52.942 | INFO | FUTU_US | [DB CHECKPOINT] FUTU_US @ 51600
2026-07-30 02:10:53.306 | INFO | FUTU_US | [DB CHECKPOINT] FUTU_US @ 51700
2026-07-30 02:10:53.520 | INFO | FUTU_US | [DB CHECKPOINT] FUTU_US @ 51800
2026-07-30 02:10:53.616 | INFO | FUTU_HK | [FUTU_HK] 账户: 总资产=$823,936.69 现金=$635,296.69 证券=$188,640.00 冻结=$0.00 购买力=$635,296.69 (HKD)
2026-07-30 02:10:53.839 | INFO | FUTU_US | [DB CHECKPOINT] FUTU_US @ 51900
2026-07-30 02:10:54.454 | INFO | FUTU_US | [DB CHECKPOINT] FUTU_US @ 52000
2026-07-30 02:10:54.675 | INFO | FUTU_US | [FUTU_US] 账户: 总资产=$9,999,936.41 现金=$9,996,058.01 证券=$3,878.40 冻结=$0.00 购买力=$19,995,994.42 (USD)
2026-07-30 02:10:54.891 | INFO | FUTU_US | [DB CHECKPOINT] FUTU_US @ 52100
2026-07-30 02:10:55.125 | INFO | FUTU_US | [DB CHECKPOINT] FUTU_US @ 52200
2026-07-30 02:10:55.458 | INFO | FUTU_US | [DB CHECKPOINT] FUTU_US @ 52300
2026-07-30 02:10:55.734 | INFO | FUTU_US | [DB CHECKPOINT] FUTU_US @ 52400
2026-07-30 02:10:55.884 | INFO | FUTU_US | [DB CHECKPOINT] FUTU_US @ 52500
2026-07-30 02:10:56.142 | INFO | FUTU_US | [DB CHECKPOINT] FUTU_US @ 52600
2026-07-30 02:10:56.314 | INFO | FUTU_US | [DB CHECKPOINT] FUTU_US @ 52700
2026-07-30 02:10:56.475 | INFO | FUTU_US | [DB CHECKPOINT] FUTU_US @ 52800
2026-07-30 02:10:56.632 | INFO | FUTU_US | [DB CHECKPOINT] FUTU_US @ 52900
2026-07-30 02:10:56.807 | INFO | FUTU_US | [DB CHECKPOINT] FUTU_US @ 53000
2026-07-30 02:10:57.067 | INFO | FUTU_US | [DB CHECKPOINT] FUTU_US @ 53100
2026-07-30 02:10:57.370 | INFO | FUTU_US | [DB CHECKPOINT] FUTU_US @ 53200
2026-07-30 02:10:57.703 | INFO | FUTU_US | [DB CHECKPOINT] FUTU_US @ 53300
2026-07-30 02:10:57.983 | INFO | FUTU_US | [DB CHECKPOINT] FUTU_US @ 53400
2026-07-30 02:10:58.152 | INFO | FUTU_US | [DB CHECKPOINT] FUTU_US @ 53500
2026-07-30 02:10:58.406 | INFO | FUTU_US | [DB CHECKPOINT] FUTU_US @ 53600
2026-07-30 02:10:58.662 | INFO | FUTU_US | [DB CHECKPOINT] FUTU_US @ 53700
2026-07-30 02:10:58.883 | INFO | FUTU_US | [DB CHECKPOINT] FUTU_US @ 53800
2026-07-30 02:10:59.166 | INFO | FUTU_US | [DB CHECKPOINT] FUTU_US @ 53900
2026-07-30 02:10:59.344 | INFO | FUTU_US | [DB CHECKPOINT] FUTU_US @ 54000
2026-07-30 02:10:59.518 | INFO | FUTU_US | [DB CHECKPOINT] FUTU_US @ 54100
2026-07-30 02:10:59.624 | INFO | FUTU_HK | [FUTU_HK] 账户: 总资产=$823,936.69 现金=$635,296.69 证券=$188,640.00 冻结=$0.00 购买力=$635,296.69 (HKD)
2026-07-30 02:10:59.764 | INFO | FUTU_US | [DB CHECKPOINT] FUTU_US @ 54200
2026-07-30 02:11:00.161 | INFO | FUTU_US | [DB CHECKPOINT] FUTU_US @ 54300
2026-07-30 02:11:00.356 | INFO | FUTU_US | [DB CHECKPOINT] FUTU_US @ 54400
2026-07-30 02:11:00.564 | INFO | FUTU_US | [DB CHECKPOINT] FUTU_US @ 54500
2026-07-30 02:11:00.659 | INFO | FUTU_US | [FUTU_US] 账户: 总资产=$9,999,936.41 现金=$9,996,058.01 证券=$3,878.40 冻结=$0.00 购买力=$19,995,994.42 (USD)
2026-07-30 02:11:00.811 | INFO | FUTU_US | [DB CHECKPOINT] FUTU_US @ 54600
2026-07-30 02:11:01.098 | INFO | FUTU_US | [DB CHECKPOINT] FUTU_US @ 54700
2026-07-30 02:11:01.270 | INFO | FUTU_US | [DB CHECKPOINT] FUTU_US @ 54800
2026-07-30 02:11:01.431 | INFO | FUTU_US | [DB CHECKPOINT] FUTU_US @ 54900
2026-07-30 02:11:01.551 | INFO | FUTU_US | [DB CHECKPOINT] FUTU_US @ 55000
2026-07-30 02:11:01.735 | INFO | FUTU_US | [DB CHECKPOINT] FUTU_US @ 55100
2026-07-30 02:11:01.993 | INFO | FUTU_US | [DB CHECKPOINT] FUTU_US @ 55200
2026-07-30 02:11:02.271 | INFO | FUTU_US | [DB CHECKPOINT] FUTU_US @ 55300
2026-07-30 02:11:02.477 | INFO | FUTU_US | [DB CHECKPOINT] FUTU_US @ 55400
2026-07-30 02:11:02.738 | INFO | FUTU_US | [DB CHECKPOINT] FUTU_US @ 55500
2026-07-30 02:11:02.854 | INFO | FUTU_US | [DB CHECKPOINT] FUTU_US @ 55600
2026-07-30 02:11:03.128 | INFO | FUTU_US | [DB CHECKPOINT] FUTU_US @ 55700
2026-07-30 02:11:03.440 | INFO | FUTU_US | [DB CHECKPOINT] FUTU_US @ 55800
2026-07-30 02:11:04.017 | INFO | FUTU_US | [DB CHECKPOINT] FUTU_US @ 55900
2026-07-30 02:11:04.269 | INFO | FUTU_US | [DB CHECKPOINT] FUTU_US @ 56000
2026-07-30 02:11:04.583 | INFO | FUTU_US | [DB CHECKPOINT] FUTU_US @ 56100
2026-07-30 02:11:04.890 | INFO | FUTU_US | [DB CHECKPOINT] FUTU_US @ 56200
2026-07-30 02:11:05.168 | INFO | FUTU_US | [DB CHECKPOINT] FUTU_US @ 56300
2026-07-30 02:11:05.412 | INFO | FUTU_US | [DB CHECKPOINT] FUTU_US @ 56400
2026-07-30 02:11:05.508 | INFO | FUTU_US | [DB CHECKPOINT] FUTU_US @ 56500
2026-07-30 02:11:05.633 | INFO | FUTU_HK | [FUTU_HK] 账户: 总资产=$823,936.69 现金=$635,296.69 证券=$188,640.00 冻结=$0.00 购买力=$635,296.69 (HKD)
2026-07-30 02:11:05.790 | INFO | FUTU_US | [DB CHECKPOINT] FUTU_US @ 56600
2026-07-30 02:11:06.018 | INFO | FUTU_US | [DB CHECKPOINT] FUTU_US @ 56700
2026-07-30 02:11:06.248 | INFO | FUTU_US | [DB CHECKPOINT] FUTU_US @ 56800
2026-07-30 02:11:06.424 | INFO | FUTU_US | [DB CHECKPOINT] FUTU_US @ 56900
2026-07-30 02:11:06.691 | INFO | FUTU_US | [DB CHECKPOINT] FUTU_US @ 57000
2026-07-30 02:11:06.963 | INFO | FUTU_US | [FUTU_US] 账户: 总资产=$9,999,936.41 现金=$9,996,058.01 证券=$3,878.40 冻结=$0.00 购买力=$19,995,994.42 (USD)
2026-07-30 02:11:07.034 | INFO | FUTU_US | [DB CHECKPOINT] FUTU_US @ 57100
2026-07-30 02:11:07.169 | INFO | FUTU_US | [DB CHECKPOINT] FUTU_US @ 57200
2026-07-30 02:11:07.389 | INFO | FUTU_US | [DB CHECKPOINT] FUTU_US @ 57300
2026-07-30 02:11:07.632 | INFO | FUTU_US | [DB CHECKPOINT] FUTU_US @ 57400
2026-07-30 02:11:07.939 | INFO | FUTU_US | [DB CHECKPOINT] FUTU_US @ 57500
2026-07-30 02:11:08.183 | INFO | FUTU_US | [DB CHECKPOINT] FUTU_US @ 57600
2026-07-30 02:11:08.501 | INFO | FUTU_US | [DB CHECKPOINT] FUTU_US @ 57700
2026-07-30 02:11:08.739 | INFO | FUTU_US | [DB CHECKPOINT] FUTU_US @ 57800
2026-07-30 02:11:09.116 | INFO | FUTU_US | [DB CHECKPOINT] FUTU_US @ 57900
2026-07-30 02:11:09.381 | INFO | FUTU_US | [DB CHECKPOINT] FUTU_US @ 58000
2026-07-30 02:11:09.683 | INFO | FUTU_US | [DB CHECKPOINT] FUTU_US @ 58100
2026-07-30 02:11:09.855 | INFO | FUTU_US | [DB CHECKPOINT] FUTU_US @ 58200
2026-07-30 02:11:14.804 | INFO | FUTU_HK | [FUTU_HK] 账户: 总资产=$823,936.69 现金=$635,296.69 证券=$188,640.00 冻结=$0.00 购买力=$635,296.69 (HKD)
2026-07-30 02:11:14.845 | INFO | FUTU_US | [DB CHECKPOINT] FUTU_US @ 58300
2026-07-30 02:11:15.372 | INFO | FUTU_US | [FUTU_US] 账户: 总资产=$9,999,936.41 现金=$9,996,058.01 证券=$3,878.40 冻结=$0.00 购买力=$19,995,994.42 (USD)
2026-07-30 02:11:15.639 | INFO | FUTU_US | [DB CHECKPOINT] FUTU_US @ 58400
2026-07-30 02:11:15.984 | INFO | FUTU_US | [DB CHECKPOINT] FUTU_US @ 58500
2026-07-30 02:11:16.225 | INFO | FUTU_US | [DB CHECKPOINT] FUTU_US @ 58600
2026-07-30 02:11:16.489 | INFO | FUTU_US | [DB CHECKPOINT] FUTU_US @ 58700
2026-07-30 02:11:16.795 | INFO | FUTU_US | [DB CHECKPOINT] FUTU_US @ 58800
2026-07-30 02:11:16.921 | INFO | FUTU_US | [DB CHECKPOINT] FUTU_US @ 58900
2026-07-30 02:11:17.048 | INFO | FUTU_US | [DB CHECKPOINT] FUTU_US @ 59000
2026-07-30 02:11:17.262 | INFO | FUTU_US | [DB CHECKPOINT] FUTU_US @ 59100
2026-07-30 02:11:17.373 | INFO | FUTU_US | [DB CHECKPOINT] FUTU_US @ 59200
2026-07-30 02:11:17.468 | INFO | FUTU_US | [DB CHECKPOINT] FUTU_US @ 59300
2026-07-30 02:11:17.644 | INFO | FUTU_US | [DB CHECKPOINT] FUTU_US @ 59400
2026-07-30 02:11:17.906 | INFO | FUTU_US | [DB CHECKPOINT] FUTU_US @ 59500
2026-07-30 02:11:18.100 | INFO | FUTU_US | [DB CHECKPOINT] FUTU_US @ 59600
2026-07-30 02:11:18.223 | INFO | FUTU_US | [DB CHECKPOINT] FUTU_US @ 59700
2026-07-30 02:11:18.540 | INFO | FUTU_US | [DB CHECKPOINT] FUTU_US @ 59800
2026-07-30 02:11:18.785 | INFO | FUTU_US | [DB CHECKPOINT] FUTU_US @ 59900
2026-07-30 02:11:19.457 | INFO | FUTU_US | [DB CHECKPOINT] FUTU_US @ 60000
2026-07-30 02:11:19.752 | INFO | FUTU_US | [DB CHECKPOINT] FUTU_US @ 60100
2026-07-30 02:11:20.161 | INFO | FUTU_HK | [FUTU_HK] 账户: 总资产=$823,936.69 现金=$635,296.69 证券=$188,640.00 冻结=$0.00 购买力=$635,296.69 (HKD)
2026-07-30 02:11:20.198 | INFO | FUTU_US | [DB CHECKPOINT] FUTU_US @ 60200
2026-07-30 02:11:20.430 | INFO | FUTU_US | [DB CHECKPOINT] FUTU_US @ 60300
2026-07-30 02:11:20.656 | INFO | FUTU_US | [DB CHECKPOINT] FUTU_US @ 60400
2026-07-30 02:11:20.844 | INFO | FUTU_US | [DB CHECKPOINT] FUTU_US @ 60500
2026-07-30 02:11:21.131 | INFO | FUTU_US | [DB CHECKPOINT] FUTU_US @ 60600
2026-07-30 02:11:21.217 | INFO | FUTU_US | [FUTU_US] 账户: 总资产=$9,999,936.41 现金=$9,996,058.01 证券=$3,878.40 冻结=$0.00 购买力=$19,995,994.42 (USD)
2026-07-30 02:11:21.676 | INFO | FUTU_US | [DB CHECKPOINT] FUTU_US @ 60700
2026-07-30 02:11:21.860 | INFO | FUTU_US | [DB CHECKPOINT] FUTU_US @ 60800
2026-07-30 02:11:21.972 | INFO | FUTU_US | [DB CHECKPOINT] FUTU_US @ 60900
2026-07-30 02:11:22.151 | INFO | FUTU_US | [DB CHECKPOINT] FUTU_US @ 61000
2026-07-30 02:11:22.480 | INFO | FUTU_US | [DB CHECKPOINT] FUTU_US @ 61100
2026-07-30 02:11:22.853 | INFO | FUTU_US | [DB CHECKPOINT] FUTU_US @ 61200
2026-07-30 02:11:23.282 | INFO | FUTU_US | [DB CHECKPOINT] FUTU_US @ 61300
2026-07-30 02:11:23.590 | INFO | FUTU_US | [DB CHECKPOINT] FUTU_US @ 61400
2026-07-30 02:11:23.916 | INFO | FUTU_US | [DB CHECKPOINT] FUTU_US @ 61500
2026-07-30 02:11:24.277 | INFO | FUTU_US | [DB CHECKPOINT] FUTU_US @ 61600
2026-07-30 02:11:24.601 | INFO | FUTU_US | [DB CHECKPOINT] FUTU_US @ 61700
2026-07-30 02:11:24.962 | INFO | FUTU_US | [DB CHECKPOINT] FUTU_US @ 61800
2026-07-30 02:11:25.183 | INFO | FUTU_US | [DB CHECKPOINT] FUTU_US @ 61900
2026-07-30 02:11:25.527 | INFO | FUTU_US | [DB CHECKPOINT] FUTU_US @ 62000
2026-07-30 02:11:25.732 | INFO | FUTU_US | [DB CHECKPOINT] FUTU_US @ 62100
2026-07-30 02:11:25.913 | INFO | FUTU_US | [DB CHECKPOINT] FUTU_US @ 62200
2026-07-30 02:11:26.172 | INFO | FUTU_HK | [FUTU_HK] 账户: 总资产=$823,936.69 现金=$635,296.69 证券=$188,640.00 冻结=$0.00 购买力=$635,296.69 (HKD)
2026-07-30 02:11:26.233 | INFO | FUTU_US | [DB CHECKPOINT] FUTU_US @ 62300
2026-07-30 02:11:26.521 | INFO | FUTU_US | [DB CHECKPOINT] FUTU_US @ 62400
2026-07-30 02:11:27.231 | INFO | FUTU_US | [FUTU_US] 账户: 总资产=$9,999,936.41 现金=$9,996,058.01 证券=$3,878.40 冻结=$0.00 购买力=$19,995,994.42 (USD)
2026-07-30 02:11:27.377 | INFO | FUTU_US | [DB CHECKPOINT] FUTU_US @ 62500
2026-07-30 02:11:28.153 | INFO | FUTU_US | [DB CHECKPOINT] FUTU_US @ 62600
2026-07-30 02:11:28.797 | INFO | FUTU_US | [DB CHECKPOINT] FUTU_US @ 62700
2026-07-30 02:11:29.477 | INFO | FUTU_US | [DB CHECKPOINT] FUTU_US @ 62800
2026-07-30 02:11:30.249 | INFO | FUTU_US | [DB CHECKPOINT] FUTU_US @ 62900
2026-07-30 02:11:30.767 | INFO | FUTU_US | [DB CHECKPOINT] FUTU_US @ 63000
2026-07-30 02:11:31.033 | INFO | FUTU_US | [DB CHECKPOINT] FUTU_US @ 63100
2026-07-30 02:11:31.732 | INFO | FUTU_US | [DB CHECKPOINT] FUTU_US @ 63200
2026-07-30 02:11:32.224 | INFO | FUTU_HK | [FUTU_HK] 账户: 总资产=$823,936.69 现金=$635,296.69 证券=$188,640.00 冻结=$0.00 购买力=$635,296.69 (HKD)
2026-07-30 02:11:32.355 | INFO | FUTU_US | [DB CHECKPOINT] FUTU_US @ 63300
2026-07-30 02:11:32.661 | INFO | FUTU_US | [DB CHECKPOINT] FUTU_US @ 63400
2026-07-30 02:11:33.064 | INFO | FUTU_US | [DB CHECKPOINT] FUTU_US @ 63500
2026-07-30 02:11:33.291 | INFO | FUTU_US | [FUTU_US] 账户: 总资产=$9,999,936.41 现金=$9,996,058.01 证券=$3,878.40 冻结=$0.00 购买力=$19,995,994.42 (USD)
2026-07-30 02:11:33.762 | INFO | FUTU_US | [DB CHECKPOINT] FUTU_US @ 63600
2026-07-30 02:11:34.045 | INFO | FUTU_US | [DB CHECKPOINT] FUTU_US @ 63700
2026-07-30 02:11:35.013 | INFO | FUTU_US | [DB CHECKPOINT] FUTU_US @ 63800
2026-07-30 02:11:35.502 | INFO | FUTU_US | [DB CHECKPOINT] FUTU_US @ 63900
2026-07-30 02:11:35.666 | INFO | FUTU_US | [DB CHECKPOINT] FUTU_US @ 64000
2026-07-30 02:11:36.249 | INFO | FUTU_US | [DB CHECKPOINT] FUTU_US @ 64100
2026-07-30 02:11:36.771 | INFO | FUTU_US | [DB CHECKPOINT] FUTU_US @ 64200
2026-07-30 02:11:37.305 | INFO | FUTU_US | [DB CHECKPOINT] FUTU_US @ 64300
2026-07-30 02:11:37.572 | INFO | FUTU_US | [DB CHECKPOINT] FUTU_US @ 64400
2026-07-30 02:11:38.044 | INFO | FUTU_US | [DB CHECKPOINT] FUTU_US @ 64500
2026-07-30 02:11:38.210 | INFO | FUTU_HK | [FUTU_HK] 账户: 总资产=$823,936.69 现金=$635,296.69 证券=$188,640.00 冻结=$0.00 购买力=$635,296.69 (HKD)
2026-07-30 02:11:38.596 | INFO | FUTU_US | [DB CHECKPOINT] FUTU_US @ 64600
2026-07-30 02:11:39.720 | INFO | FUTU_US | [FUTU_US] 账户: 总资产=$9,999,936.41 现金=$9,996,058.01 证券=$3,878.40 冻结=$0.00 购买力=$19,995,994.42 (USD)
2026-07-30 02:11:39.830 | INFO | FUTU_US | [DB CHECKPOINT] FUTU_US @ 64700
2026-07-30 02:11:40.316 | INFO | FUTU_US | [DB CHECKPOINT] FUTU_US @ 64800
2026-07-30 02:11:40.870 | INFO | FUTU_US | [DB CHECKPOINT] FUTU_US @ 64900
2026-07-30 02:11:46.969 | INFO | FUTU_US | [DB CHECKPOINT] FUTU_US @ 65000
2026-07-30 02:11:47.779 | INFO | FUTU_US | [DB CHECKPOINT] FUTU_US @ 65100
2026-07-30 02:11:48.047 | INFO | FUTU_US | [DB CHECKPOINT] FUTU_US @ 65200
2026-07-30 02:11:48.383 | INFO | FUTU_US | [DB CHECKPOINT] FUTU_US @ 65300
2026-07-30 02:11:48.588 | INFO | FUTU_HK | [FUTU_HK] 账户: 总资产=$823,936.69 现金=$635,296.69 证券=$188,640.00 冻结=$0.00 购买力=$635,296.69 (HKD)
2026-07-30 02:11:48.810 | INFO | FUTU_US | [DB CHECKPOINT] FUTU_US @ 65400
2026-07-30 02:11:49.309 | INFO | FUTU_US | [DB CHECKPOINT] FUTU_US @ 65500
2026-07-30 02:11:49.587 | INFO | FUTU_US | [FUTU_US] 账户: 总资产=$9,999,936.41 现金=$9,996,058.01 证券=$3,878.40 冻结=$0.00 购买力=$19,995,994.42 (USD)
2026-07-30 02:11:49.754 | INFO | FUTU_US | [DB CHECKPOINT] FUTU_US @ 65600
2026-07-30 02:11:50.051 | INFO | FUTU_US | [DB CHECKPOINT] FUTU_US @ 65700
2026-07-30 02:11:50.515 | INFO | FUTU_US | [DB CHECKPOINT] FUTU_US @ 65800
2026-07-30 02:11:50.883 | INFO | FUTU_US | [DB CHECKPOINT] FUTU_US @ 65900
2026-07-30 02:11:51.687 | INFO | FUTU_US | [DB CHECKPOINT] FUTU_US @ 66000
2026-07-30 02:11:52.288 | INFO | FUTU_US | [DB CHECKPOINT] FUTU_US @ 66100
2026-07-30 02:11:52.900 | INFO | FUTU_US | [DB CHECKPOINT] FUTU_US @ 66200
2026-07-30 02:11:53.165 | INFO | FUTU_US | [DB CHECKPOINT] FUTU_US @ 66300
2026-07-30 02:11:53.294 | INFO | FUTU_US | [DB CHECKPOINT] FUTU_US @ 66400
2026-07-30 02:11:53.446 | INFO | FUTU_US | [DB CHECKPOINT] FUTU_US @ 66500
2026-07-30 02:11:53.579 | INFO | FUTU_US | [DB CHECKPOINT] FUTU_US @ 66600
2026-07-30 02:11:53.799 | INFO | FUTU_US | [DB CHECKPOINT] FUTU_US @ 66700
2026-07-30 02:11:54.010 | INFO | FUTU_US | [DB CHECKPOINT] FUTU_US @ 66800
2026-07-30 02:11:54.182 | INFO | FUTU_US | [DB CHECKPOINT] FUTU_US @ 66900
2026-07-30 02:11:54.341 | INFO | FUTU_US | [DB CHECKPOINT] FUTU_US @ 67000
2026-07-30 02:11:54.640 | INFO | FUTU_HK | [FUTU_HK] 账户: 总资产=$823,936.69 现金=$635,296.69 证券=$188,640.00 冻结=$0.00 购买力=$635,296.69 (HKD)
2026-07-30 02:11:54.712 | INFO | FUTU_US | [DB CHECKPOINT] FUTU_US @ 67100
2026-07-30 02:11:55.117 | INFO | FUTU_US | [DB CHECKPOINT] FUTU_US @ 67200
2026-07-30 02:11:55.445 | INFO | FUTU_US | [DB CHECKPOINT] FUTU_US @ 67300
2026-07-30 02:11:55.622 | INFO | FUTU_US | [FUTU_US] 账户: 总资产=$9,999,936.41 现金=$9,996,058.01 证券=$3,878.40 冻结=$0.00 购买力=$19,995,994.42 (USD)
2026-07-30 02:11:56.085 | INFO | FUTU_US | [DB CHECKPOINT] FUTU_US @ 67400
2026-07-30 02:11:56.616 | INFO | FUTU_US | [DB CHECKPOINT] FUTU_US @ 67500
2026-07-30 02:11:56.971 | INFO | FUTU_US | [DB CHECKPOINT] FUTU_US @ 67600
2026-07-30 02:11:57.429 | INFO | FUTU_US | [DB CHECKPOINT] FUTU_US @ 67700
2026-07-30 02:11:57.997 | INFO | FUTU_US | [DB CHECKPOINT] FUTU_US @ 67800
2026-07-30 02:11:59.239 | INFO | FUTU_US | [DB CHECKPOINT] FUTU_US @ 67900
2026-07-30 02:12:00.192 | INFO | FUTU_US | [DB CHECKPOINT] FUTU_US @ 68000
2026-07-30 02:12:00.678 | INFO | FUTU_HK | [FUTU_HK] 账户: 总资产=$823,936.69 现金=$635,296.69 证券=$188,640.00 冻结=$0.00 购买力=$635,296.69 (HKD)
2026-07-30 02:12:01.088 | INFO | FUTU_US | [DB CHECKPOINT] FUTU_US @ 68100
2026-07-30 02:12:01.644 | INFO | FUTU_US | [FUTU_US] 账户: 总资产=$9,999,927.31 现金=$9,996,058.01 证券=$3,869.30 冻结=$0.00 购买力=$19,995,985.32 (USD)
2026-07-30 02:12:01.775 | INFO | FUTU_US | [DB CHECKPOINT] FUTU_US @ 68200
2026-07-30 02:12:02.232 | INFO | FUTU_US | [DB CHECKPOINT] FUTU_US @ 68300
2026-07-30 02:12:02.664 | INFO | FUTU_US | [DB CHECKPOINT] FUTU_US @ 68400
2026-07-30 02:12:03.213 | INFO | FUTU_US | [DB CHECKPOINT] FUTU_US @ 68500
2026-07-30 02:12:03.681 | INFO | FUTU_US | [DB CHECKPOINT] FUTU_US @ 68600
2026-07-30 02:12:03.832 | INFO | FUTU_US | [DB CHECKPOINT] FUTU_US @ 68700
2026-07-30 02:12:04.202 | INFO | FUTU_US | [DB CHECKPOINT] FUTU_US @ 68800
2026-07-30 02:12:04.651 | INFO | FUTU_US | [DB CHECKPOINT] FUTU_US @ 68900
2026-07-30 02:12:05.013 | INFO | FUTU_US | [DB CHECKPOINT] FUTU_US @ 69000
2026-07-30 02:12:05.345 | INFO | FUTU_US | [DB CHECKPOINT] FUTU_US @ 69100
2026-07-30 02:12:05.843 | INFO | FUTU_US | [DB CHECKPOINT] FUTU_US @ 69200
2026-07-30 02:12:06.407 | INFO | FUTU_US | [DB CHECKPOINT] FUTU_US @ 69300
2026-07-30 02:12:06.746 | INFO | FUTU_HK | [FUTU_HK] 账户: 总资产=$823,936.69 现金=$635,296.69 证券=$188,640.00 冻结=$0.00 购买力=$635,296.69 (HKD)
2026-07-30 02:12:07.168 | INFO | FUTU_US | [DB CHECKPOINT] FUTU_US @ 69400
2026-07-30 02:12:07.667 | INFO | FUTU_US | [FUTU_US] 账户: 总资产=$9,999,927.31 现金=$9,996,058.01 证券=$3,869.30 冻结=$0.00 购买力=$19,995,985.32 (USD)
2026-07-30 02:12:07.693 | INFO | FUTU_US | [DB CHECKPOINT] FUTU_US @ 69500
2026-07-30 02:12:08.024 | INFO | FUTU_US | [DB CHECKPOINT] FUTU_US @ 69600
2026-07-30 02:12:08.492 | INFO | FUTU_US | [DB CHECKPOINT] FUTU_US @ 69700
2026-07-30 02:12:09.056 | INFO | FUTU_US | [DB CHECKPOINT] FUTU_US @ 69800
2026-07-30 02:12:09.378 | INFO | FUTU_US | [DB CHECKPOINT] FUTU_US @ 69900
2026-07-30 02:12:09.842 | INFO | FUTU_US | [DB CHECKPOINT] FUTU_US @ 70000
2026-07-30 02:12:10.282 | INFO | FUTU_US | [DB CHECKPOINT] FUTU_US @ 70100
2026-07-30 02:12:10.639 | INFO | FUTU_US | [DB CHECKPOINT] FUTU_US @ 70200
2026-07-30 02:12:10.943 | INFO | FUTU_US | [DB CHECKPOINT] FUTU_US @ 70300
2026-07-30 02:12:11.285 | INFO | FUTU_US | [DB CHECKPOINT] FUTU_US @ 70400
2026-07-30 02:12:11.474 | INFO | FUTU_US | [DB CHECKPOINT] FUTU_US @ 70500
2026-07-30 02:12:11.758 | INFO | FUTU_US | [DB CHECKPOINT] FUTU_US @ 70600
2026-07-30 02:12:11.926 | INFO | FUTU_US | [DB CHECKPOINT] FUTU_US @ 70700
2026-07-30 02:12:12.179 | INFO | FUTU_US | [DB CHECKPOINT] FUTU_US @ 70800
2026-07-30 02:12:12.514 | INFO | FUTU_US | [DB CHECKPOINT] FUTU_US @ 70900
2026-07-30 02:12:12.642 | INFO | FUTU_HK | [FUTU_HK] 账户: 总资产=$823,936.69 现金=$635,296.69 证券=$188,640.00 冻结=$0.00 购买力=$635,296.69 (HKD)
2026-07-30 02:12:13.306 | INFO | FUTU_US | [DB CHECKPOINT] FUTU_US @ 71000
2026-07-30 02:12:13.594 | INFO | FUTU_US | [DB CHECKPOINT] FUTU_US @ 71100
2026-07-30 02:12:13.635 | INFO | FUTU_US | [FUTU_US] 账户: 总资产=$9,999,927.31 现金=$9,996,058.01 证券=$3,869.30 冻结=$0.00 购买力=$19,995,985.32 (USD)
2026-07-30 02:12:13.857 | INFO | FUTU_US | [DB CHECKPOINT] FUTU_US @ 71200
2026-07-30 02:12:14.180 | INFO | FUTU_US | [DB CHECKPOINT] FUTU_US @ 71300
2026-07-30 02:12:14.432 | INFO | FUTU_US | [DB CHECKPOINT] FUTU_US @ 71400
2026-07-30 02:12:14.572 | INFO | FUTU_US | [DB CHECKPOINT] FUTU_US @ 71500
2026-07-30 02:12:14.763 | INFO | FUTU_US | [DB CHECKPOINT] FUTU_US @ 71600
2026-07-30 02:12:14.931 | INFO | FUTU_US | [DB CHECKPOINT] FUTU_US @ 71700
2026-07-30 02:12:15.171 | INFO | FUTU_US | [DB CHECKPOINT] FUTU_US @ 71800
2026-07-30 02:12:15.232 | INFO | FUTU_US | [DB CHECKPOINT] FUTU_US @ 71900
2026-07-30 02:12:15.388 | INFO | FUTU_US | [DB CHECKPOINT] FUTU_US @ 72000
2026-07-30 02:12:15.712 | INFO | FUTU_US | [DB CHECKPOINT] FUTU_US @ 72100
2026-07-30 02:12:15.975 | INFO | FUTU_US | [DB CHECKPOINT] FUTU_US @ 72200
2026-07-30 02:12:16.344 | INFO | FUTU_US | [DB CHECKPOINT] FUTU_US @ 72300
2026-07-30 02:12:16.559 | INFO | FUTU_US | [DB CHECKPOINT] FUTU_US @ 72400
2026-07-30 02:12:16.837 | INFO | FUTU_US | [DB CHECKPOINT] FUTU_US @ 72500
2026-07-30 02:12:17.134 | INFO | FUTU_US | [DB CHECKPOINT] FUTU_US @ 72600
2026-07-30 02:12:17.272 | INFO | FUTU_US | [DB CHECKPOINT] FUTU_US @ 72700
2026-07-30 02:12:17.470 | INFO | FUTU_US | [DB CHECKPOINT] FUTU_US @ 72800
2026-07-30 02:12:17.658 | INFO | FUTU_US | [DB CHECKPOINT] FUTU_US @ 72900
2026-07-30 02:12:17.800 | INFO | FUTU_US | [DB CHECKPOINT] FUTU_US @ 73000
2026-07-30 02:12:17.991 | INFO | FUTU_US | [DB CHECKPOINT] FUTU_US @ 73100
2026-07-30 02:12:18.131 | INFO | FUTU_US | [DB CHECKPOINT] FUTU_US @ 73200
2026-07-30 02:12:18.282 | INFO | FUTU_US | [DB CHECKPOINT] FUTU_US @ 73300
2026-07-30 02:12:18.460 | INFO | FUTU_US | [DB CHECKPOINT] FUTU_US @ 73400
2026-07-30 02:12:18.623 | INFO | FUTU_US | [DB CHECKPOINT] FUTU_US @ 73500
2026-07-30 02:12:18.644 | INFO | FUTU_HK | [FUTU_HK] 账户: 总资产=$823,936.69 现金=$635,296.69 证券=$188,640.00 冻结=$0.00 购买力=$635,296.69 (HKD)
2026-07-30 02:12:18.856 | INFO | FUTU_US | [DB CHECKPOINT] FUTU_US @ 73600
2026-07-30 02:12:23.711 | INFO | FUTU_US | [DB CHECKPOINT] FUTU_US @ 73700
2026-07-30 02:12:23.760 | INFO | FUTU_US | [FUTU_US] 账户: 总资产=$9,999,927.31 现金=$9,996,058.01 证券=$3,869.30 冻结=$0.00 购买力=$19,995,985.32 (USD)
2026-07-30 02:12:25.485 | INFO | FUTU_US | [DB CHECKPOINT] FUTU_US @ 73800
2026-07-30 02:12:25.741 | INFO | FUTU_US | [DB CHECKPOINT] FUTU_US @ 73900
2026-07-30 02:12:26.192 | INFO | FUTU_US | [DB CHECKPOINT] FUTU_US @ 74000
2026-07-30 02:12:26.439 | INFO | FUTU_US | [DB CHECKPOINT] FUTU_US @ 74100
2026-07-30 02:12:26.634 | INFO | FUTU_US | [DB CHECKPOINT] FUTU_US @ 74200
2026-07-30 02:12:26.904 | INFO | FUTU_US | [DB CHECKPOINT] FUTU_US @ 74300
2026-07-30 02:12:27.080 | INFO | FUTU_US | [DB CHECKPOINT] FUTU_US @ 74400
2026-07-30 02:12:27.392 | INFO | FUTU_US | [DB CHECKPOINT] FUTU_US @ 74500
2026-07-30 02:12:27.787 | INFO | FUTU_US | [DB CHECKPOINT] FUTU_US @ 74600
2026-07-30 02:12:27.928 | INFO | FUTU_HK | [FUTU_HK] 账户: 总资产=$823,936.69 现金=$635,296.69 证券=$188,640.00 冻结=$0.00 购买力=$635,296.69 (HKD)
2026-07-30 02:12:28.057 | INFO | FUTU_US | [DB CHECKPOINT] FUTU_US @ 74700
2026-07-30 02:12:28.369 | INFO | FUTU_US | [DB CHECKPOINT] FUTU_US @ 74800
2026-07-30 02:12:28.988 | INFO | FUTU_US | [FUTU_US] 账户: 总资产=$9,999,927.31 现金=$9,996,058.01 证券=$3,869.30 冻结=$0.00 购买力=$19,995,985.32 (USD)
2026-07-30 02:12:29.220 | INFO | FUTU_US | [DB CHECKPOINT] FUTU_US @ 74900
2026-07-30 02:12:29.404 | INFO | FUTU_US | [DB CHECKPOINT] FUTU_US @ 75000
2026-07-30 02:12:29.722 | INFO | FUTU_US | [DB CHECKPOINT] FUTU_US @ 75100
2026-07-30 02:12:30.098 | INFO | FUTU_US | [DB CHECKPOINT] FUTU_US @ 75200
2026-07-30 02:12:31.449 | INFO | FUTU_US | [DB CHECKPOINT] FUTU_US @ 75300
2026-07-30 02:12:32.325 | INFO | FUTU_US | [DB CHECKPOINT] FUTU_US @ 75400
2026-07-30 02:12:32.897 | INFO | FUTU_US | [DB CHECKPOINT] FUTU_US @ 75500
2026-07-30 02:12:33.487 | INFO | FUTU_US | [DB CHECKPOINT] FUTU_US @ 75600
2026-07-30 02:12:33.993 | INFO | FUTU_HK | [FUTU_HK] 账户: 总资产=$823,936.69 现金=$635,296.69 证券=$188,640.00 冻结=$0.00 购买力=$635,296.69 (HKD)
2026-07-30 02:12:34.299 | INFO | FUTU_US | [DB CHECKPOINT] FUTU_US @ 75700
2026-07-30 02:12:34.982 | INFO | FUTU_US | [FUTU_US] 账户: 总资产=$9,999,920.01 现金=$9,996,058.01 证券=$3,862.00 冻结=$0.00 购买力=$19,995,978.02 (USD)
2026-07-30 02:12:34.983 | INFO | FUTU_US | [DB CHECKPOINT] FUTU_US @ 75800
2026-07-30 02:12:35.724 | INFO | FUTU_US | [DB CHECKPOINT] FUTU_US @ 75900
2026-07-30 02:12:36.327 | INFO | FUTU_US | [DB CHECKPOINT] FUTU_US @ 76000
2026-07-30 02:12:36.892 | INFO | FUTU_US | [DB CHECKPOINT] FUTU_US @ 76100
2026-07-30 02:12:37.463 | INFO | FUTU_US | [DB CHECKPOINT] FUTU_US @ 76200
2026-07-30 02:12:37.968 | INFO | FUTU_US | [DB CHECKPOINT] FUTU_US @ 76300
2026-07-30 02:12:38.449 | INFO | FUTU_US | [DB CHECKPOINT] FUTU_US @ 76400
2026-07-30 02:12:38.692 | INFO | FUTU_US | [DB CHECKPOINT] FUTU_US @ 76500
2026-07-30 02:12:39.363 | INFO | FUTU_US | [DB CHECKPOINT] FUTU_US @ 76600
2026-07-30 02:12:39.999 | INFO | FUTU_HK | [FUTU_HK] 账户: 总资产=$823,936.69 现金=$635,296.69 证券=$188,640.00 冻结=$0.00 购买力=$635,296.69 (HKD)
2026-07-30 02:12:40.183 | INFO | FUTU_US | [DB CHECKPOINT] FUTU_US @ 76700
2026-07-30 02:12:40.795 | INFO | FUTU_US | [DB CHECKPOINT] FUTU_US @ 76800
2026-07-30 02:12:41.040 | INFO | FUTU_US | [FUTU_US] 账户: 总资产=$9,999,920.01 现金=$9,996,058.01 证券=$3,862.00 冻结=$0.00 购买力=$19,995,978.02 (USD)
2026-07-30 02:12:41.322 | INFO | FUTU_US | [DB CHECKPOINT] FUTU_US @ 76900
2026-07-30 02:12:41.932 | INFO | FUTU_US | [DB CHECKPOINT] FUTU_US @ 77000
2026-07-30 02:12:42.723 | INFO | FUTU_US | [DB CHECKPOINT] FUTU_US @ 77100
2026-07-30 02:12:43.277 | INFO | FUTU_US | [DB CHECKPOINT] FUTU_US @ 77200
2026-07-30 02:12:43.585 | INFO | FUTU_US | [DB CHECKPOINT] FUTU_US @ 77300
2026-07-30 02:12:44.125 | INFO | FUTU_US | [DB CHECKPOINT] FUTU_US @ 77400
2026-07-30 02:12:44.681 | INFO | FUTU_US | [DB CHECKPOINT] FUTU_US @ 77500
2026-07-30 02:12:45.259 | INFO | FUTU_US | [DB CHECKPOINT] FUTU_US @ 77600
2026-07-30 02:12:45.845 | INFO | FUTU_US | [DB CHECKPOINT] FUTU_US @ 77700
2026-07-30 02:12:45.973 | INFO | FUTU_HK | [FUTU_HK] 账户: 总资产=$823,936.69 现金=$635,296.69 证券=$188,640.00 冻结=$0.00 购买力=$635,296.69 (HKD)
2026-07-30 02:12:46.303 | INFO | FUTU_US | [DB CHECKPOINT] FUTU_US @ 77800
2026-07-30 02:12:46.839 | INFO | FUTU_US | [DB CHECKPOINT] FUTU_US @ 77900
2026-07-30 02:12:46.995 | INFO | FUTU_US | [FUTU_US] 账户: 总资产=$9,999,920.01 现金=$9,996,058.01 证券=$3,862.00 冻结=$0.00 购买力=$19,995,978.02 (USD)
2026-07-30 02:12:47.759 | INFO | FUTU_US | [DB CHECKPOINT] FUTU_US @ 78000
2026-07-30 02:12:48.392 | INFO | FUTU_US | [DB CHECKPOINT] FUTU_US @ 78100
2026-07-30 02:12:49.030 | INFO | FUTU_US | [DB CHECKPOINT] FUTU_US @ 78200
2026-07-30 02:12:49.391 | INFO | FUTU_US | [DB CHECKPOINT] FUTU_US @ 78300
2026-07-30 02:12:49.864 | INFO | FUTU_US | [DB CHECKPOINT] FUTU_US @ 78400
2026-07-30 02:12:50.462 | INFO | FUTU_US | [DB CHECKPOINT] FUTU_US @ 78500
2026-07-30 02:12:50.819 | INFO | FUTU_US | [DB CHECKPOINT] FUTU_US @ 78600
2026-07-30 02:12:51.254 | INFO | FUTU_US | [DB CHECKPOINT] FUTU_US @ 78700
2026-07-30 02:12:51.757 | INFO | FUTU_US | [DB CHECKPOINT] FUTU_US @ 78800
2026-07-30 02:12:51.993 | INFO | FUTU_HK | [FUTU_HK] 账户: 总资产=$823,936.69 现金=$635,296.69 证券=$188,640.00 冻结=$0.00 购买力=$635,296.69 (HKD)
2026-07-30 02:12:52.508 | INFO | FUTU_US | [DB CHECKPOINT] FUTU_US @ 78900
2026-07-30 02:12:53.011 | INFO | FUTU_US | [FUTU_US] 账户: 总资产=$9,999,920.01 现金=$9,996,058.01 证券=$3,862.00 冻结=$0.00 购买力=$19,995,978.02 (USD)
2026-07-30 02:12:53.078 | INFO | FUTU_US | [DB CHECKPOINT] FUTU_US @ 79000
2026-07-30 02:12:53.830 | INFO | FUTU_US | [DB CHECKPOINT] FUTU_US @ 79100
2026-07-30 02:12:54.496 | INFO | FUTU_US | [DB CHECKPOINT] FUTU_US @ 79200
2026-07-30 02:12:55.284 | INFO | FUTU_US | [DB CHECKPOINT] FUTU_US @ 79300
2026-07-30 02:12:55.790 | INFO | FUTU_US | [DB CHECKPOINT] FUTU_US @ 79400
2026-07-30 02:12:56.190 | INFO | FUTU_US | [DB CHECKPOINT] FUTU_US @ 79500
2026-07-30 02:12:56.978 | INFO | FUTU_US | [DB CHECKPOINT] FUTU_US @ 79600
2026-07-30 02:12:57.570 | INFO | FUTU_US | [DB CHECKPOINT] FUTU_US @ 79700
2026-07-30 02:12:57.975 | INFO | FUTU_HK | [FUTU_HK] 账户: 总资产=$823,936.69 现金=$635,296.69 证券=$188,640.00 冻结=$0.00 购买力=$635,296.69 (HKD)
2026-07-30 02:12:58.284 | INFO | FUTU_US | [DB CHECKPOINT] FUTU_US @ 79800
2026-07-30 02:12:58.785 | INFO | FUTU_US | [DB CHECKPOINT] FUTU_US @ 79900
2026-07-30 02:12:59.043 | INFO | FUTU_US | [FUTU_US] 账户: 总资产=$9,999,920.01 现金=$9,996,058.01 证券=$3,862.00 冻结=$0.00 购买力=$19,995,978.02 (USD)
2026-07-30 02:12:59.544 | INFO | FUTU_US | [DB CHECKPOINT] FUTU_US @ 80000
2026-07-30 02:12:59.987 | INFO | FUTU_US | [DB CHECKPOINT] FUTU_US @ 80100
2026-07-30 02:13:00.351 | INFO | FUTU_US | [DB CHECKPOINT] FUTU_US @ 80200
2026-07-30 02:13:00.888 | INFO | FUTU_US | [DB CHECKPOINT] FUTU_US @ 80300
2026-07-30 02:13:01.314 | INFO | FUTU_US | [DB CHECKPOINT] FUTU_US @ 80400
2026-07-30 02:13:01.626 | INFO | FUTU_US | [DB CHECKPOINT] FUTU_US @ 80500
2026-07-30 02:13:10.443 | INFO | FUTU_HK | [FUTU_HK] 账户: 总资产=$823,936.69 现金=$635,296.69 证券=$188,640.00 冻结=$0.00 购买力=$635,296.69 (HKD)
2026-07-30 02:13:11.936 | INFO | FUTU_US | [DB CHECKPOINT] FUTU_US @ 80600
2026-07-30 02:13:11.981 | INFO | FUTU_US | [FUTU_US] 账户: 总资产=$9,999,920.01 现金=$9,996,058.01 证券=$3,862.00 冻结=$0.00 购买力=$19,995,978.02 (USD)
2026-07-30 02:13:16.907 | INFO | FUTU_HK | [FUTU_HK] 账户: 总资产=$823,936.69 现金=$635,296.69 证券=$188,640.00 冻结=$0.00 购买力=$635,296.69 (HKD)
2026-07-30 02:13:17.414 | INFO | FUTU_US | [FUTU_US] 账户: 总资产=$9,999,920.01 现金=$9,996,058.01 证券=$3,862.00 冻结=$0.00 购买力=$19,995,978.02 (USD)
2026-07-30 02:13:19.713 | INFO | FUTU_US | [DB CHECKPOINT] FUTU_US @ 80700
2026-07-30 02:13:20.652 | INFO | FUTU_US | [DB CHECKPOINT] FUTU_US @ 80800
2026-07-30 02:13:21.638 | INFO | FUTU_US | [DB CHECKPOINT] FUTU_US @ 80900
2026-07-30 02:13:21.943 | INFO | FUTU_HK | [FUTU_HK] 账户: 总资产=$823,936.69 现金=$635,296.69 证券=$188,640.00 冻结=$0.00 购买力=$635,296.69 (HKD)
2026-07-30 02:13:22.507 | INFO | FUTU_US | [DB CHECKPOINT] FUTU_US @ 81000
2026-07-30 02:13:22.972 | INFO | FUTU_US | [FUTU_US] 账户: 总资产=$9,999,920.01 现金=$9,996,058.01 证券=$3,862.00 冻结=$0.00 购买力=$19,995,978.02 (USD)
2026-07-30 02:13:23.520 | INFO | FUTU_US | [DB CHECKPOINT] FUTU_US @ 81100
2026-07-30 02:13:23.972 | INFO | FUTU_US | [DB CHECKPOINT] FUTU_US @ 81200
2026-07-30 02:13:24.457 | INFO | FUTU_US | [DB CHECKPOINT] FUTU_US @ 81300
2026-07-30 02:13:25.014 | INFO | FUTU_US | [DB CHECKPOINT] FUTU_US @ 81400
2026-07-30 02:13:25.470 | INFO | FUTU_US | [DB CHECKPOINT] FUTU_US @ 81500
2026-07-30 02:13:26.482 | INFO | FUTU_US | [DB CHECKPOINT] FUTU_US @ 81600
2026-07-30 02:13:27.139 | INFO | FUTU_US | [DB CHECKPOINT] FUTU_US @ 81700
2026-07-30 02:13:27.688 | INFO | FUTU_US | [DB CHECKPOINT] FUTU_US @ 81800
2026-07-30 02:13:27.964 | INFO | FUTU_HK | [FUTU_HK] 账户: 总资产=$823,936.69 现金=$635,296.69 证券=$188,640.00 冻结=$0.00 购买力=$635,296.69 (HKD)
2026-07-30 02:13:28.331 | INFO | FUTU_US | [DB CHECKPOINT] FUTU_US @ 81900
2026-07-30 02:13:28.731 | INFO | FUTU_US | [DB CHECKPOINT] FUTU_US @ 82000
2026-07-30 02:13:28.921 | INFO | FUTU_US | [FUTU_US] 账户: 总资产=$9,999,920.01 现金=$9,996,058.01 证券=$3,862.00 冻结=$0.00 购买力=$19,995,978.02 (USD)
2026-07-30 02:13:29.503 | INFO | FUTU_US | [DB CHECKPOINT] FUTU_US @ 82100
2026-07-30 02:13:29.828 | INFO | FUTU_US | [DB CHECKPOINT] FUTU_US @ 82200
2026-07-30 02:13:30.212 | INFO | FUTU_US | [DB CHECKPOINT] FUTU_US @ 82300
2026-07-30 02:13:30.565 | INFO | FUTU_US | [DB CHECKPOINT] FUTU_US @ 82400
2026-07-30 02:13:30.820 | INFO | FUTU_US | [DB CHECKPOINT] FUTU_US @ 82500
2026-07-30 02:13:31.129 | INFO | FUTU_US | [DB CHECKPOINT] FUTU_US @ 82600
2026-07-30 02:13:31.410 | INFO | FUTU_US | [DB CHECKPOINT] FUTU_US @ 82700
2026-07-30 02:13:31.818 | INFO | FUTU_US | [DB CHECKPOINT] FUTU_US @ 82800
2026-07-30 02:13:32.042 | INFO | FUTU_US | [DB CHECKPOINT] FUTU_US @ 82900
2026-07-30 02:13:32.341 | INFO | FUTU_US | [DB CHECKPOINT] FUTU_US @ 83000
2026-07-30 02:13:32.645 | INFO | FUTU_US | [DB CHECKPOINT] FUTU_US @ 83100
2026-07-30 02:13:32.951 | INFO | FUTU_US | [DB CHECKPOINT] FUTU_US @ 83200
2026-07-30 02:13:33.257 | INFO | FUTU_US | [DB CHECKPOINT] FUTU_US @ 83300
2026-07-30 02:13:33.482 | INFO | FUTU_US | [DB CHECKPOINT] FUTU_US @ 83400
2026-07-30 02:13:33.781 | INFO | FUTU_US | [DB CHECKPOINT] FUTU_US @ 83500
2026-07-30 02:13:33.920 | INFO | FUTU_HK | [FUTU_HK] 账户: 总资产=$823,936.69 现金=$635,296.69 证券=$188,640.00 冻结=$0.00 购买力=$635,296.69 (HKD)
2026-07-30 02:13:34.460 | INFO | FUTU_US | [DB CHECKPOINT] FUTU_US @ 83600
2026-07-30 02:13:34.669 | INFO | FUTU_US | [DB CHECKPOINT] FUTU_US @ 83700
2026-07-30 02:13:34.857 | INFO | FUTU_US | [DB CHECKPOINT] FUTU_US @ 83800
2026-07-30 02:13:34.893 | INFO | FUTU_US | [FUTU_US] 账户: 总资产=$9,999,920.01 现金=$9,996,058.01 证券=$3,862.00 冻结=$0.00 购买力=$19,995,978.02 (USD)
2026-07-30 02:13:35.170 | INFO | FUTU_US | [DB CHECKPOINT] FUTU_US @ 83900
2026-07-30 02:13:35.564 | INFO | FUTU_US | [DB CHECKPOINT] FUTU_US @ 84000
2026-07-30 02:13:35.958 | INFO | FUTU_US | [DB CHECKPOINT] FUTU_US @ 84100
2026-07-30 02:13:36.208 | INFO | FUTU_US | [DB CHECKPOINT] FUTU_US @ 84200
2026-07-30 02:13:36.430 | INFO | FUTU_US | [DB CHECKPOINT] FUTU_US @ 84300
2026-07-30 02:13:36.754 | INFO | FUTU_US | [DB CHECKPOINT] FUTU_US @ 84400
2026-07-30 02:13:37.173 | INFO | FUTU_US | [DB CHECKPOINT] FUTU_US @ 84500
2026-07-30 02:13:37.499 | INFO | FUTU_US | [DB CHECKPOINT] FUTU_US @ 84600
2026-07-30 02:13:37.738 | INFO | FUTU_US | [DB CHECKPOINT] FUTU_US @ 84700
2026-07-30 02:13:37.972 | INFO | FUTU_US | [DB CHECKPOINT] FUTU_US @ 84800
2026-07-30 02:13:38.247 | INFO | FUTU_US | [DB CHECKPOINT] FUTU_US @ 84900
2026-07-30 02:13:38.614 | INFO | FUTU_US | [DB CHECKPOINT] FUTU_US @ 85000
2026-07-30 02:13:38.993 | INFO | FUTU_US | [DB CHECKPOINT] FUTU_US @ 85100
2026-07-30 02:13:39.228 | INFO | FUTU_US | [DB CHECKPOINT] FUTU_US @ 85200
2026-07-30 02:13:39.424 | INFO | FUTU_US | [DB CHECKPOINT] FUTU_US @ 85300
2026-07-30 02:13:39.768 | INFO | FUTU_US | [DB CHECKPOINT] FUTU_US @ 85400
2026-07-30 02:13:39.946 | INFO | FUTU_HK | [FUTU_HK] 账户: 总资产=$823,936.69 现金=$635,296.69 证券=$188,640.00 冻结=$0.00 购买力=$635,296.69 (HKD)
2026-07-30 02:13:40.138 | INFO | FUTU_US | [DB CHECKPOINT] FUTU_US @ 85500
2026-07-30 02:13:40.434 | INFO | FUTU_US | [DB CHECKPOINT] FUTU_US @ 85600
2026-07-30 02:13:40.866 | INFO | FUTU_US | [DB CHECKPOINT] FUTU_US @ 85700
2026-07-30 02:13:40.933 | INFO | FUTU_US | [FUTU_US] 账户: 总资产=$9,999,920.01 现金=$9,996,058.01 证券=$3,862.00 冻结=$0.00 购买力=$19,995,978.02 (USD)
2026-07-30 02:13:41.200 | INFO | FUTU_US | [DB CHECKPOINT] FUTU_US @ 85800
2026-07-30 02:13:41.455 | INFO | FUTU_US | [DB CHECKPOINT] FUTU_US @ 85900
2026-07-30 02:13:41.783 | INFO | FUTU_US | [DB CHECKPOINT] FUTU_US @ 86000
2026-07-30 02:13:42.228 | INFO | FUTU_US | [DB CHECKPOINT] FUTU_US @ 86100
2026-07-30 02:13:42.683 | INFO | FUTU_US | [DB CHECKPOINT] FUTU_US @ 86200
2026-07-30 02:13:43.478 | INFO | FUTU_US | [DB CHECKPOINT] FUTU_US @ 86300
2026-07-30 02:13:43.876 | INFO | FUTU_US | [DB CHECKPOINT] FUTU_US @ 86400
2026-07-30 02:13:44.385 | INFO | FUTU_US | [DB CHECKPOINT] FUTU_US @ 86500
2026-07-30 02:13:44.961 | INFO | FUTU_US | [DB CHECKPOINT] FUTU_US @ 86600
2026-07-30 02:13:45.377 | INFO | FUTU_US | [DB CHECKPOINT] FUTU_US @ 86700
2026-07-30 02:13:45.745 | INFO | FUTU_US | [DB CHECKPOINT] FUTU_US @ 86800
2026-07-30 02:13:45.974 | INFO | FUTU_HK | [FUTU_HK] 账户: 总资产=$823,936.69 现金=$635,296.69 证券=$188,640.00 冻结=$0.00 购买力=$635,296.69 (HKD)
2026-07-30 02:13:46.132 | INFO | FUTU_US | [DB CHECKPOINT] FUTU_US @ 86900
2026-07-30 02:13:46.791 | INFO | FUTU_US | [DB CHECKPOINT] FUTU_US @ 87000
2026-07-30 02:13:47.017 | INFO | FUTU_US | [FUTU_US] 账户: 总资产=$9,999,920.01 现金=$9,996,058.01 证券=$3,862.00 冻结=$0.00 购买力=$19,995,978.02 (USD)
2026-07-30 02:13:47.588 | INFO | FUTU_US | [DB CHECKPOINT] FUTU_US @ 87100
2026-07-30 02:13:48.173 | INFO | FUTU_US | [DB CHECKPOINT] FUTU_US @ 87200
2026-07-30 02:13:48.444 | INFO | FUTU_US | [DB CHECKPOINT] FUTU_US @ 87300
2026-07-30 02:13:48.726 | INFO | FUTU_US | [DB CHECKPOINT] FUTU_US @ 87400
2026-07-30 02:13:49.002 | INFO | FUTU_US | [DB CHECKPOINT] FUTU_US @ 87500
2026-07-30 02:13:49.250 | INFO | FUTU_US | [DB CHECKPOINT] FUTU_US @ 87600
2026-07-30 02:13:49.416 | INFO | FUTU_US | [DB CHECKPOINT] FUTU_US @ 87700
2026-07-30 02:13:49.555 | INFO | FUTU_US | [DB CHECKPOINT] FUTU_US @ 87800
2026-07-30 02:13:49.815 | INFO | FUTU_US | [DB CHECKPOINT] FUTU_US @ 87900
2026-07-30 02:13:50.037 | INFO | FUTU_US | [DB CHECKPOINT] FUTU_US @ 88000
2026-07-30 02:13:50.446 | INFO | FUTU_US | [DB CHECKPOINT] FUTU_US @ 88100
2026-07-30 02:13:50.705 | INFO | FUTU_US | [DB CHECKPOINT] FUTU_US @ 88200
2026-07-30 02:13:50.806 | INFO | FUTU_US | [DB CHECKPOINT] FUTU_US @ 88300
2026-07-30 02:13:51.031 | INFO | FUTU_US | [DB CHECKPOINT] FUTU_US @ 88400
2026-07-30 02:13:51.202 | INFO | FUTU_US | [DB CHECKPOINT] FUTU_US @ 88500
2026-07-30 02:13:51.421 | INFO | FUTU_US | [DB CHECKPOINT] FUTU_US @ 88600
2026-07-30 02:13:51.610 | INFO | FUTU_US | [DB CHECKPOINT] FUTU_US @ 88700
2026-07-30 02:13:51.784 | INFO | FUTU_US | [DB CHECKPOINT] FUTU_US @ 88800
2026-07-30 02:13:51.929 | INFO | FUTU_HK | [FUTU_HK] 账户: 总资产=$823,936.69 现金=$635,296.69 证券=$188,640.00 冻结=$0.00 购买力=$635,296.69 (HKD)
2026-07-30 02:13:52.004 | INFO | FUTU_US | [DB CHECKPOINT] FUTU_US @ 88900
2026-07-30 02:13:52.256 | INFO | FUTU_US | [DB CHECKPOINT] FUTU_US @ 89000
2026-07-30 02:13:52.345 | INFO | FUTU_US | [DB CHECKPOINT] FUTU_US @ 89100
2026-07-30 02:13:52.556 | INFO | FUTU_US | [DB CHECKPOINT] FUTU_US @ 89200
2026-07-30 02:13:52.737 | INFO | FUTU_US | [DB CHECKPOINT] FUTU_US @ 89300
2026-07-30 02:13:58.684 | INFO | FUTU_US | [FUTU_US] 账户: 总资产=$9,999,920.01 现金=$9,996,058.01 证券=$3,862.00 冻结=$0.00 购买力=$19,995,978.02 (USD)
2026-07-30 02:13:58.687 | INFO | FUTU_US | [DB CHECKPOINT] FUTU_US @ 89400
2026-07-30 02:13:59.673 | INFO | FUTU_US | [DB CHECKPOINT] FUTU_US @ 89500
2026-07-30 02:13:59.813 | INFO | FUTU_US | [DB CHECKPOINT] FUTU_US @ 89600
2026-07-30 02:14:00.110 | INFO | FUTU_US | [DB CHECKPOINT] FUTU_US @ 89700
2026-07-30 02:14:00.325 | INFO | FUTU_US | [DB CHECKPOINT] FUTU_US @ 89800
2026-07-30 02:14:00.485 | INFO | FUTU_US | [DB CHECKPOINT] FUTU_US @ 89900
2026-07-30 02:14:00.735 | INFO | FUTU_US | [DB CHECKPOINT] FUTU_US @ 90000
2026-07-30 02:14:00.964 | INFO | FUTU_US | [DB CHECKPOINT] FUTU_US @ 90100
2026-07-30 02:14:01.088 | INFO | FUTU_US | [DB CHECKPOINT] FUTU_US @ 90200
2026-07-30 02:14:01.233 | INFO | FUTU_US | [DB CHECKPOINT] FUTU_US @ 90300
2026-07-30 02:14:01.283 | INFO | FUTU_US | [DB CHECKPOINT] FUTU_US @ 90400
2026-07-30 02:14:01.424 | INFO | FUTU_US | [DB CHECKPOINT] FUTU_US @ 90500
2026-07-30 02:14:01.556 | INFO | FUTU_US | [DB CHECKPOINT] FUTU_US @ 90600
2026-07-30 02:14:01.749 | INFO | FUTU_US | [DB CHECKPOINT] FUTU_US @ 90700
2026-07-30 02:14:01.910 | INFO | FUTU_US | [DB CHECKPOINT] FUTU_US @ 90800
2026-07-30 02:14:02.145 | INFO | FUTU_HK | [FUTU_HK] 账户: 总资产=$823,936.69 现金=$635,296.69 证券=$188,640.00 冻结=$0.00 购买力=$635,296.69 (HKD)
2026-07-30 02:14:02.219 | INFO | FUTU_US | [DB CHECKPOINT] FUTU_US @ 90900
2026-07-30 02:14:02.346 | INFO | FUTU_US | [DB CHECKPOINT] FUTU_US @ 91000
2026-07-30 02:14:02.487 | INFO | FUTU_US | [DB CHECKPOINT] FUTU_US @ 91100
2026-07-30 02:14:02.649 | INFO | FUTU_US | [DB CHECKPOINT] FUTU_US @ 91200
2026-07-30 02:14:02.795 | INFO | FUTU_US | [DB CHECKPOINT] FUTU_US @ 91300
2026-07-30 02:14:03.102 | INFO | FUTU_US | [DB CHECKPOINT] FUTU_US @ 91400
2026-07-30 02:14:03.104 | INFO | FUTU_US | [FUTU_US] 账户: 总资产=$9,999,920.01 现金=$9,996,058.01 证券=$3,862.00 冻结=$0.00 购买力=$19,995,978.02 (USD)
2026-07-30 02:14:03.341 | INFO | FUTU_US | [DB CHECKPOINT] FUTU_US @ 91500
2026-07-30 02:14:03.578 | INFO | FUTU_US | [DB CHECKPOINT] FUTU_US @ 91600
2026-07-30 02:14:03.885 | INFO | FUTU_US | [DB CHECKPOINT] FUTU_US @ 91700
2026-07-30 02:14:04.123 | INFO | FUTU_US | [DB CHECKPOINT] FUTU_US @ 91800
2026-07-30 02:14:04.309 | INFO | FUTU_US | [DB CHECKPOINT] FUTU_US @ 91900
2026-07-30 02:14:04.446 | INFO | FUTU_US | [DB CHECKPOINT] FUTU_US @ 92000
2026-07-30 02:14:04.631 | INFO | FUTU_US | [DB CHECKPOINT] FUTU_US @ 92100
2026-07-30 02:14:05.145 | INFO | FUTU_US | [DB CHECKPOINT] FUTU_US @ 92200
2026-07-30 02:14:05.529 | INFO | FUTU_US | [DB CHECKPOINT] FUTU_US @ 92300
2026-07-30 02:14:05.797 | INFO | FUTU_US | [DB CHECKPOINT] FUTU_US @ 92400
2026-07-30 02:14:06.098 | INFO | FUTU_US | [DB CHECKPOINT] FUTU_US @ 92500
2026-07-30 02:14:06.339 | INFO | FUTU_US | [DB CHECKPOINT] FUTU_US @ 92600
2026-07-30 02:14:06.549 | INFO | FUTU_US | [DB CHECKPOINT] FUTU_US @ 92700
2026-07-30 02:14:06.876 | INFO | FUTU_US | [DB CHECKPOINT] FUTU_US @ 92800
2026-07-30 02:14:07.062 | INFO | FUTU_US | [DB CHECKPOINT] FUTU_US @ 92900
2026-07-30 02:14:07.319 | INFO | FUTU_US | [DB CHECKPOINT] FUTU_US @ 93000
2026-07-30 02:14:07.572 | INFO | FUTU_US | [DB CHECKPOINT] FUTU_US @ 93100
2026-07-30 02:14:07.725 | INFO | FUTU_US | [DB CHECKPOINT] FUTU_US @ 93200
2026-07-30 02:14:07.772 | INFO | FUTU_US | [DB CHECKPOINT] FUTU_US @ 93300
2026-07-30 02:14:07.867 | INFO | FUTU_US | [DB CHECKPOINT] FUTU_US @ 93400
2026-07-30 02:14:07.962 | INFO | FUTU_US | [DB CHECKPOINT] FUTU_US @ 93500
2026-07-30 02:14:08.051 | INFO | FUTU_US | [DB CHECKPOINT] FUTU_US @ 93600
2026-07-30 02:14:08.118 | INFO | FUTU_HK | [FUTU_HK] 账户: 总资产=$823,936.69 现金=$635,296.69 证券=$188,640.00 冻结=$0.00 购买力=$635,296.69 (HKD)
2026-07-30 02:14:08.254 | INFO | FUTU_US | [DB CHECKPOINT] FUTU_US @ 93700
2026-07-30 02:14:08.492 | INFO | FUTU_US | [DB CHECKPOINT] FUTU_US @ 93800
2026-07-30 02:14:08.615 | INFO | FUTU_US | [DB CHECKPOINT] FUTU_US @ 93900
2026-07-30 02:14:08.890 | INFO | FUTU_US | [DB CHECKPOINT] FUTU_US @ 94000
2026-07-30 02:14:09.045 | INFO | FUTU_US | [DB CHECKPOINT] FUTU_US @ 94100
2026-07-30 02:14:09.115 | INFO | FUTU_US | [FUTU_US] 账户: 总资产=$9,999,920.01 现金=$9,996,058.01 证券=$3,862.00 冻结=$0.00 购买力=$19,995,978.02 (USD)
2026-07-30 02:14:09.216 | INFO | FUTU_US | [DB CHECKPOINT] FUTU_US @ 94200
2026-07-30 02:14:09.392 | INFO | FUTU_US | [DB CHECKPOINT] FUTU_US @ 94300
2026-07-30 02:14:09.655 | INFO | FUTU_US | [DB CHECKPOINT] FUTU_US @ 94400
2026-07-30 02:14:09.723 | INFO | FUTU_US | [DB CHECKPOINT] FUTU_US @ 94500
2026-07-30 02:14:09.787 | INFO | FUTU_US | [DB CHECKPOINT] FUTU_US @ 94600
2026-07-30 02:14:09.918 | INFO | FUTU_US | [DB CHECKPOINT] FUTU_US @ 94700
2026-07-30 02:14:10.082 | INFO | FUTU_US | [DB CHECKPOINT] FUTU_US @ 94800
2026-07-30 02:14:10.238 | INFO | FUTU_US | [DB CHECKPOINT] FUTU_US @ 94900
2026-07-30 02:14:10.450 | INFO | FUTU_US | [DB CHECKPOINT] FUTU_US @ 95000
2026-07-30 02:14:10.650 | INFO | FUTU_US | [DB CHECKPOINT] FUTU_US @ 95100
2026-07-30 02:14:10.798 | INFO | FUTU_US | [DB CHECKPOINT] FUTU_US @ 95200
2026-07-30 02:14:10.932 | INFO | FUTU_US | [DB CHECKPOINT] FUTU_US @ 95300
2026-07-30 02:14:11.225 | INFO | FUTU_US | [DB CHECKPOINT] FUTU_US @ 95400
2026-07-30 02:14:11.515 | INFO | FUTU_US | [DB CHECKPOINT] FUTU_US @ 95500
2026-07-30 02:14:11.825 | INFO | FUTU_US | [DB CHECKPOINT] FUTU_US @ 95600
2026-07-30 02:14:12.226 | INFO | FUTU_US | [DB CHECKPOINT] FUTU_US @ 95700
2026-07-30 02:14:12.579 | INFO | FUTU_US | [DB CHECKPOINT] FUTU_US @ 95800
2026-07-30 02:14:12.826 | INFO | FUTU_US | [DB CHECKPOINT] FUTU_US @ 95900
2026-07-30 02:14:12.965 | INFO | FUTU_US | [DB CHECKPOINT] FUTU_US @ 96000
2026-07-30 02:14:13.090 | INFO | FUTU_US | [DB CHECKPOINT] FUTU_US @ 96100
2026-07-30 02:14:13.156 | INFO | FUTU_US | [DB CHECKPOINT] FUTU_US @ 96200
2026-07-30 02:14:13.234 | INFO | FUTU_US | [DB CHECKPOINT] FUTU_US @ 96300
2026-07-30 02:14:13.362 | INFO | FUTU_US | [DB CHECKPOINT] FUTU_US @ 96400
2026-07-30 02:14:13.403 | INFO | FUTU_US | [DB CHECKPOINT] FUTU_US @ 96500
2026-07-30 02:14:13.461 | INFO | FUTU_US | [DB CHECKPOINT] FUTU_US @ 96600
2026-07-30 02:14:13.541 | INFO | FUTU_US | [DB CHECKPOINT] FUTU_US @ 96700
2026-07-30 02:14:13.620 | INFO | FUTU_US | [DB CHECKPOINT] FUTU_US @ 96800
2026-07-30 02:14:13.883 | INFO | FUTU_US | [DB CHECKPOINT] FUTU_US @ 96900
2026-07-30 02:15:12.419 | INFO | FUTU_US | [FUTU_US] 行情接口连接成功（含多周期K线+TICKER）
2026-07-30 02:15:12.431 | INFO | FUTU_US | [FUTU_US] 交易接口解锁提示: 请使用OpenD页面右上角解锁按钮解锁交易，GUI版本OpenD已屏蔽解锁接口
2026-07-30 02:15:12.436 | INFO | FUTU_US | [FUTU_US] 账户列表 (共 2 个):
2026-07-30 02:15:12.437 | INFO | FUTU_US |   acc_id=281756478840044880 env=REAL type=MARGIN sim_type=N/A status=ACTIVE
2026-07-30 02:15:12.437 | INFO | FUTU_US |   acc_id=20074546 env=SIMULATE type=MARGIN sim_type=STOCK_AND_OPTION status=ACTIVE
2026-07-30 02:15:12.437 | INFO | FUTU_US | [FUTU_US] ✅ 选中: 美股模拟(股票+期权) acc_id=20074546
2026-07-30 02:15:12.437 | INFO | FUTU_US | [FUTU_US] 交易接口连接成功 (最终 acc_id=20074546)
2026-07-30 02:15:12.438 | INFO | FUTU_US | [FUTU_US] 警告：main_engine 为 None，无法自注册
2026-07-30 02:15:12.459 | INFO | FUTU_US | [FUTU_US] ✅ Tick 落盘监听器已注册 (EVENT_TICK)
2026-07-30 02:15:12.464 | INFO | FUTU_HK | [FUTU_HK] 行情接口连接成功（含多周期K线+TICKER）
2026-07-30 02:15:12.476 | INFO | FUTU_HK | [FUTU_HK] 交易接口解锁提示: 请使用OpenD页面右上角解锁按钮解锁交易，GUI版本OpenD已屏蔽解锁接口
2026-07-30 02:15:12.480 | INFO | FUTU_HK | [FUTU_HK] 账户列表 (共 3 个):
2026-07-30 02:15:12.480 | INFO | FUTU_HK |   acc_id=281756478840044880 env=REAL type=MARGIN sim_type=N/A status=ACTIVE
2026-07-30 02:15:12.481 | INFO | FUTU_HK |   acc_id=19110066 env=SIMULATE type=CASH sim_type=STOCK status=ACTIVE
2026-07-30 02:15:12.481 | INFO | FUTU_HK |   acc_id=19110071 env=SIMULATE type=MARGIN sim_type=OPTION status=ACTIVE
2026-07-30 02:15:12.481 | INFO | FUTU_HK | [FUTU_HK] ⚠️ 降级现金模拟 acc_id=19110066
2026-07-30 02:15:12.482 | INFO | FUTU_HK | [FUTU_HK] 交易接口连接成功 (最终 acc_id=19110066)
2026-07-30 02:15:12.482 | INFO | FUTU_HK | [FUTU_HK] 警告：main_engine 为 None，无法自注册
2026-07-30 02:15:13.169 | INFO | CtaStrategy | CTA策略引擎初始化成功
2026-07-30 02:15:13.370 | INFO | CtaStrategy | CTA策略引擎初始化成功
2026-07-30 02:15:23.041 | INFO | FUTU_HK | [FUTU_HK] 合约查询完成: 21257 个
2026-07-30 02:15:23.047 | INFO | FUTU_HK | [FUTU_HK] 查询成交失败: 模拟交易不支持成交数据
2026-07-30 02:15:23.069 | INFO | FUTU_HK | [FUTU_HK] 调试 accinfo 字段: ['power', 'max_power_short', 'net_cash_power', 'total_assets', 'securities_assets', 'fund_assets', 'bond_assets', 'cash', 'market_val', 'long_mv', 'short_mv', 'pending_asset', 'interest_charged_amount', 'frozen_cash', 'avl_withdrawal_cash', 'max_withdrawal', 'currency', 'available_funds', 'unrealized_pl', 'realized_pl', 'risk_level', 'risk_status', 'initial_margin', 'margin_call_margin', 'maintenance_margin', 'hk_cash', 'hk_avl_withdrawal_cash', 'hkd_net_cash_power', 'hkd_assets', 'us_cash', 'us_avl_withdrawal_cash', 'usd_net_cash_power', 'usd_assets', 'cn_cash', 'cn_avl_withdrawal_cash', 'cnh_net_cash_power', 'cnh_assets', 'jp_cash', 'jp_avl_withdrawal_cash', 'jpy_net_cash_power', 'jpy_assets', 'sg_cash', 'sg_avl_withdrawal_cash', 'sgd_net_cash_power', 'sgd_assets', 'au_cash', 'au_avl_withdrawal_cash', 'aud_net_cash_power', 'aud_assets', 'ca_cash', 'ca_avl_withdrawal_cash', 'cad_net_cash_power', 'cad_assets', 'my_cash', 'my_avl_withdrawal_cash', 'myr_net_cash_power', 'myr_assets', 'is_pdt', 'pdt_seq', 'beginning_dtbp', 'remaining_dtbp', 'dt_call_amount', 'dt_status']
2026-07-30 02:15:23.069 | INFO | FUTU_HK | [FUTU_HK] 账户: 总资产=$823,936.69 现金=$635,296.69 证券=$188,640.00 冻结=$0.00 购买力=$635,296.69 (HKD)
2026-07-30 02:15:24.493 | INFO | FUTU_US | [FUTU_US] 合约查询完成: 20579 个
2026-07-30 02:15:24.502 | INFO | FUTU_US | [FUTU_US] 查询成交失败: 模拟交易不支持成交数据
2026-07-30 02:15:24.524 | INFO | FUTU_US | [FUTU_US] 调试 accinfo 字段: ['power', 'max_power_short', 'net_cash_power', 'total_assets', 'securities_assets', 'fund_assets', 'bond_assets', 'cash', 'market_val', 'long_mv', 'short_mv', 'pending_asset', 'interest_charged_amount', 'frozen_cash', 'avl_withdrawal_cash', 'max_withdrawal', 'currency', 'available_funds', 'unrealized_pl', 'realized_pl', 'risk_level', 'risk_status', 'initial_margin', 'margin_call_margin', 'maintenance_margin', 'hk_cash', 'hk_avl_withdrawal_cash', 'hkd_net_cash_power', 'hkd_assets', 'us_cash', 'us_avl_withdrawal_cash', 'usd_net_cash_power', 'usd_assets', 'cn_cash', 'cn_avl_withdrawal_cash', 'cnh_net_cash_power', 'cnh_assets', 'jp_cash', 'jp_avl_withdrawal_cash', 'jpy_net_cash_power', 'jpy_assets', 'sg_cash', 'sg_avl_withdrawal_cash', 'sgd_net_cash_power', 'sgd_assets', 'au_cash', 'au_avl_withdrawal_cash', 'aud_net_cash_power', 'aud_assets', 'ca_cash', 'ca_avl_withdrawal_cash', 'cad_net_cash_power', 'cad_assets', 'my_cash', 'my_avl_withdrawal_cash', 'myr_net_cash_power', 'myr_assets', 'is_pdt', 'pdt_seq', 'beginning_dtbp', 'remaining_dtbp', 'dt_call_amount', 'dt_status']
2026-07-30 02:15:24.524 | INFO | FUTU_US | [FUTU_US] 账户: 总资产=$9,999,920.01 现金=$9,996,058.01 证券=$3,862.00 冻结=$0.00 购买力=$19,995,978.02 (USD)
2026-07-30 02:15:25.601 | INFO | FUTU_HK | [FUTU_HK] 账户: 总资产=$823,936.69 现金=$635,296.69 证券=$188,640.00 冻结=$0.00 购买力=$635,296.69 (HKD)
2026-07-30 02:15:27.370 | INFO | FUTU_US | [FUTU_US] 账户: 总资产=$9,999,920.01 现金=$9,996,058.01 证券=$3,862.00 冻结=$0.00 购买力=$19,995,978.02 (USD)
2026-07-30 02:15:31.601 | INFO | FUTU_HK | [FUTU_HK] 账户: 总资产=$823,936.69 现金=$635,296.69 证券=$188,640.00 冻结=$0.00 购买力=$635,296.69 (HKD)
2026-07-30 02:15:33.372 | INFO | FUTU_US | [FUTU_US] 账户: 总资产=$9,999,920.01 现金=$9,996,058.01 证券=$3,862.00 冻结=$0.00 购买力=$19,995,978.02 (USD)
2026-07-30 02:15:36.806 | INFO | CtaStrategy | 策略GridStrategy_AAPL移除成功
2026-07-30 02:15:37.312 | INFO | CtaStrategy | [GridStrategy_AAPL]  AI参数已加载: ['grid_step', 'grid_levels', 'fixed_size', 'upper_bound', 'lower_bound']
2026-07-30 02:15:37.312 | INFO | CtaStrategy | [GridStrategy_AAPL]  [INIT] GridStrategy_AAPL | AAPL.SMART | US=True HK=False v1
2026-07-30 02:15:37.317 | INFO | CtaStrategy | GridStrategy_AAPL开始执行初始化
2026-07-30 02:15:37.318 | INFO | CtaStrategy | [GridStrategy_AAPL]  ✅ GridStrategy_AAPL 初始化完成 (v1)
2026-07-30 02:15:37.319 | INFO | CtaStrategy | [GridStrategy_AAPL]  网格策略初始化 | 层数=5 ATR间距=True
2026-07-30 02:15:37.319 | INFO | MainEngine | 订阅行情 -> FUTU_US：SubscribeRequest(symbol='AAPL', exchange=<Exchange.SMART: 'SMART'>)
2026-07-30 02:15:37.319 | INFO | FUTU_US | [FUTU_US] 订阅参数: US.AAPL session=ALL
2026-07-30 02:15:37.319 | INFO | CtaStrategy | 策略GridStrategy_AAPL启动失败，请先初始化
2026-07-30 02:15:37.323 | INFO | CtaStrategy | 策略GridStrategy_AMD移除成功
2026-07-30 02:15:37.362 | INFO | FUTU_US | [FUTU_US] ✅ 全套订阅成功: US.AAPL
2026-07-30 02:15:37.362 | INFO | CtaStrategy | GridStrategy_AAPL初始化完成
2026-07-30 02:15:37.607 | INFO | FUTU_HK | [FUTU_HK] 账户: 总资产=$823,936.69 现金=$635,296.69 证券=$188,640.00 冻结=$0.00 购买力=$635,296.69 (HKD)
2026-07-30 02:15:37.826 | INFO | CtaStrategy | [GridStrategy_AMD]  AI参数已加载: ['grid_step', 'grid_levels', 'fixed_size', 'upper_bound', 'lower_bound']
2026-07-30 02:15:37.827 | INFO | CtaStrategy | [GridStrategy_AMD]  [INIT] GridStrategy_AMD | AMD.SMART | US=True HK=False v1
2026-07-30 02:15:37.829 | INFO | CtaStrategy | 策略GridStrategy_AMD启动失败，请先初始化
2026-07-30 02:15:37.829 | INFO | CtaStrategy | GridStrategy_AMD开始执行初始化
2026-07-30 02:15:37.830 | INFO | CtaStrategy | [GridStrategy_AMD]  ✅ GridStrategy_AMD 初始化完成 (v1)
2026-07-30 02:15:37.830 | INFO | CtaStrategy | [GridStrategy_AMD]  网格策略初始化 | 层数=5 ATR间距=True
2026-07-30 02:15:37.830 | INFO | MainEngine | 订阅行情 -> FUTU_US：SubscribeRequest(symbol='AMD', exchange=<Exchange.SMART: 'SMART'>)
2026-07-30 02:15:37.831 | INFO | FUTU_US | [FUTU_US] 订阅参数: US.AMD session=ALL
2026-07-30 02:15:37.835 | INFO | CtaStrategy | 策略GridStrategy_AMZN移除成功
2026-07-30 02:15:37.870 | INFO | FUTU_US | [FUTU_US] ✅ 全套订阅成功: US.AMD
2026-07-30 02:15:37.870 | INFO | CtaStrategy | GridStrategy_AMD初始化完成
2026-07-30 02:15:38.339 | INFO | CtaStrategy | [GridStrategy_AMZN]  AI参数已加载: ['grid_step', 'grid_levels', 'fixed_size', 'upper_bound', 'lower_bound']
2026-07-30 02:15:38.339 | INFO | CtaStrategy | [GridStrategy_AMZN]  [INIT] GridStrategy_AMZN | AMZN.SMART | US=True HK=False v1
2026-07-30 02:15:38.341 | INFO | CtaStrategy | 策略GridStrategy_AMZN启动失败，请先初始化
2026-07-30 02:15:38.342 | INFO | CtaStrategy | GridStrategy_AMZN开始执行初始化
2026-07-30 02:15:38.343 | INFO | CtaStrategy | [GridStrategy_AMZN]  ✅ GridStrategy_AMZN 初始化完成 (v1)
2026-07-30 02:15:38.343 | INFO | CtaStrategy | [GridStrategy_AMZN]  网格策略初始化 | 层数=5 ATR间距=True
2026-07-30 02:15:38.343 | INFO | MainEngine | 订阅行情 -> FUTU_US：SubscribeRequest(symbol='AMZN', exchange=<Exchange.SMART: 'SMART'>)
2026-07-30 02:15:38.344 | INFO | FUTU_US | [FUTU_US] 订阅参数: US.AMZN session=ALL
2026-07-30 02:15:38.347 | INFO | CtaStrategy | 策略GridStrategy_BABA移除成功
2026-07-30 02:15:38.377 | INFO | FUTU_US | [FUTU_US] ✅ 全套订阅成功: US.AMZN
2026-07-30 02:15:38.380 | INFO | CtaStrategy | GridStrategy_AMZN初始化完成
2026-07-30 02:15:38.704 | INFO | FUTU_US | [DB CHECKPOINT] FUTU_US @ 100
2026-07-30 02:15:38.851 | INFO | CtaStrategy | [GridStrategy_BABA]  AI参数已加载: ['grid_step', 'grid_levels', 'fixed_size', 'upper_bound', 'lower_bound']
2026-07-30 02:15:38.852 | INFO | CtaStrategy | [GridStrategy_BABA]  [INIT] GridStrategy_BABA | BABA.SMART | US=True HK=False v1
2026-07-30 02:15:38.855 | INFO | CtaStrategy | 策略GridStrategy_BABA启动失败，请先初始化
2026-07-30 02:15:38.855 | INFO | CtaStrategy | GridStrategy_BABA开始执行初始化
2026-07-30 02:15:38.856 | INFO | CtaStrategy | [GridStrategy_BABA]  ✅ GridStrategy_BABA 初始化完成 (v1)
2026-07-30 02:15:38.856 | INFO | CtaStrategy | [GridStrategy_BABA]  网格策略初始化 | 层数=5 ATR间距=True
2026-07-30 02:15:38.856 | INFO | MainEngine | 订阅行情 -> FUTU_US：SubscribeRequest(symbol='BABA', exchange=<Exchange.SMART: 'SMART'>)
2026-07-30 02:15:38.857 | INFO | FUTU_US | [FUTU_US] 订阅参数: US.BABA session=ALL
2026-07-30 02:15:38.861 | INFO | CtaStrategy | 策略GridStrategy_GOOGL移除成功
2026-07-30 02:15:38.889 | INFO | FUTU_US | [FUTU_US] ✅ 全套订阅成功: US.BABA
2026-07-30 02:15:38.889 | INFO | CtaStrategy | GridStrategy_BABA初始化完成
2026-07-30 02:15:39.137 | INFO | FUTU_US | [DB CHECKPOINT] FUTU_US @ 200
2026-07-30 02:15:39.382 | INFO | CtaStrategy | [GridStrategy_GOOGL]  AI参数已加载: ['grid_step', 'grid_levels', 'fixed_size', 'upper_bound', 'lower_bound']
2026-07-30 02:15:39.384 | INFO | CtaStrategy | [GridStrategy_GOOGL]  [INIT] GridStrategy_GOOGL | GOOGL.SMART | US=True HK=False v1
2026-07-30 02:15:39.384 | INFO | FUTU_US | [FUTU_US] 账户: 总资产=$9,999,920.01 现金=$9,996,058.01 证券=$3,862.00 冻结=$0.00 购买力=$19,995,978.02 (USD)
2026-07-30 02:15:39.388 | INFO | CtaStrategy | 策略GridStrategy_GOOGL启动失败，请先初始化
2026-07-30 02:15:39.388 | INFO | CtaStrategy | GridStrategy_GOOGL开始执行初始化
2026-07-30 02:15:39.389 | INFO | CtaStrategy | [GridStrategy_GOOGL]  ✅ GridStrategy_GOOGL 初始化完成 (v1)
2026-07-30 02:15:39.389 | INFO | CtaStrategy | [GridStrategy_GOOGL]  网格策略初始化 | 层数=5 ATR间距=True
2026-07-30 02:15:39.389 | INFO | MainEngine | 订阅行情 -> FUTU_US：SubscribeRequest(symbol='GOOGL', exchange=<Exchange.SMART: 'SMART'>)
2026-07-30 02:15:39.390 | INFO | FUTU_US | [FUTU_US] 订阅参数: US.GOOGL session=ALL
2026-07-30 02:15:39.393 | INFO | CtaStrategy | 策略GridStrategy_META移除成功
2026-07-30 02:15:39.424 | INFO | FUTU_US | [FUTU_US] ✅ 全套订阅成功: US.GOOGL
2026-07-30 02:15:39.427 | INFO | CtaStrategy | GridStrategy_GOOGL初始化完成
2026-07-30 02:15:39.546 | INFO | FUTU_US | [DB CHECKPOINT] FUTU_US @ 300
2026-07-30 02:15:39.906 | INFO | CtaStrategy | [GridStrategy_META]  AI参数已加载: ['grid_step', 'grid_levels', 'fixed_size', 'upper_bound', 'lower_bound']
2026-07-30 02:15:39.907 | INFO | CtaStrategy | [GridStrategy_META]  [INIT] GridStrategy_META | META.SMART | US=True HK=False v1
2026-07-30 02:15:39.909 | INFO | CtaStrategy | 策略GridStrategy_META启动失败，请先初始化
2026-07-30 02:15:39.910 | INFO | CtaStrategy | GridStrategy_META开始执行初始化
2026-07-30 02:15:39.910 | INFO | CtaStrategy | [GridStrategy_META]  ✅ GridStrategy_META 初始化完成 (v1)
2026-07-30 02:15:39.911 | INFO | CtaStrategy | [GridStrategy_META]  网格策略初始化 | 层数=5 ATR间距=True
2026-07-30 02:15:39.911 | INFO | MainEngine | 订阅行情 -> FUTU_US：SubscribeRequest(symbol='META', exchange=<Exchange.SMART: 'SMART'>)
2026-07-30 02:15:39.911 | INFO | FUTU_US | [FUTU_US] 订阅参数: US.META session=ALL
2026-07-30 02:15:39.917 | INFO | CtaStrategy | 策略GridStrategy_MSFT移除成功
2026-07-30 02:15:39.947 | INFO | FUTU_US | [FUTU_US] ✅ 全套订阅成功: US.META
2026-07-30 02:15:39.949 | INFO | CtaStrategy | GridStrategy_META初始化完成
2026-07-30 02:15:39.987 | INFO | FUTU_US | [DB CHECKPOINT] FUTU_US @ 400
2026-07-30 02:15:40.420 | INFO | CtaStrategy | [GridStrategy_MSFT]  AI参数已加载: ['grid_step', 'grid_levels', 'fixed_size', 'upper_bound', 'lower_bound']
2026-07-30 02:15:40.420 | INFO | CtaStrategy | [GridStrategy_MSFT]  [INIT] GridStrategy_MSFT | MSFT.SMART | US=True HK=False v1
2026-07-30 02:15:40.426 | INFO | CtaStrategy | 策略GridStrategy_MSFT启动失败，请先初始化
2026-07-30 02:15:40.429 | INFO | CtaStrategy | GridStrategy_MSFT开始执行初始化
2026-07-30 02:15:40.430 | INFO | CtaStrategy | [GridStrategy_MSFT]  ✅ GridStrategy_MSFT 初始化完成 (v1)
2026-07-30 02:15:40.430 | INFO | CtaStrategy | [GridStrategy_MSFT]  网格策略初始化 | 层数=5 ATR间距=True
2026-07-30 02:15:40.430 | INFO | MainEngine | 订阅行情 -> FUTU_US：SubscribeRequest(symbol='MSFT', exchange=<Exchange.SMART: 'SMART'>)
2026-07-30 02:15:40.431 | INFO | FUTU_US | [FUTU_US] 订阅参数: US.MSFT session=ALL
2026-07-30 02:15:40.438 | INFO | FUTU_US | [DB CHECKPOINT] FUTU_US @ 500
2026-07-30 02:15:40.447 | INFO | CtaStrategy | 策略GridStrategy_NFLX移除成功
2026-07-30 02:15:40.472 | INFO | FUTU_US | [FUTU_US] ✅ 全套订阅成功: US.MSFT
2026-07-30 02:15:40.475 | INFO | CtaStrategy | GridStrategy_MSFT初始化完成
2026-07-30 02:15:40.786 | INFO | FUTU_US | [DB CHECKPOINT] FUTU_US @ 600
2026-07-30 02:15:40.950 | INFO | CtaStrategy | [GridStrategy_NFLX]  AI参数已加载: ['grid_step', 'grid_levels', 'fixed_size', 'upper_bound', 'lower_bound']
2026-07-30 02:15:40.950 | INFO | CtaStrategy | [GridStrategy_NFLX]  [INIT] GridStrategy_NFLX | NFLX.SMART | US=True HK=False v1
2026-07-30 02:15:40.952 | INFO | CtaStrategy | 策略GridStrategy_NFLX启动失败，请先初始化
2026-07-30 02:15:40.953 | INFO | CtaStrategy | GridStrategy_NFLX开始执行初始化
2026-07-30 02:15:40.954 | INFO | CtaStrategy | [GridStrategy_NFLX]  ✅ GridStrategy_NFLX 初始化完成 (v1)
2026-07-30 02:15:40.954 | INFO | CtaStrategy | [GridStrategy_NFLX]  网格策略初始化 | 层数=5 ATR间距=True
2026-07-30 02:15:40.955 | INFO | MainEngine | 订阅行情 -> FUTU_US：SubscribeRequest(symbol='NFLX', exchange=<Exchange.SMART: 'SMART'>)
2026-07-30 02:15:40.955 | INFO | FUTU_US | [FUTU_US] 订阅参数: US.NFLX session=ALL
2026-07-30 02:15:40.958 | INFO | CtaStrategy | 策略GridStrategy_NVDA移除成功
2026-07-30 02:15:40.983 | INFO | FUTU_US | [FUTU_US] ✅ 全套订阅成功: US.NFLX
2026-07-30 02:15:40.987 | INFO | CtaStrategy | GridStrategy_NFLX初始化完成
2026-07-30 02:15:41.262 | INFO | FUTU_US | [DB CHECKPOINT] FUTU_US @ 700
2026-07-30 02:15:41.478 | INFO | CtaStrategy | [GridStrategy_NVDA]  AI参数已加载: ['grid_step', 'grid_levels', 'fixed_size', 'upper_bound', 'lower_bound']
2026-07-30 02:15:41.478 | INFO | CtaStrategy | [GridStrategy_NVDA]  [INIT] GridStrategy_NVDA | NVDA.SMART | US=True HK=False v1
2026-07-30 02:15:41.479 | INFO | CtaStrategy | 策略GridStrategy_NVDA启动失败，请先初始化
2026-07-30 02:15:41.480 | INFO | CtaStrategy | GridStrategy_NVDA开始执行初始化
2026-07-30 02:15:41.481 | INFO | CtaStrategy | [GridStrategy_NVDA]  ✅ GridStrategy_NVDA 初始化完成 (v1)
2026-07-30 02:15:41.485 | INFO | CtaStrategy | [GridStrategy_NVDA]  网格策略初始化 | 层数=5 ATR间距=True
2026-07-30 02:15:41.486 | INFO | MainEngine | 订阅行情 -> FUTU_US：SubscribeRequest(symbol='NVDA', exchange=<Exchange.SMART: 'SMART'>)
2026-07-30 02:15:41.487 | INFO | FUTU_US | [FUTU_US] 订阅参数: US.NVDA session=ALL
2026-07-30 02:15:41.494 | INFO | CtaStrategy | 策略GridStrategy_TSLA移除成功
2026-07-30 02:15:41.544 | INFO | FUTU_US | [FUTU_US] ✅ 全套订阅成功: US.NVDA
2026-07-30 02:15:41.547 | INFO | CtaStrategy | GridStrategy_NVDA初始化完成
2026-07-30 02:15:41.572 | INFO | FUTU_US | [DB CHECKPOINT] FUTU_US @ 800
2026-07-30 02:15:41.716 | INFO | FUTU_US | [DB CHECKPOINT] FUTU_US @ 900
2026-07-30 02:15:41.781 | INFO | FUTU_US | [DB CHECKPOINT] FUTU_US @ 1000
2026-07-30 02:15:41.935 | INFO | FUTU_US | [DB CHECKPOINT] FUTU_US @ 1100
2026-07-30 02:15:42.040 | INFO | CtaStrategy | [GridStrategy_TSLA]  AI参数已加载: ['grid_step', 'grid_levels', 'fixed_size', 'upper_bound', 'lower_bound']
2026-07-30 02:15:42.044 | INFO | CtaStrategy | [GridStrategy_TSLA]  [INIT] GridStrategy_TSLA | TSLA.SMART | US=True HK=False v1
2026-07-30 02:15:42.061 | INFO | CtaStrategy | 策略GridStrategy_TSLA启动失败，请先初始化
2026-07-30 02:15:42.063 | INFO | CtaStrategy | GridStrategy_TSLA开始执行初始化
2026-07-30 02:15:42.065 | INFO | CtaStrategy | [GridStrategy_TSLA]  ✅ GridStrategy_TSLA 初始化完成 (v1)
2026-07-30 02:15:42.067 | INFO | CtaStrategy | [GridStrategy_TSLA]  网格策略初始化 | 层数=5 ATR间距=True
2026-07-30 02:15:42.068 | INFO | MainEngine | 订阅行情 -> FUTU_US：SubscribeRequest(symbol='TSLA', exchange=<Exchange.SMART: 'SMART'>)
2026-07-30 02:15:42.070 | INFO | FUTU_US | [FUTU_US] 订阅参数: US.TSLA session=ALL
2026-07-30 02:15:42.104 | INFO | FUTU_US | [FUTU_US] ✅ 全套订阅成功: US.TSLA
2026-07-30 02:15:42.105 | INFO | CtaStrategy | GridStrategy_TSLA初始化完成
2026-07-30 02:15:42.306 | INFO | FUTU_US | [DB CHECKPOINT] FUTU_US @ 1200
2026-07-30 02:15:42.461 | INFO | FUTU_US | [DB CHECKPOINT] FUTU_US @ 1300
2026-07-30 02:15:42.756 | INFO | FUTU_US | [DB CHECKPOINT] FUTU_US @ 1400
2026-07-30 02:15:42.957 | INFO | FUTU_US | [DB CHECKPOINT] FUTU_US @ 1500
2026-07-30 02:15:43.223 | INFO | FUTU_US | [DB CHECKPOINT] FUTU_US @ 1600
2026-07-30 02:15:43.508 | INFO | FUTU_US | [DB CHECKPOINT] FUTU_US @ 1700
2026-07-30 02:15:43.609 | INFO | FUTU_HK | [FUTU_HK] 账户: 总资产=$823,936.69 现金=$635,296.69 证券=$188,640.00 冻结=$0.00 购买力=$635,296.69 (HKD)
2026-07-30 02:15:43.694 | INFO | FUTU_US | [DB CHECKPOINT] FUTU_US @ 1800
2026-07-30 02:15:43.847 | INFO | FUTU_US | [DB CHECKPOINT] FUTU_US @ 1900
2026-07-30 02:15:44.192 | INFO | FUTU_US | [DB CHECKPOINT] FUTU_US @ 2000
2026-07-30 02:15:44.525 | INFO | FUTU_US | [DB CHECKPOINT] FUTU_US @ 2100
2026-07-30 02:15:44.728 | INFO | FUTU_US | [DB CHECKPOINT] FUTU_US @ 2200
2026-07-30 02:15:44.891 | INFO | FUTU_US | [DB CHECKPOINT] FUTU_US @ 2300
2026-07-30 02:15:45.158 | INFO | FUTU_US | [DB CHECKPOINT] FUTU_US @ 2400
2026-07-30 02:15:45.334 | INFO | FUTU_US | [DB CHECKPOINT] FUTU_US @ 2500
2026-07-30 02:15:45.388 | INFO | FUTU_US | [FUTU_US] 账户: 总资产=$9,999,920.01 现金=$9,996,058.01 证券=$3,862.00 冻结=$0.00 购买力=$19,995,978.02 (USD)
2026-07-30 02:15:45.637 | INFO | FUTU_US | [DB CHECKPOINT] FUTU_US @ 2600
2026-07-30 02:15:45.928 | INFO | FUTU_US | [DB CHECKPOINT] FUTU_US @ 2700
2026-07-30 02:15:46.021 | INFO | FUTU_US | [DB CHECKPOINT] FUTU_US @ 2800
2026-07-30 02:15:46.351 | INFO | FUTU_US | [DB CHECKPOINT] FUTU_US @ 2900
2026-07-30 02:15:46.554 | INFO | FUTU_US | [DB CHECKPOINT] FUTU_US @ 3000
2026-07-30 02:15:46.891 | INFO | FUTU_US | [DB CHECKPOINT] FUTU_US @ 3100
2026-07-30 02:15:47.035 | INFO | FUTU_US | [DB CHECKPOINT] FUTU_US @ 3200
2026-07-30 02:15:47.148 | INFO | FUTU_US | [DB CHECKPOINT] FUTU_US @ 3300
2026-07-30 02:15:47.266 | INFO | FUTU_US | [DB CHECKPOINT] FUTU_US @ 3400
2026-07-30 02:15:47.479 | INFO | FUTU_US | [DB CHECKPOINT] FUTU_US @ 3500
2026-07-30 02:15:47.599 | INFO | FUTU_US | [DB CHECKPOINT] FUTU_US @ 3600
2026-07-30 02:15:47.871 | INFO | FUTU_US | [DB CHECKPOINT] FUTU_US @ 3700
2026-07-30 02:15:48.059 | INFO | FUTU_US | [DB CHECKPOINT] FUTU_US @ 3800
2026-07-30 02:15:48.233 | INFO | FUTU_US | [DB CHECKPOINT] FUTU_US @ 3900
2026-07-30 02:15:48.430 | INFO | FUTU_US | [DB CHECKPOINT] FUTU_US @ 4000
2026-07-30 02:15:48.629 | INFO | FUTU_US | [DB CHECKPOINT] FUTU_US @ 4100
2026-07-30 02:15:48.904 | INFO | FUTU_US | [DB CHECKPOINT] FUTU_US @ 4200
2026-07-30 02:15:49.201 | INFO | FUTU_US | [DB CHECKPOINT] FUTU_US @ 4300
2026-07-30 02:15:49.576 | INFO | FUTU_US | [DB CHECKPOINT] FUTU_US @ 4400
2026-07-30 02:15:49.622 | INFO | FUTU_HK | [FUTU_HK] 账户: 总资产=$823,936.69 现金=$635,296.69 证券=$188,640.00 冻结=$0.00 购买力=$635,296.69 (HKD)
2026-07-30 02:15:49.738 | INFO | FUTU_US | [DB CHECKPOINT] FUTU_US @ 4500
2026-07-30 02:15:50.076 | INFO | FUTU_US | [DB CHECKPOINT] FUTU_US @ 4600
2026-07-30 02:15:50.338 | INFO | FUTU_US | [DB CHECKPOINT] FUTU_US @ 4700
2026-07-30 02:15:50.558 | INFO | FUTU_US | [DB CHECKPOINT] FUTU_US @ 4800
2026-07-30 02:15:50.886 | INFO | FUTU_US | [DB CHECKPOINT] FUTU_US @ 4900
2026-07-30 02:15:51.236 | INFO | FUTU_US | [DB CHECKPOINT] FUTU_US @ 5000
2026-07-30 02:15:51.396 | INFO | FUTU_US | [FUTU_US] 账户: 总资产=$9,999,920.01 现金=$9,996,058.01 证券=$3,862.00 冻结=$0.00 购买力=$19,995,978.02 (USD)
2026-07-30 02:15:51.435 | INFO | FUTU_US | [DB CHECKPOINT] FUTU_US @ 5100
2026-07-30 02:15:51.710 | INFO | FUTU_US | [DB CHECKPOINT] FUTU_US @ 5200
2026-07-30 02:15:51.892 | INFO | FUTU_US | [DB CHECKPOINT] FUTU_US @ 5300
2026-07-30 02:15:52.069 | INFO | FUTU_US | [DB CHECKPOINT] FUTU_US @ 5400
2026-07-30 02:15:52.501 | INFO | FUTU_US | [DB CHECKPOINT] FUTU_US @ 5500
2026-07-30 02:15:52.583 | INFO | FUTU_US | [DB CHECKPOINT] FUTU_US @ 5600
2026-07-30 02:15:52.690 | INFO | FUTU_US | [DB CHECKPOINT] FUTU_US @ 5700
2026-07-30 02:15:52.929 | INFO | FUTU_US | [DB CHECKPOINT] FUTU_US @ 5800
2026-07-30 02:15:53.231 | INFO | FUTU_US | [DB CHECKPOINT] FUTU_US @ 5900
2026-07-30 02:15:53.434 | INFO | FUTU_US | [DB CHECKPOINT] FUTU_US @ 6000
2026-07-30 02:15:53.565 | INFO | FUTU_US | [DB CHECKPOINT] FUTU_US @ 6100
2026-07-30 02:15:53.754 | INFO | FUTU_US | [DB CHECKPOINT] FUTU_US @ 6200
2026-07-30 02:15:53.953 | INFO | FUTU_US | [DB CHECKPOINT] FUTU_US @ 6300
2026-07-30 02:15:54.244 | INFO | FUTU_US | [DB CHECKPOINT] FUTU_US @ 6400
2026-07-30 02:15:54.372 | INFO | FUTU_US | [DB CHECKPOINT] FUTU_US @ 6500
2026-07-30 02:15:54.613 | INFO | FUTU_US | [DB CHECKPOINT] FUTU_US @ 6600
2026-07-30 02:15:54.825 | INFO | FUTU_US | [DB CHECKPOINT] FUTU_US @ 6700
2026-07-30 02:15:55.092 | INFO | FUTU_US | [DB CHECKPOINT] FUTU_US @ 6800
2026-07-30 02:15:55.404 | INFO | FUTU_US | [DB CHECKPOINT] FUTU_US @ 6900
2026-07-30 02:15:55.629 | INFO | FUTU_HK | [FUTU_HK] 账户: 总资产=$823,936.69 现金=$635,296.69 证券=$188,640.00 冻结=$0.00 购买力=$635,296.69 (HKD)
2026-07-30 02:15:55.675 | INFO | FUTU_US | [DB CHECKPOINT] FUTU_US @ 7000
2026-07-30 02:15:55.834 | INFO | FUTU_US | [DB CHECKPOINT] FUTU_US @ 7100
2026-07-30 02:15:56.037 | INFO | FUTU_US | [DB CHECKPOINT] FUTU_US @ 7200
2026-07-30 02:15:56.298 | INFO | FUTU_US | [DB CHECKPOINT] FUTU_US @ 7300
2026-07-30 02:15:56.556 | INFO | FUTU_US | [DB CHECKPOINT] FUTU_US @ 7400
2026-07-30 02:15:56.789 | INFO | FUTU_US | [DB CHECKPOINT] FUTU_US @ 7500
2026-07-30 02:15:56.935 | INFO | FUTU_US | [DB CHECKPOINT] FUTU_US @ 7600
2026-07-30 02:15:57.197 | INFO | FUTU_US | [DB CHECKPOINT] FUTU_US @ 7700
2026-07-30 02:15:57.437 | INFO | FUTU_US | [FUTU_US] 账户: 总资产=$9,999,920.01 现金=$9,996,058.01 证券=$3,862.00 冻结=$0.00 购买力=$19,995,978.02 (USD)
2026-07-30 02:15:57.513 | INFO | FUTU_US | [DB CHECKPOINT] FUTU_US @ 7800
2026-07-30 02:15:58.084 | INFO | FUTU_US | [DB CHECKPOINT] FUTU_US @ 7900
2026-07-30 02:15:58.197 | INFO | FUTU_US | [DB CHECKPOINT] FUTU_US @ 8000
2026-07-30 02:15:58.310 | INFO | FUTU_US | [DB CHECKPOINT] FUTU_US @ 8100
2026-07-30 02:15:58.496 | INFO | FUTU_US | [DB CHECKPOINT] FUTU_US @ 8200
2026-07-30 02:15:58.664 | INFO | FUTU_US | [DB CHECKPOINT] FUTU_US @ 8300
2026-07-30 02:15:58.930 | INFO | FUTU_US | [DB CHECKPOINT] FUTU_US @ 8400
2026-07-30 02:15:59.183 | INFO | FUTU_US | [DB CHECKPOINT] FUTU_US @ 8500
2026-07-30 02:15:59.487 | INFO | FUTU_US | [DB CHECKPOINT] FUTU_US @ 8600
2026-07-30 02:15:59.744 | INFO | FUTU_US | [DB CHECKPOINT] FUTU_US @ 8700
2026-07-30 02:16:00.030 | INFO | FUTU_US | [DB CHECKPOINT] FUTU_US @ 8800
2026-07-30 02:16:00.148 | INFO | FUTU_US | [DB CHECKPOINT] FUTU_US @ 8900
2026-07-30 02:16:00.400 | INFO | FUTU_US | [DB CHECKPOINT] FUTU_US @ 9000
2026-07-30 02:16:00.627 | INFO | FUTU_US | [DB CHECKPOINT] FUTU_US @ 9100
2026-07-30 02:16:00.933 | INFO | FUTU_US | [DB CHECKPOINT] FUTU_US @ 9200
2026-07-30 02:16:01.296 | INFO | FUTU_US | [DB CHECKPOINT] FUTU_US @ 9300
2026-07-30 02:16:01.547 | INFO | FUTU_US | [DB CHECKPOINT] FUTU_US @ 9400
2026-07-30 02:16:01.629 | INFO | FUTU_HK | [FUTU_HK] 账户: 总资产=$823,936.69 现金=$635,296.69 证券=$188,640.00 冻结=$0.00 购买力=$635,296.69 (HKD)
2026-07-30 02:16:01.806 | INFO | FUTU_US | [DB CHECKPOINT] FUTU_US @ 9500
2026-07-30 02:16:02.005 | INFO | FUTU_US | [DB CHECKPOINT] FUTU_US @ 9600
2026-07-30 02:16:02.132 | INFO | FUTU_US | [DB CHECKPOINT] FUTU_US @ 9700
2026-07-30 02:16:02.407 | INFO | FUTU_US | [DB CHECKPOINT] FUTU_US @ 9800
2026-07-30 02:16:02.655 | INFO | FUTU_US | [DB CHECKPOINT] FUTU_US @ 9900
2026-07-30 02:16:02.773 | INFO | FUTU_US | [DB CHECKPOINT] FUTU_US @ 10000
2026-07-30 02:16:03.122 | INFO | FUTU_US | [DB CHECKPOINT] FUTU_US @ 10100
2026-07-30 02:16:03.396 | INFO | FUTU_US | [DB CHECKPOINT] FUTU_US @ 10200
2026-07-30 02:16:03.495 | INFO | FUTU_US | [FUTU_US] 账户: 总资产=$9,999,920.01 现金=$9,996,058.01 证券=$3,862.00 冻结=$0.00 购买力=$19,995,978.02 (USD)
2026-07-30 02:16:03.733 | INFO | FUTU_US | [DB CHECKPOINT] FUTU_US @ 10300
2026-07-30 02:16:04.359 | INFO | FUTU_US | [DB CHECKPOINT] FUTU_US @ 10400
2026-07-30 02:16:04.790 | INFO | FUTU_US | [DB CHECKPOINT] FUTU_US @ 10500
2026-07-30 02:16:05.150 | INFO | FUTU_US | [DB CHECKPOINT] FUTU_US @ 10600
2026-07-30 02:16:05.320 | INFO | FUTU_US | [DB CHECKPOINT] FUTU_US @ 10700
2026-07-30 02:16:05.798 | INFO | FUTU_US | [DB CHECKPOINT] FUTU_US @ 10800
2026-07-30 02:16:06.151 | INFO | FUTU_US | [DB CHECKPOINT] FUTU_US @ 10900
2026-07-30 02:16:06.516 | INFO | FUTU_US | [DB CHECKPOINT] FUTU_US @ 11000
2026-07-30 02:16:06.742 | INFO | FUTU_US | [DB CHECKPOINT] FUTU_US @ 11100
2026-07-30 02:16:07.110 | INFO | FUTU_US | [DB CHECKPOINT] FUTU_US @ 11200
2026-07-30 02:16:07.372 | INFO | FUTU_US | [DB CHECKPOINT] FUTU_US @ 11300
2026-07-30 02:16:07.604 | INFO | FUTU_US | [DB CHECKPOINT] FUTU_US @ 11400
2026-07-30 02:16:07.748 | INFO | FUTU_HK | [FUTU_HK] 账户: 总资产=$823,936.69 现金=$635,296.69 证券=$188,640.00 冻结=$0.00 购买力=$635,296.69 (HKD)
2026-07-30 02:16:07.861 | INFO | FUTU_US | [DB CHECKPOINT] FUTU_US @ 11500
2026-07-30 02:16:08.023 | INFO | FUTU_US | [DB CHECKPOINT] FUTU_US @ 11600
2026-07-30 02:16:08.285 | INFO | FUTU_US | [DB CHECKPOINT] FUTU_US @ 11700
2026-07-30 02:16:08.845 | INFO | FUTU_US | [DB CHECKPOINT] FUTU_US @ 11800
2026-07-30 02:16:09.238 | INFO | FUTU_US | [DB CHECKPOINT] FUTU_US @ 11900
2026-07-30 02:16:09.493 | INFO | FUTU_US | [FUTU_US] 账户: 总资产=$9,999,920.01 现金=$9,996,058.01 证券=$3,862.00 冻结=$0.00 购买力=$19,995,978.02 (USD)
2026-07-30 02:16:09.655 | INFO | FUTU_US | [DB CHECKPOINT] FUTU_US @ 12000
2026-07-30 02:16:09.968 | INFO | FUTU_US | [DB CHECKPOINT] FUTU_US @ 12100
2026-07-30 02:16:10.287 | INFO | FUTU_US | [DB CHECKPOINT] FUTU_US @ 12200
2026-07-30 02:16:10.645 | INFO | FUTU_US | [DB CHECKPOINT] FUTU_US @ 12300
2026-07-30 02:16:11.003 | INFO | FUTU_US | [DB CHECKPOINT] FUTU_US @ 12400
2026-07-30 02:16:11.243 | INFO | FUTU_US | [DB CHECKPOINT] FUTU_US @ 12500
2026-07-30 02:16:11.520 | INFO | FUTU_US | [DB CHECKPOINT] FUTU_US @ 12600
2026-07-30 02:16:11.777 | INFO | FUTU_US | [DB CHECKPOINT] FUTU_US @ 12700
2026-07-30 02:16:12.356 | INFO | FUTU_US | [DB CHECKPOINT] FUTU_US @ 12800
2026-07-30 02:16:12.781 | INFO | FUTU_US | [DB CHECKPOINT] FUTU_US @ 12900
2026-07-30 02:16:13.133 | INFO | FUTU_US | [DB CHECKPOINT] FUTU_US @ 13000
2026-07-30 02:16:13.865 | INFO | FUTU_US | [DB CHECKPOINT] FUTU_US @ 13100
2026-07-30 02:16:13.874 | INFO | FUTU_HK | [FUTU_HK] 账户: 总资产=$823,936.69 现金=$635,296.69 证券=$188,640.00 冻结=$0.00 购买力=$635,296.69 (HKD)
2026-07-30 02:16:14.194 | INFO | FUTU_US | [DB CHECKPOINT] FUTU_US @ 13200
2026-07-30 02:16:14.558 | INFO | FUTU_US | [DB CHECKPOINT] FUTU_US @ 13300
2026-07-30 02:16:14.749 | INFO | FUTU_US | [DB CHECKPOINT] FUTU_US @ 13400
2026-07-30 02:16:14.932 | INFO | FUTU_US | [DB CHECKPOINT] FUTU_US @ 13500
2026-07-30 02:16:15.125 | INFO | FUTU_US | [DB CHECKPOINT] FUTU_US @ 13600
2026-07-30 02:16:15.546 | INFO | FUTU_US | [DB CHECKPOINT] FUTU_US @ 13700
2026-07-30 02:16:15.925 | INFO | FUTU_US | [FUTU_US] 账户: 总资产=$9,999,920.01 现金=$9,996,058.01 证券=$3,862.00 冻结=$0.00 购买力=$19,995,978.02 (USD)
2026-07-30 02:16:16.152 | INFO | FUTU_US | [DB CHECKPOINT] FUTU_US @ 13800
2026-07-30 02:16:16.342 | INFO | FUTU_US | [DB CHECKPOINT] FUTU_US @ 13900
2026-07-30 02:16:16.684 | INFO | FUTU_US | [DB CHECKPOINT] FUTU_US @ 14000
2026-07-30 02:16:16.916 | INFO | FUTU_US | [DB CHECKPOINT] FUTU_US @ 14100
2026-07-30 02:16:17.307 | INFO | FUTU_US | [DB CHECKPOINT] FUTU_US @ 14200
2026-07-30 02:16:17.681 | INFO | FUTU_US | [DB CHECKPOINT] FUTU_US @ 14300
2026-07-30 02:16:17.833 | INFO | FUTU_US | [DB CHECKPOINT] FUTU_US @ 14400
2026-07-30 02:16:18.979 | INFO | FUTU_US | [DB CHECKPOINT] FUTU_US @ 14500
2026-07-30 02:16:19.192 | INFO | FUTU_US | [DB CHECKPOINT] FUTU_US @ 14600
2026-07-30 02:16:19.540 | INFO | FUTU_US | [DB CHECKPOINT] FUTU_US @ 14700
2026-07-30 02:16:19.845 | INFO | FUTU_US | [DB CHECKPOINT] FUTU_US @ 14800
2026-07-30 02:16:19.917 | INFO | FUTU_HK | [FUTU_HK] 账户: 总资产=$823,936.69 现金=$635,296.69 证券=$188,640.00 冻结=$0.00 购买力=$635,296.69 (HKD)
2026-07-30 02:16:20.226 | INFO | FUTU_US | [DB CHECKPOINT] FUTU_US @ 14900
2026-07-30 02:16:20.708 | INFO | FUTU_US | [DB CHECKPOINT] FUTU_US @ 15000
2026-07-30 02:16:21.061 | INFO | FUTU_US | [DB CHECKPOINT] FUTU_US @ 15100
2026-07-30 02:16:21.315 | INFO | FUTU_US | [DB CHECKPOINT] FUTU_US @ 15200
2026-07-30 02:16:21.871 | INFO | FUTU_US | [FUTU_US] 账户: 总资产=$9,999,920.01 现金=$9,996,058.01 证券=$3,862.00 冻结=$0.00 购买力=$19,995,978.02 (USD)
2026-07-30 02:16:22.021 | INFO | FUTU_US | [DB CHECKPOINT] FUTU_US @ 15300
2026-07-30 02:16:22.591 | INFO | FUTU_US | [DB CHECKPOINT] FUTU_US @ 15400
2026-07-30 02:16:22.944 | INFO | FUTU_US | [DB CHECKPOINT] FUTU_US @ 15500
2026-07-30 02:16:23.153 | INFO | FUTU_US | [DB CHECKPOINT] FUTU_US @ 15600
2026-07-30 02:16:23.354 | INFO | FUTU_US | [DB CHECKPOINT] FUTU_US @ 15700
2026-07-30 02:16:23.551 | INFO | FUTU_US | [DB CHECKPOINT] FUTU_US @ 15800
2026-07-30 02:16:23.880 | INFO | FUTU_US | [DB CHECKPOINT] FUTU_US @ 15900
2026-07-30 02:16:24.088 | INFO | FUTU_US | [DB CHECKPOINT] FUTU_US @ 16000
2026-07-30 02:16:24.985 | INFO | FUTU_US | [DB CHECKPOINT] FUTU_US @ 16100
2026-07-30 02:16:25.643 | INFO | FUTU_US | [DB CHECKPOINT] FUTU_US @ 16200
2026-07-30 02:16:26.002 | INFO | FUTU_HK | [FUTU_HK] 账户: 总资产=$823,936.69 现金=$635,296.69 证券=$188,640.00 冻结=$0.00 购买力=$635,296.69 (HKD)
2026-07-30 02:16:28.142 | INFO | FUTU_US | [DB CHECKPOINT] FUTU_US @ 16300
2026-07-30 02:16:28.272 | INFO | FUTU_US | [FUTU_US] 账户: 总资产=$9,999,920.01 现金=$9,996,058.01 证券=$3,862.00 冻结=$0.00 购买力=$19,995,978.02 (USD)
2026-07-30 02:16:28.776 | INFO | FUTU_US | [DB CHECKPOINT] FUTU_US @ 16400
2026-07-30 02:16:29.617 | INFO | FUTU_US | [DB CHECKPOINT] FUTU_US @ 16500
2026-07-30 02:16:30.949 | INFO | FUTU_US | [DB CHECKPOINT] FUTU_US @ 16600
2026-07-30 02:16:31.165 | INFO | FUTU_US | [DB CHECKPOINT] FUTU_US @ 16700
2026-07-30 02:16:31.425 | INFO | FUTU_US | [DB CHECKPOINT] FUTU_US @ 16800
2026-07-30 02:16:31.617 | INFO | FUTU_US | [DB CHECKPOINT] FUTU_US @ 16900
2026-07-30 02:16:31.835 | INFO | FUTU_US | [DB CHECKPOINT] FUTU_US @ 17000
2026-07-30 02:16:32.018 | INFO | FUTU_US | [DB CHECKPOINT] FUTU_US @ 17100
2026-07-30 02:16:32.149 | INFO | FUTU_US | [DB CHECKPOINT] FUTU_US @ 17200
2026-07-30 02:16:32.228 | INFO | FUTU_HK | [FUTU_HK] 账户: 总资产=$823,936.69 现金=$635,296.69 证券=$188,640.00 冻结=$0.00 购买力=$635,296.69 (HKD)
2026-07-30 02:16:32.353 | INFO | FUTU_US | [DB CHECKPOINT] FUTU_US @ 17300
2026-07-30 02:16:32.527 | INFO | FUTU_US | [DB CHECKPOINT] FUTU_US @ 17400
2026-07-30 02:16:32.779 | INFO | FUTU_US | [DB CHECKPOINT] FUTU_US @ 17500
2026-07-30 02:16:32.930 | INFO | FUTU_US | [DB CHECKPOINT] FUTU_US @ 17600
2026-07-30 02:16:33.111 | INFO | FUTU_US | [DB CHECKPOINT] FUTU_US @ 17700
2026-07-30 02:16:33.224 | INFO | FUTU_US | [DB CHECKPOINT] FUTU_US @ 17800
2026-07-30 02:16:33.366 | INFO | FUTU_US | [DB CHECKPOINT] FUTU_US @ 17900
2026-07-30 02:16:33.432 | INFO | FUTU_US | [DB CHECKPOINT] FUTU_US @ 18000
2026-07-30 02:16:33.573 | INFO | FUTU_US | [DB CHECKPOINT] FUTU_US @ 18100
2026-07-30 02:16:33.730 | INFO | FUTU_US | [DB CHECKPOINT] FUTU_US @ 18200
2026-07-30 02:16:33.858 | INFO | FUTU_US | [DB CHECKPOINT] FUTU_US @ 18300
2026-07-30 02:16:33.977 | INFO | FUTU_US | [DB CHECKPOINT] FUTU_US @ 18400
2026-07-30 02:16:34.579 | INFO | FUTU_US | [DB CHECKPOINT] FUTU_US @ 18500
2026-07-30 02:16:34.585 | INFO | FUTU_US | [FUTU_US] 账户: 总资产=$9,999,920.01 现金=$9,996,058.01 证券=$3,862.00 冻结=$0.00 购买力=$19,995,978.02 (USD)
2026-07-30 02:16:34.679 | INFO | FUTU_US | [DB CHECKPOINT] FUTU_US @ 18600
2026-07-30 02:16:34.847 | INFO | FUTU_US | [DB CHECKPOINT] FUTU_US @ 18700
2026-07-30 02:16:35.006 | INFO | FUTU_US | [DB CHECKPOINT] FUTU_US @ 18800
2026-07-30 02:16:35.249 | INFO | FUTU_US | [DB CHECKPOINT] FUTU_US @ 18900
2026-07-30 02:16:35.393 | INFO | FUTU_US | [DB CHECKPOINT] FUTU_US @ 19000
2026-07-30 02:16:35.451 | INFO | FUTU_US | [DB CHECKPOINT] FUTU_US @ 19100
2026-07-30 02:16:35.644 | INFO | FUTU_US | [DB CHECKPOINT] FUTU_US @ 19200
2026-07-30 02:16:35.811 | INFO | FUTU_US | [DB CHECKPOINT] FUTU_US @ 19300
2026-07-30 02:16:35.966 | INFO | FUTU_US | [DB CHECKPOINT] FUTU_US @ 19400
2026-07-30 02:16:36.106 | INFO | FUTU_US | [DB CHECKPOINT] FUTU_US @ 19500
2026-07-30 02:16:36.352 | INFO | FUTU_US | [DB CHECKPOINT] FUTU_US @ 19600
2026-07-30 02:16:36.499 | INFO | FUTU_US | [DB CHECKPOINT] FUTU_US @ 19700
2026-07-30 02:16:36.662 | INFO | FUTU_US | [DB CHECKPOINT] FUTU_US @ 19800
2026-07-30 02:16:36.977 | INFO | FUTU_US | [DB CHECKPOINT] FUTU_US @ 19900
2026-07-30 02:16:37.551 | INFO | FUTU_US | [DB CHECKPOINT] FUTU_US @ 20000
2026-07-30 02:16:38.233 | INFO | FUTU_US | [DB CHECKPOINT] FUTU_US @ 20100
2026-07-30 02:16:38.429 | INFO | FUTU_US | [DB CHECKPOINT] FUTU_US @ 20200
2026-07-30 02:16:38.496 | INFO | FUTU_HK | [FUTU_HK] 账户: 总资产=$823,936.69 现金=$635,296.69 证券=$188,640.00 冻结=$0.00 购买力=$635,296.69 (HKD)
2026-07-30 02:16:38.638 | INFO | FUTU_US | [DB CHECKPOINT] FUTU_US @ 20300
2026-07-30 02:16:38.806 | INFO | FUTU_US | [DB CHECKPOINT] FUTU_US @ 20400
2026-07-30 02:16:38.923 | INFO | FUTU_US | [DB CHECKPOINT] FUTU_US @ 20500
2026-07-30 02:16:39.111 | INFO | FUTU_US | [DB CHECKPOINT] FUTU_US @ 20600
2026-07-30 02:16:39.370 | INFO | FUTU_US | [DB CHECKPOINT] FUTU_US @ 20700
2026-07-30 02:27:24.100 | INFO | FUTU_US | [FUTU_US] 行情接口连接成功（含多周期K线+TICKER）
2026-07-30 02:27:24.114 | INFO | FUTU_US | [FUTU_US] 交易接口解锁提示: 请使用OpenD页面右上角解锁按钮解锁交易，GUI版本OpenD已屏蔽解锁接口
2026-07-30 02:27:24.118 | INFO | FUTU_US | [FUTU_US] 账户列表 (共 2 个):
2026-07-30 02:27:24.119 | INFO | FUTU_US |   acc_id=281756478840044880 env=REAL type=MARGIN sim_type=N/A status=ACTIVE
2026-07-30 02:27:24.119 | INFO | FUTU_US |   acc_id=20074546 env=SIMULATE type=MARGIN sim_type=STOCK_AND_OPTION status=ACTIVE
2026-07-30 02:27:24.119 | INFO | FUTU_US | [FUTU_US] ✅ 选中: 美股模拟(股票+期权) acc_id=20074546
2026-07-30 02:27:24.119 | INFO | FUTU_US | [FUTU_US] 交易接口连接成功 (最终 acc_id=20074546)
2026-07-30 02:27:24.119 | INFO | FUTU_US | [FUTU_US] 警告：main_engine 为 None，无法自注册
2026-07-30 02:27:24.143 | INFO | FUTU_US | [FUTU_US] ✅ Tick 落盘监听器已注册 (EVENT_TICK)
2026-07-30 02:27:24.149 | INFO | FUTU_HK | [FUTU_HK] 行情接口连接成功（含多周期K线+TICKER）
2026-07-30 02:27:24.160 | INFO | FUTU_HK | [FUTU_HK] 交易接口解锁提示: 请使用OpenD页面右上角解锁按钮解锁交易，GUI版本OpenD已屏蔽解锁接口
2026-07-30 02:27:24.165 | INFO | FUTU_HK | [FUTU_HK] 账户列表 (共 3 个):
2026-07-30 02:27:24.166 | INFO | FUTU_HK |   acc_id=281756478840044880 env=REAL type=MARGIN sim_type=N/A status=ACTIVE
2026-07-30 02:27:24.166 | INFO | FUTU_HK |   acc_id=19110066 env=SIMULATE type=CASH sim_type=STOCK status=ACTIVE
2026-07-30 02:27:24.167 | INFO | FUTU_HK |   acc_id=19110071 env=SIMULATE type=MARGIN sim_type=OPTION status=ACTIVE
2026-07-30 02:27:24.167 | INFO | FUTU_HK | [FUTU_HK] ⚠️ 降级现金模拟 acc_id=19110066
2026-07-30 02:27:24.168 | INFO | FUTU_HK | [FUTU_HK] 交易接口连接成功 (最终 acc_id=19110066)
2026-07-30 02:27:24.168 | INFO | FUTU_HK | [FUTU_HK] 警告：main_engine 为 None，无法自注册
2026-07-30 02:27:24.893 | INFO | CtaStrategy | CTA策略引擎初始化成功
2026-07-30 02:27:25.094 | INFO | CtaStrategy | CTA策略引擎初始化成功
2026-07-30 02:27:34.965 | INFO | FUTU_HK | [FUTU_HK] 合约查询完成: 21257 个
2026-07-30 02:27:34.970 | INFO | FUTU_HK | [FUTU_HK] 查询成交失败: 模拟交易不支持成交数据
2026-07-30 02:27:34.990 | INFO | FUTU_HK | [FUTU_HK] 调试 accinfo 字段: ['power', 'max_power_short', 'net_cash_power', 'total_assets', 'securities_assets', 'fund_assets', 'bond_assets', 'cash', 'market_val', 'long_mv', 'short_mv', 'pending_asset', 'interest_charged_amount', 'frozen_cash', 'avl_withdrawal_cash', 'max_withdrawal', 'currency', 'available_funds', 'unrealized_pl', 'realized_pl', 'risk_level', 'risk_status', 'initial_margin', 'margin_call_margin', 'maintenance_margin', 'hk_cash', 'hk_avl_withdrawal_cash', 'hkd_net_cash_power', 'hkd_assets', 'us_cash', 'us_avl_withdrawal_cash', 'usd_net_cash_power', 'usd_assets', 'cn_cash', 'cn_avl_withdrawal_cash', 'cnh_net_cash_power', 'cnh_assets', 'jp_cash', 'jp_avl_withdrawal_cash', 'jpy_net_cash_power', 'jpy_assets', 'sg_cash', 'sg_avl_withdrawal_cash', 'sgd_net_cash_power', 'sgd_assets', 'au_cash', 'au_avl_withdrawal_cash', 'aud_net_cash_power', 'aud_assets', 'ca_cash', 'ca_avl_withdrawal_cash', 'cad_net_cash_power', 'cad_assets', 'my_cash', 'my_avl_withdrawal_cash', 'myr_net_cash_power', 'myr_assets', 'is_pdt', 'pdt_seq', 'beginning_dtbp', 'remaining_dtbp', 'dt_call_amount', 'dt_status']
2026-07-30 02:27:34.991 | INFO | FUTU_HK | [FUTU_HK] 账户: 总资产=$823,936.69 现金=$635,296.69 证券=$188,640.00 冻结=$0.00 购买力=$635,296.69 (HKD)
2026-07-30 02:27:36.279 | INFO | FUTU_US | [FUTU_US] 合约查询完成: 20579 个
2026-07-30 02:27:36.286 | INFO | FUTU_US | [FUTU_US] 查询成交失败: 模拟交易不支持成交数据
2026-07-30 02:27:36.306 | INFO | FUTU_US | [FUTU_US] 调试 accinfo 字段: ['power', 'max_power_short', 'net_cash_power', 'total_assets', 'securities_assets', 'fund_assets', 'bond_assets', 'cash', 'market_val', 'long_mv', 'short_mv', 'pending_asset', 'interest_charged_amount', 'frozen_cash', 'avl_withdrawal_cash', 'max_withdrawal', 'currency', 'available_funds', 'unrealized_pl', 'realized_pl', 'risk_level', 'risk_status', 'initial_margin', 'margin_call_margin', 'maintenance_margin', 'hk_cash', 'hk_avl_withdrawal_cash', 'hkd_net_cash_power', 'hkd_assets', 'us_cash', 'us_avl_withdrawal_cash', 'usd_net_cash_power', 'usd_assets', 'cn_cash', 'cn_avl_withdrawal_cash', 'cnh_net_cash_power', 'cnh_assets', 'jp_cash', 'jp_avl_withdrawal_cash', 'jpy_net_cash_power', 'jpy_assets', 'sg_cash', 'sg_avl_withdrawal_cash', 'sgd_net_cash_power', 'sgd_assets', 'au_cash', 'au_avl_withdrawal_cash', 'aud_net_cash_power', 'aud_assets', 'ca_cash', 'ca_avl_withdrawal_cash', 'cad_net_cash_power', 'cad_assets', 'my_cash', 'my_avl_withdrawal_cash', 'myr_net_cash_power', 'myr_assets', 'is_pdt', 'pdt_seq', 'beginning_dtbp', 'remaining_dtbp', 'dt_call_amount', 'dt_status']
2026-07-30 02:27:36.307 | INFO | FUTU_US | [FUTU_US] 账户: 总资产=$9,999,915.21 现金=$9,996,058.01 证券=$3,857.20 冻结=$0.00 购买力=$19,995,973.22 (USD)
2026-07-30 02:27:37.209 | INFO | FUTU_HK | [FUTU_HK] 账户: 总资产=$823,936.69 现金=$635,296.69 证券=$188,640.00 冻结=$0.00 购买力=$635,296.69 (HKD)
2026-07-30 02:27:39.039 | INFO | FUTU_US | [FUTU_US] 账户: 总资产=$9,999,915.21 现金=$9,996,058.01 证券=$3,857.20 冻结=$0.00 购买力=$19,995,973.22 (USD)
2026-07-30 02:27:43.210 | INFO | FUTU_HK | [FUTU_HK] 账户: 总资产=$823,936.69 现金=$635,296.69 证券=$188,640.00 冻结=$0.00 购买力=$635,296.69 (HKD)
2026-07-30 02:27:45.042 | INFO | FUTU_US | [FUTU_US] 账户: 总资产=$9,999,915.21 现金=$9,996,058.01 证券=$3,857.20 冻结=$0.00 购买力=$19,995,973.22 (USD)
2026-07-30 02:27:48.265 | INFO | CtaStrategy | 策略GridStrategy_AAPL移除成功
2026-07-30 02:27:48.771 | INFO | CtaStrategy | [GridStrategy_AAPL]  AI参数已加载: ['grid_step', 'grid_levels', 'fixed_size', 'upper_bound', 'lower_bound']
2026-07-30 02:27:48.771 | INFO | CtaStrategy | [GridStrategy_AAPL]  [INIT] GridStrategy_AAPL | AAPL.SMART | US=True HK=False v1
2026-07-30 02:27:48.774 | INFO | CtaStrategy | GridStrategy_AAPL开始执行初始化
2026-07-30 02:27:48.775 | INFO | CtaStrategy | [GridStrategy_AAPL]  ✅ GridStrategy_AAPL 初始化完成 (v1)
2026-07-30 02:27:48.775 | INFO | CtaStrategy | [GridStrategy_AAPL]  网格策略初始化 | 层数=5 ATR间距=True
2026-07-30 02:27:48.775 | INFO | MainEngine | 订阅行情 -> FUTU_US：SubscribeRequest(symbol='AAPL', exchange=<Exchange.SMART: 'SMART'>)
2026-07-30 02:27:48.776 | INFO | FUTU_US | [FUTU_US] 订阅参数: US.AAPL session=ALL
2026-07-30 02:27:48.776 | INFO | CtaStrategy | 策略GridStrategy_AAPL启动失败，请先初始化
2026-07-30 02:27:48.779 | INFO | CtaStrategy | 策略GridStrategy_AMD移除成功
2026-07-30 02:27:48.816 | INFO | FUTU_US | [FUTU_US] ✅ 全套订阅成功: US.AAPL
2026-07-30 02:27:48.816 | INFO | CtaStrategy | GridStrategy_AAPL初始化完成
2026-07-30 02:27:49.216 | INFO | FUTU_HK | [FUTU_HK] 账户: 总资产=$823,936.69 现金=$635,296.69 证券=$188,640.00 冻结=$0.00 购买力=$635,296.69 (HKD)
2026-07-30 02:27:49.285 | INFO | CtaStrategy | [GridStrategy_AMD]  AI参数已加载: ['grid_step', 'grid_levels', 'fixed_size', 'upper_bound', 'lower_bound']
2026-07-30 02:27:49.285 | INFO | CtaStrategy | [GridStrategy_AMD]  [INIT] GridStrategy_AMD | AMD.SMART | US=True HK=False v1
2026-07-30 02:27:49.287 | INFO | CtaStrategy | 策略GridStrategy_AMD启动失败，请先初始化
2026-07-30 02:27:49.288 | INFO | CtaStrategy | GridStrategy_AMD开始执行初始化
2026-07-30 02:27:49.289 | INFO | CtaStrategy | [GridStrategy_AMD]  ✅ GridStrategy_AMD 初始化完成 (v1)
2026-07-30 02:27:49.289 | INFO | CtaStrategy | [GridStrategy_AMD]  网格策略初始化 | 层数=5 ATR间距=True
2026-07-30 02:27:49.289 | INFO | MainEngine | 订阅行情 -> FUTU_US：SubscribeRequest(symbol='AMD', exchange=<Exchange.SMART: 'SMART'>)
2026-07-30 02:27:49.290 | INFO | FUTU_US | [FUTU_US] 订阅参数: US.AMD session=ALL
2026-07-30 02:27:49.293 | INFO | CtaStrategy | 策略GridStrategy_AMZN移除成功
2026-07-30 02:27:49.316 | INFO | FUTU_US | [FUTU_US] ✅ 全套订阅成功: US.AMD
2026-07-30 02:27:49.317 | INFO | CtaStrategy | GridStrategy_AMD初始化完成
2026-07-30 02:27:49.796 | INFO | CtaStrategy | [GridStrategy_AMZN]  AI参数已加载: ['grid_step', 'grid_levels', 'fixed_size', 'upper_bound', 'lower_bound']
2026-07-30 02:27:49.796 | INFO | CtaStrategy | [GridStrategy_AMZN]  [INIT] GridStrategy_AMZN | AMZN.SMART | US=True HK=False v1
2026-07-30 02:27:49.798 | INFO | CtaStrategy | 策略GridStrategy_AMZN启动失败，请先初始化
2026-07-30 02:27:49.799 | INFO | CtaStrategy | GridStrategy_AMZN开始执行初始化
2026-07-30 02:27:49.800 | INFO | CtaStrategy | [GridStrategy_AMZN]  ✅ GridStrategy_AMZN 初始化完成 (v1)
2026-07-30 02:27:49.800 | INFO | CtaStrategy | [GridStrategy_AMZN]  网格策略初始化 | 层数=5 ATR间距=True
2026-07-30 02:27:49.801 | INFO | MainEngine | 订阅行情 -> FUTU_US：SubscribeRequest(symbol='AMZN', exchange=<Exchange.SMART: 'SMART'>)
2026-07-30 02:27:49.801 | INFO | FUTU_US | [FUTU_US] 订阅参数: US.AMZN session=ALL
2026-07-30 02:27:49.804 | INFO | CtaStrategy | 策略GridStrategy_BABA移除成功
2026-07-30 02:27:49.837 | INFO | FUTU_US | [FUTU_US] ✅ 全套订阅成功: US.AMZN
2026-07-30 02:27:49.837 | INFO | CtaStrategy | GridStrategy_AMZN初始化完成
2026-07-30 02:27:50.132 | INFO | FUTU_US | [DB CHECKPOINT] FUTU_US @ 100
2026-07-30 02:27:50.307 | INFO | CtaStrategy | [GridStrategy_BABA]  AI参数已加载: ['grid_step', 'grid_levels', 'fixed_size', 'upper_bound', 'lower_bound']
2026-07-30 02:27:50.308 | INFO | CtaStrategy | [GridStrategy_BABA]  [INIT] GridStrategy_BABA | BABA.SMART | US=True HK=False v1
2026-07-30 02:27:50.309 | INFO | CtaStrategy | 策略GridStrategy_BABA启动失败，请先初始化
2026-07-30 02:27:50.310 | INFO | CtaStrategy | GridStrategy_BABA开始执行初始化
2026-07-30 02:27:50.311 | INFO | CtaStrategy | [GridStrategy_BABA]  ✅ GridStrategy_BABA 初始化完成 (v1)
2026-07-30 02:27:50.311 | INFO | CtaStrategy | [GridStrategy_BABA]  网格策略初始化 | 层数=5 ATR间距=True
2026-07-30 02:27:50.312 | INFO | MainEngine | 订阅行情 -> FUTU_US：SubscribeRequest(symbol='BABA', exchange=<Exchange.SMART: 'SMART'>)
2026-07-30 02:27:50.312 | INFO | FUTU_US | [FUTU_US] 订阅参数: US.BABA session=ALL
2026-07-30 02:27:50.316 | INFO | CtaStrategy | 策略GridStrategy_GOOGL移除成功
2026-07-30 02:27:50.346 | INFO | FUTU_US | [FUTU_US] ✅ 全套订阅成功: US.BABA
2026-07-30 02:27:50.349 | INFO | CtaStrategy | GridStrategy_BABA初始化完成
2026-07-30 02:27:50.826 | INFO | CtaStrategy | [GridStrategy_GOOGL]  AI参数已加载: ['grid_step', 'grid_levels', 'fixed_size', 'upper_bound', 'lower_bound']
2026-07-30 02:27:50.827 | INFO | CtaStrategy | [GridStrategy_GOOGL]  [INIT] GridStrategy_GOOGL | GOOGL.SMART | US=True HK=False v1
2026-07-30 02:27:50.830 | INFO | CtaStrategy | 策略GridStrategy_GOOGL启动失败，请先初始化
2026-07-30 02:27:50.830 | INFO | CtaStrategy | GridStrategy_GOOGL开始执行初始化
2026-07-30 02:27:50.831 | INFO | CtaStrategy | [GridStrategy_GOOGL]  ✅ GridStrategy_GOOGL 初始化完成 (v1)
2026-07-30 02:27:50.831 | INFO | CtaStrategy | [GridStrategy_GOOGL]  网格策略初始化 | 层数=5 ATR间距=True
2026-07-30 02:27:50.831 | INFO | MainEngine | 订阅行情 -> FUTU_US：SubscribeRequest(symbol='GOOGL', exchange=<Exchange.SMART: 'SMART'>)
2026-07-30 02:27:50.831 | INFO | FUTU_US | [FUTU_US] 订阅参数: US.GOOGL session=ALL
2026-07-30 02:27:50.835 | INFO | CtaStrategy | 策略GridStrategy_META移除成功
2026-07-30 02:27:50.869 | INFO | FUTU_US | [FUTU_US] ✅ 全套订阅成功: US.GOOGL
2026-07-30 02:27:50.875 | INFO | CtaStrategy | GridStrategy_GOOGL初始化完成
2026-07-30 02:27:50.995 | INFO | FUTU_US | [DB CHECKPOINT] FUTU_US @ 200
2026-07-30 02:27:51.043 | INFO | FUTU_US | [FUTU_US] 账户: 总资产=$9,999,915.21 现金=$9,996,058.01 证券=$3,857.20 冻结=$0.00 购买力=$19,995,973.22 (USD)
2026-07-30 02:27:51.342 | INFO | CtaStrategy | [GridStrategy_META]  AI参数已加载: ['grid_step', 'grid_levels', 'fixed_size', 'upper_bound', 'lower_bound']
2026-07-30 02:27:51.343 | INFO | CtaStrategy | [GridStrategy_META]  [INIT] GridStrategy_META | META.SMART | US=True HK=False v1
2026-07-30 02:27:51.345 | INFO | CtaStrategy | 策略GridStrategy_META启动失败，请先初始化
2026-07-30 02:27:51.346 | INFO | CtaStrategy | GridStrategy_META开始执行初始化
2026-07-30 02:27:51.346 | INFO | CtaStrategy | [GridStrategy_META]  ✅ GridStrategy_META 初始化完成 (v1)
2026-07-30 02:27:51.346 | INFO | CtaStrategy | [GridStrategy_META]  网格策略初始化 | 层数=5 ATR间距=True
2026-07-30 02:27:51.347 | INFO | MainEngine | 订阅行情 -> FUTU_US：SubscribeRequest(symbol='META', exchange=<Exchange.SMART: 'SMART'>)
2026-07-30 02:27:51.347 | INFO | FUTU_US | [FUTU_US] 订阅参数: US.META session=ALL
2026-07-30 02:27:51.350 | INFO | CtaStrategy | 策略GridStrategy_MSFT移除成功
2026-07-30 02:27:51.374 | INFO | FUTU_US | [FUTU_US] ✅ 全套订阅成功: US.META
2026-07-30 02:27:51.374 | INFO | CtaStrategy | GridStrategy_META初始化完成
2026-07-30 02:27:51.547 | INFO | FUTU_US | [DB CHECKPOINT] FUTU_US @ 300
2026-07-30 02:27:51.732 | INFO | FUTU_US | [DB CHECKPOINT] FUTU_US @ 400
2026-07-30 02:27:51.905 | INFO | CtaStrategy | [GridStrategy_MSFT]  AI参数已加载: ['grid_step', 'grid_levels', 'fixed_size', 'upper_bound', 'lower_bound']
2026-07-30 02:27:51.906 | INFO | CtaStrategy | [GridStrategy_MSFT]  [INIT] GridStrategy_MSFT | MSFT.SMART | US=True HK=False v1
2026-07-30 02:27:51.908 | INFO | CtaStrategy | 策略GridStrategy_MSFT启动失败，请先初始化
2026-07-30 02:27:51.908 | INFO | CtaStrategy | GridStrategy_MSFT开始执行初始化
2026-07-30 02:27:51.908 | INFO | CtaStrategy | [GridStrategy_MSFT]  ✅ GridStrategy_MSFT 初始化完成 (v1)
2026-07-30 02:27:51.909 | INFO | CtaStrategy | [GridStrategy_MSFT]  网格策略初始化 | 层数=5 ATR间距=True
2026-07-30 02:27:51.909 | INFO | MainEngine | 订阅行情 -> FUTU_US：SubscribeRequest(symbol='MSFT', exchange=<Exchange.SMART: 'SMART'>)
2026-07-30 02:27:51.910 | INFO | FUTU_US | [FUTU_US] 订阅参数: US.MSFT session=ALL
2026-07-30 02:27:51.913 | INFO | CtaStrategy | 策略GridStrategy_NFLX移除成功
2026-07-30 02:27:51.942 | INFO | FUTU_US | [FUTU_US] ✅ 全套订阅成功: US.MSFT
2026-07-30 02:27:51.944 | INFO | CtaStrategy | GridStrategy_MSFT初始化完成
2026-07-30 02:27:52.190 | INFO | FUTU_US | [DB CHECKPOINT] FUTU_US @ 500
2026-07-30 02:27:52.417 | INFO | CtaStrategy | [GridStrategy_NFLX]  AI参数已加载: ['grid_step', 'grid_levels', 'fixed_size', 'upper_bound', 'lower_bound']
2026-07-30 02:27:52.417 | INFO | CtaStrategy | [GridStrategy_NFLX]  [INIT] GridStrategy_NFLX | NFLX.SMART | US=True HK=False v1
2026-07-30 02:27:52.420 | INFO | CtaStrategy | 策略GridStrategy_NFLX启动失败，请先初始化
2026-07-30 02:27:52.420 | INFO | CtaStrategy | GridStrategy_NFLX开始执行初始化
2026-07-30 02:27:52.421 | INFO | CtaStrategy | [GridStrategy_NFLX]  ✅ GridStrategy_NFLX 初始化完成 (v1)
2026-07-30 02:27:52.421 | INFO | CtaStrategy | [GridStrategy_NFLX]  网格策略初始化 | 层数=5 ATR间距=True
2026-07-30 02:27:52.421 | INFO | MainEngine | 订阅行情 -> FUTU_US：SubscribeRequest(symbol='NFLX', exchange=<Exchange.SMART: 'SMART'>)
2026-07-30 02:27:52.422 | INFO | FUTU_US | [FUTU_US] 订阅参数: US.NFLX session=ALL
2026-07-30 02:27:52.425 | INFO | CtaStrategy | 策略GridStrategy_NVDA移除成功
2026-07-30 02:27:52.472 | INFO | FUTU_US | [FUTU_US] ✅ 全套订阅成功: US.NFLX
2026-07-30 02:27:52.473 | INFO | CtaStrategy | GridStrategy_NFLX初始化完成
2026-07-30 02:27:52.558 | INFO | FUTU_US | [DB CHECKPOINT] FUTU_US @ 600
2026-07-30 02:27:52.929 | INFO | CtaStrategy | [GridStrategy_NVDA]  AI参数已加载: ['grid_step', 'grid_levels', 'fixed_size', 'upper_bound', 'lower_bound']
2026-07-30 02:27:52.929 | INFO | CtaStrategy | [GridStrategy_NVDA]  [INIT] GridStrategy_NVDA | NVDA.SMART | US=True HK=False v1
2026-07-30 02:27:52.931 | INFO | CtaStrategy | 策略GridStrategy_NVDA启动失败，请先初始化
2026-07-30 02:27:52.933 | INFO | CtaStrategy | GridStrategy_NVDA开始执行初始化
2026-07-30 02:27:52.933 | INFO | CtaStrategy | [GridStrategy_NVDA]  ✅ GridStrategy_NVDA 初始化完成 (v1)
2026-07-30 02:27:52.934 | INFO | CtaStrategy | [GridStrategy_NVDA]  网格策略初始化 | 层数=5 ATR间距=True
2026-07-30 02:27:52.934 | INFO | MainEngine | 订阅行情 -> FUTU_US：SubscribeRequest(symbol='NVDA', exchange=<Exchange.SMART: 'SMART'>)
2026-07-30 02:27:52.934 | INFO | FUTU_US | [FUTU_US] 订阅参数: US.NVDA session=ALL
2026-07-30 02:27:52.938 | INFO | CtaStrategy | 策略GridStrategy_TSLA移除成功
2026-07-30 02:27:52.964 | INFO | FUTU_US | [FUTU_US] ✅ 全套订阅成功: US.NVDA
2026-07-30 02:27:52.964 | INFO | CtaStrategy | GridStrategy_NVDA初始化完成
2026-07-30 02:27:53.007 | INFO | FUTU_US | [DB CHECKPOINT] FUTU_US @ 700
2026-07-30 02:27:53.337 | INFO | FUTU_US | [DB CHECKPOINT] FUTU_US @ 800
2026-07-30 02:27:53.441 | INFO | CtaStrategy | [GridStrategy_TSLA]  AI参数已加载: ['grid_step', 'grid_levels', 'fixed_size', 'upper_bound', 'lower_bound']
2026-07-30 02:27:53.441 | INFO | CtaStrategy | [GridStrategy_TSLA]  [INIT] GridStrategy_TSLA | TSLA.SMART | US=True HK=False v1
2026-07-30 02:27:53.443 | INFO | CtaStrategy | 策略GridStrategy_TSLA启动失败，请先初始化
2026-07-30 02:27:53.444 | INFO | CtaStrategy | GridStrategy_TSLA开始执行初始化
2026-07-30 02:27:53.444 | INFO | CtaStrategy | [GridStrategy_TSLA]  ✅ GridStrategy_TSLA 初始化完成 (v1)
2026-07-30 02:27:53.445 | INFO | CtaStrategy | [GridStrategy_TSLA]  网格策略初始化 | 层数=5 ATR间距=True
2026-07-30 02:27:53.445 | INFO | MainEngine | 订阅行情 -> FUTU_US：SubscribeRequest(symbol='TSLA', exchange=<Exchange.SMART: 'SMART'>)
2026-07-30 02:27:53.446 | INFO | FUTU_US | [FUTU_US] 订阅参数: US.TSLA session=ALL
2026-07-30 02:27:53.483 | INFO | FUTU_US | [FUTU_US] ✅ 全套订阅成功: US.TSLA
2026-07-30 02:27:53.485 | INFO | CtaStrategy | GridStrategy_TSLA初始化完成
2026-07-30 02:27:53.675 | INFO | FUTU_US | [DB CHECKPOINT] FUTU_US @ 900
2026-07-30 02:27:53.732 | INFO | FUTU_US | [DB CHECKPOINT] FUTU_US @ 1000
2026-07-30 02:27:54.017 | INFO | FUTU_US | [DB CHECKPOINT] FUTU_US @ 1100
2026-07-30 02:27:54.114 | INFO | FUTU_US | [DB CHECKPOINT] FUTU_US @ 1200
2026-07-30 02:27:54.254 | INFO | FUTU_US | [DB CHECKPOINT] FUTU_US @ 1300
2026-07-30 02:27:54.590 | INFO | FUTU_US | [DB CHECKPOINT] FUTU_US @ 1400
2026-07-30 02:27:54.923 | INFO | FUTU_US | [DB CHECKPOINT] FUTU_US @ 1500
2026-07-30 02:27:55.193 | INFO | FUTU_US | [DB CHECKPOINT] FUTU_US @ 1600
2026-07-30 02:27:55.223 | INFO | FUTU_HK | [FUTU_HK] 账户: 总资产=$823,936.69 现金=$635,296.69 证券=$188,640.00 冻结=$0.00 购买力=$635,296.69 (HKD)
2026-07-30 02:27:55.333 | INFO | FUTU_US | [DB CHECKPOINT] FUTU_US @ 1700
2026-07-30 02:27:55.491 | INFO | FUTU_US | [DB CHECKPOINT] FUTU_US @ 1800
2026-07-30 02:27:55.816 | INFO | FUTU_US | [DB CHECKPOINT] FUTU_US @ 1900
2026-07-30 02:27:55.960 | INFO | FUTU_US | [DB CHECKPOINT] FUTU_US @ 2000
2026-07-30 02:27:56.195 | INFO | FUTU_US | [DB CHECKPOINT] FUTU_US @ 2100
2026-07-30 02:27:56.600 | INFO | FUTU_US | [DB CHECKPOINT] FUTU_US @ 2200
2026-07-30 02:27:56.745 | INFO | FUTU_US | [DB CHECKPOINT] FUTU_US @ 2300
2026-07-30 02:27:57.039 | INFO | FUTU_US | [DB CHECKPOINT] FUTU_US @ 2400
2026-07-30 02:27:57.049 | INFO | FUTU_US | [FUTU_US] 账户: 总资产=$9,999,915.21 现金=$9,996,058.01 证券=$3,857.20 冻结=$0.00 购买力=$19,995,973.22 (USD)
2026-07-30 02:27:57.336 | INFO | FUTU_US | [DB CHECKPOINT] FUTU_US @ 2500
2026-07-30 02:27:57.612 | INFO | FUTU_US | [DB CHECKPOINT] FUTU_US @ 2600
2026-07-30 02:27:57.894 | INFO | FUTU_US | [DB CHECKPOINT] FUTU_US @ 2700
2026-07-30 02:27:58.199 | INFO | FUTU_US | [DB CHECKPOINT] FUTU_US @ 2800
2026-07-30 02:27:58.431 | INFO | FUTU_US | [DB CHECKPOINT] FUTU_US @ 2900
2026-07-30 02:27:58.729 | INFO | FUTU_US | [DB CHECKPOINT] FUTU_US @ 3000
2026-07-30 02:27:58.787 | INFO | FUTU_US | [DB CHECKPOINT] FUTU_US @ 3100
2026-07-30 02:27:58.984 | INFO | FUTU_US | [DB CHECKPOINT] FUTU_US @ 3200
2026-07-30 02:27:59.270 | INFO | FUTU_US | [DB CHECKPOINT] FUTU_US @ 3300
2026-07-30 02:27:59.485 | INFO | FUTU_US | [DB CHECKPOINT] FUTU_US @ 3400
2026-07-30 02:27:59.805 | INFO | FUTU_US | [DB CHECKPOINT] FUTU_US @ 3500
2026-07-30 02:28:00.011 | INFO | FUTU_US | [DB CHECKPOINT] FUTU_US @ 3600
2026-07-30 02:28:00.377 | INFO | FUTU_US | [DB CHECKPOINT] FUTU_US @ 3700
2026-07-30 02:28:00.599 | INFO | FUTU_US | [DB CHECKPOINT] FUTU_US @ 3800
2026-07-30 02:28:00.875 | INFO | FUTU_US | [DB CHECKPOINT] FUTU_US @ 3900
2026-07-30 02:28:01.118 | INFO | FUTU_US | [DB CHECKPOINT] FUTU_US @ 4000
2026-07-30 02:28:01.226 | INFO | FUTU_HK | [FUTU_HK] 账户: 总资产=$823,936.69 现金=$635,296.69 证券=$188,640.00 冻结=$0.00 购买力=$635,296.69 (HKD)
2026-07-30 02:28:01.298 | INFO | FUTU_US | [DB CHECKPOINT] FUTU_US @ 4100
2026-07-30 02:28:01.425 | INFO | FUTU_US | [DB CHECKPOINT] FUTU_US @ 4200
2026-07-30 02:28:01.784 | INFO | FUTU_US | [DB CHECKPOINT] FUTU_US @ 4300
2026-07-30 02:28:01.985 | INFO | FUTU_US | [DB CHECKPOINT] FUTU_US @ 4400
2026-07-30 02:28:02.007 | INFO | FUTU_US | [DB CHECKPOINT] FUTU_US @ 4500
2026-07-30 02:28:02.093 | INFO | FUTU_US | [DB CHECKPOINT] FUTU_US @ 4600
2026-07-30 02:28:02.143 | INFO | FUTU_US | [DB CHECKPOINT] FUTU_US @ 4700
2026-07-30 02:28:02.171 | INFO | FUTU_US | [DB CHECKPOINT] FUTU_US @ 4800
2026-07-30 02:28:02.232 | INFO | FUTU_US | [DB CHECKPOINT] FUTU_US @ 4900
2026-07-30 02:28:02.352 | INFO | FUTU_US | [DB CHECKPOINT] FUTU_US @ 5000
2026-07-30 02:28:02.446 | INFO | FUTU_US | [DB CHECKPOINT] FUTU_US @ 5100
2026-07-30 02:28:02.550 | INFO | FUTU_US | [DB CHECKPOINT] FUTU_US @ 5200
2026-07-30 02:28:02.627 | INFO | FUTU_US | [DB CHECKPOINT] FUTU_US @ 5300
2026-07-30 02:28:02.733 | INFO | FUTU_US | [DB CHECKPOINT] FUTU_US @ 5400
2026-07-30 02:28:02.768 | INFO | FUTU_US | [DB CHECKPOINT] FUTU_US @ 5500
2026-07-30 02:28:02.857 | INFO | FUTU_US | [DB CHECKPOINT] FUTU_US @ 5600
2026-07-30 02:28:02.925 | INFO | FUTU_US | [DB CHECKPOINT] FUTU_US @ 5700
2026-07-30 02:28:03.038 | INFO | FUTU_US | [DB CHECKPOINT] FUTU_US @ 5800
2026-07-30 02:28:03.066 | INFO | FUTU_US | [FUTU_US] 账户: 总资产=$9,999,915.21 现金=$9,996,058.01 证券=$3,857.20 冻结=$0.00 购买力=$19,995,973.22 (USD)
2026-07-30 02:28:03.133 | INFO | FUTU_US | [DB CHECKPOINT] FUTU_US @ 5900
2026-07-30 02:28:03.241 | INFO | FUTU_US | [DB CHECKPOINT] FUTU_US @ 6000
2026-07-30 02:28:03.414 | INFO | FUTU_US | [DB CHECKPOINT] FUTU_US @ 6100
2026-07-30 02:28:03.583 | INFO | FUTU_US | [DB CHECKPOINT] FUTU_US @ 6200
2026-07-30 02:28:03.790 | INFO | FUTU_US | [DB CHECKPOINT] FUTU_US @ 6300
2026-07-30 02:28:04.054 | INFO | FUTU_US | [DB CHECKPOINT] FUTU_US @ 6400
2026-07-30 02:28:04.244 | INFO | FUTU_US | [DB CHECKPOINT] FUTU_US @ 6500
2026-07-30 02:28:04.532 | INFO | FUTU_US | [DB CHECKPOINT] FUTU_US @ 6600
2026-07-30 02:28:04.784 | INFO | FUTU_US | [DB CHECKPOINT] FUTU_US @ 6700
2026-07-30 02:28:05.016 | INFO | FUTU_US | [DB CHECKPOINT] FUTU_US @ 6800
2026-07-30 02:28:05.195 | INFO | FUTU_US | [DB CHECKPOINT] FUTU_US @ 6900
2026-07-30 02:28:05.396 | INFO | FUTU_US | [DB CHECKPOINT] FUTU_US @ 7000
2026-07-30 02:28:05.571 | INFO | FUTU_US | [DB CHECKPOINT] FUTU_US @ 7100
2026-07-30 02:28:05.800 | INFO | FUTU_US | [DB CHECKPOINT] FUTU_US @ 7200
2026-07-30 02:28:05.996 | INFO | FUTU_US | [DB CHECKPOINT] FUTU_US @ 7300
2026-07-30 02:28:06.206 | INFO | FUTU_US | [DB CHECKPOINT] FUTU_US @ 7400
2026-07-30 02:28:06.325 | INFO | FUTU_US | [DB CHECKPOINT] FUTU_US @ 7500
2026-07-30 02:28:06.703 | INFO | FUTU_US | [DB CHECKPOINT] FUTU_US @ 7600
2026-07-30 02:28:06.905 | INFO | FUTU_US | [DB CHECKPOINT] FUTU_US @ 7700
2026-07-30 02:28:07.071 | INFO | FUTU_US | [DB CHECKPOINT] FUTU_US @ 7800
2026-07-30 02:28:07.230 | INFO | FUTU_HK | [FUTU_HK] 账户: 总资产=$823,936.69 现金=$635,296.69 证券=$188,640.00 冻结=$0.00 购买力=$635,296.69 (HKD)
2026-07-30 02:28:07.245 | INFO | FUTU_US | [DB CHECKPOINT] FUTU_US @ 7900
2026-07-30 02:28:07.585 | INFO | FUTU_US | [DB CHECKPOINT] FUTU_US @ 8000
2026-07-30 02:28:07.813 | INFO | FUTU_US | [DB CHECKPOINT] FUTU_US @ 8100
2026-07-30 02:28:08.169 | INFO | FUTU_US | [DB CHECKPOINT] FUTU_US @ 8200
2026-07-30 02:28:08.425 | INFO | FUTU_US | [DB CHECKPOINT] FUTU_US @ 8300
2026-07-30 02:28:08.538 | INFO | FUTU_US | [DB CHECKPOINT] FUTU_US @ 8400
2026-07-30 02:28:08.634 | INFO | FUTU_US | [DB CHECKPOINT] FUTU_US @ 8500
2026-07-30 02:28:08.732 | INFO | FUTU_US | [DB CHECKPOINT] FUTU_US @ 8600
2026-07-30 02:28:08.850 | INFO | FUTU_US | [DB CHECKPOINT] FUTU_US @ 8700
2026-07-30 02:28:09.036 | INFO | FUTU_US | [DB CHECKPOINT] FUTU_US @ 8800
2026-07-30 02:28:09.060 | INFO | FUTU_US | [FUTU_US] 账户: 总资产=$9,999,915.21 现金=$9,996,058.01 证券=$3,857.20 冻结=$0.00 购买力=$19,995,973.22 (USD)
2026-07-30 02:28:09.313 | INFO | FUTU_US | [DB CHECKPOINT] FUTU_US @ 8900
2026-07-30 02:28:09.621 | INFO | FUTU_US | [DB CHECKPOINT] FUTU_US @ 9000
2026-07-30 02:28:09.922 | INFO | FUTU_US | [DB CHECKPOINT] FUTU_US @ 9100
2026-07-30 02:28:10.202 | INFO | FUTU_US | [DB CHECKPOINT] FUTU_US @ 9200
2026-07-30 02:28:10.572 | INFO | FUTU_US | [DB CHECKPOINT] FUTU_US @ 9300
2026-07-30 02:28:11.004 | INFO | FUTU_US | [DB CHECKPOINT] FUTU_US @ 9400
2026-07-30 02:28:11.164 | INFO | FUTU_US | [DB CHECKPOINT] FUTU_US @ 9500
2026-07-30 02:28:11.407 | INFO | FUTU_US | [DB CHECKPOINT] FUTU_US @ 9600
2026-07-30 02:28:11.853 | INFO | FUTU_US | [DB CHECKPOINT] FUTU_US @ 9700
2026-07-30 02:28:11.954 | INFO | FUTU_US | [DB CHECKPOINT] FUTU_US @ 9800
2026-07-30 02:28:12.057 | INFO | FUTU_US | [DB CHECKPOINT] FUTU_US @ 9900
2026-07-30 02:28:12.189 | INFO | FUTU_US | [DB CHECKPOINT] FUTU_US @ 10000
2026-07-30 02:28:12.425 | INFO | FUTU_US | [DB CHECKPOINT] FUTU_US @ 10100
2026-07-30 02:28:12.664 | INFO | FUTU_US | [DB CHECKPOINT] FUTU_US @ 10200
2026-07-30 02:28:12.771 | INFO | FUTU_US | [DB CHECKPOINT] FUTU_US @ 10300
2026-07-30 02:28:13.065 | INFO | FUTU_US | [DB CHECKPOINT] FUTU_US @ 10400
2026-07-30 02:28:13.208 | INFO | FUTU_US | [DB CHECKPOINT] FUTU_US @ 10500
2026-07-30 02:28:13.232 | INFO | FUTU_HK | [FUTU_HK] 账户: 总资产=$823,936.69 现金=$635,296.69 证券=$188,640.00 冻结=$0.00 购买力=$635,296.69 (HKD)
2026-07-30 02:28:13.515 | INFO | FUTU_US | [DB CHECKPOINT] FUTU_US @ 10600
2026-07-30 02:28:13.854 | INFO | FUTU_US | [DB CHECKPOINT] FUTU_US @ 10700
2026-07-30 02:28:14.164 | INFO | FUTU_US | [DB CHECKPOINT] FUTU_US @ 10800
2026-07-30 02:28:14.471 | INFO | FUTU_US | [DB CHECKPOINT] FUTU_US @ 10900
2026-07-30 02:28:14.857 | INFO | FUTU_US | [DB CHECKPOINT] FUTU_US @ 11000
2026-07-30 02:28:15.236 | INFO | FUTU_US | [FUTU_US] 账户: 总资产=$9,999,915.21 现金=$9,996,058.01 证券=$3,857.20 冻结=$0.00 购买力=$19,995,973.22 (USD)
2026-07-30 02:28:15.512 | INFO | FUTU_US | [DB CHECKPOINT] FUTU_US @ 11100
2026-07-30 02:28:15.748 | INFO | FUTU_US | [DB CHECKPOINT] FUTU_US @ 11200
2026-07-30 02:28:16.083 | INFO | FUTU_US | [DB CHECKPOINT] FUTU_US @ 11300
2026-07-30 02:28:16.393 | INFO | FUTU_US | [DB CHECKPOINT] FUTU_US @ 11400
2026-07-30 02:28:16.684 | INFO | FUTU_US | [DB CHECKPOINT] FUTU_US @ 11500
2026-07-30 02:28:17.035 | INFO | FUTU_US | [DB CHECKPOINT] FUTU_US @ 11600
2026-07-30 02:28:17.638 | INFO | FUTU_US | [DB CHECKPOINT] FUTU_US @ 11700
2026-07-30 02:28:18.064 | INFO | FUTU_US | [DB CHECKPOINT] FUTU_US @ 11800
2026-07-30 02:28:18.386 | INFO | FUTU_US | [DB CHECKPOINT] FUTU_US @ 11900
2026-07-30 02:28:18.560 | INFO | FUTU_US | [DB CHECKPOINT] FUTU_US @ 12000
2026-07-30 02:28:18.856 | INFO | FUTU_US | [DB CHECKPOINT] FUTU_US @ 12100
2026-07-30 02:28:19.069 | INFO | FUTU_US | [DB CHECKPOINT] FUTU_US @ 12200
2026-07-30 02:28:19.264 | INFO | FUTU_HK | [FUTU_HK] 账户: 总资产=$823,936.69 现金=$635,296.69 证券=$188,640.00 冻结=$0.00 购买力=$635,296.69 (HKD)
2026-07-30 02:28:19.349 | INFO | FUTU_US | [DB CHECKPOINT] FUTU_US @ 12300
2026-07-30 02:28:19.655 | INFO | FUTU_US | [DB CHECKPOINT] FUTU_US @ 12400
2026-07-30 02:28:19.909 | INFO | FUTU_US | [DB CHECKPOINT] FUTU_US @ 12500
2026-07-30 02:28:20.226 | INFO | FUTU_US | [DB CHECKPOINT] FUTU_US @ 12600
2026-07-30 02:28:20.594 | INFO | FUTU_US | [DB CHECKPOINT] FUTU_US @ 12700
2026-07-30 02:28:21.243 | INFO | FUTU_US | [FUTU_US] 账户: 总资产=$9,999,915.21 现金=$9,996,058.01 证券=$3,857.20 冻结=$0.00 购买力=$19,995,973.22 (USD)
2026-07-30 02:28:21.247 | INFO | FUTU_US | [DB CHECKPOINT] FUTU_US @ 12800
2026-07-30 02:28:21.686 | INFO | FUTU_US | [DB CHECKPOINT] FUTU_US @ 12900
2026-07-30 02:28:21.995 | INFO | FUTU_US | [DB CHECKPOINT] FUTU_US @ 13000
2026-07-30 02:28:22.341 | INFO | FUTU_US | [DB CHECKPOINT] FUTU_US @ 13100
2026-07-30 02:28:22.629 | INFO | FUTU_US | [DB CHECKPOINT] FUTU_US @ 13200
2026-07-30 02:28:22.839 | INFO | FUTU_US | [DB CHECKPOINT] FUTU_US @ 13300
2026-07-30 02:28:23.040 | INFO | FUTU_US | [DB CHECKPOINT] FUTU_US @ 13400
2026-07-30 02:28:23.308 | INFO | FUTU_US | [DB CHECKPOINT] FUTU_US @ 13500
2026-07-30 02:28:23.514 | INFO | FUTU_US | [DB CHECKPOINT] FUTU_US @ 13600
2026-07-30 02:28:23.756 | INFO | FUTU_US | [DB CHECKPOINT] FUTU_US @ 13700
2026-07-30 02:28:23.951 | INFO | FUTU_US | [DB CHECKPOINT] FUTU_US @ 13800
2026-07-30 02:28:24.356 | INFO | FUTU_US | [DB CHECKPOINT] FUTU_US @ 13900
2026-07-30 02:28:24.492 | INFO | FUTU_US | [DB CHECKPOINT] FUTU_US @ 14000
2026-07-30 02:28:24.667 | INFO | FUTU_US | [DB CHECKPOINT] FUTU_US @ 14100
2026-07-30 02:28:24.973 | INFO | FUTU_US | [DB CHECKPOINT] FUTU_US @ 14200
2026-07-30 02:28:25.154 | INFO | FUTU_US | [DB CHECKPOINT] FUTU_US @ 14300
2026-07-30 02:28:25.253 | INFO | FUTU_HK | [FUTU_HK] 账户: 总资产=$823,936.69 现金=$635,296.69 证券=$188,640.00 冻结=$0.00 购买力=$635,296.69 (HKD)
2026-07-30 02:28:25.391 | INFO | FUTU_US | [DB CHECKPOINT] FUTU_US @ 14400
2026-07-30 02:28:25.623 | INFO | FUTU_US | [DB CHECKPOINT] FUTU_US @ 14500
2026-07-30 02:28:25.852 | INFO | FUTU_US | [DB CHECKPOINT] FUTU_US @ 14600
2026-07-30 02:28:26.114 | INFO | FUTU_US | [DB CHECKPOINT] FUTU_US @ 14700
2026-07-30 02:28:26.222 | INFO | FUTU_US | [DB CHECKPOINT] FUTU_US @ 14800
2026-07-30 02:28:26.519 | INFO | FUTU_US | [DB CHECKPOINT] FUTU_US @ 14900
2026-07-30 02:28:26.777 | INFO | FUTU_US | [DB CHECKPOINT] FUTU_US @ 15000
2026-07-30 02:28:27.194 | INFO | FUTU_US | [FUTU_US] 账户: 总资产=$9,999,915.21 现金=$9,996,058.01 证券=$3,857.20 冻结=$0.00 购买力=$19,995,973.22 (USD)
2026-07-30 02:28:27.265 | INFO | FUTU_US | [DB CHECKPOINT] FUTU_US @ 15100
2026-07-30 02:28:27.394 | INFO | FUTU_US | [DB CHECKPOINT] FUTU_US @ 15200
2026-07-30 02:28:27.545 | INFO | FUTU_US | [DB CHECKPOINT] FUTU_US @ 15300
2026-07-30 02:28:27.670 | INFO | FUTU_US | [DB CHECKPOINT] FUTU_US @ 15400
2026-07-30 02:28:27.966 | INFO | FUTU_US | [DB CHECKPOINT] FUTU_US @ 15500
2026-07-30 02:28:28.137 | INFO | FUTU_US | [DB CHECKPOINT] FUTU_US @ 15600
2026-07-30 02:28:28.355 | INFO | FUTU_US | [DB CHECKPOINT] FUTU_US @ 15700
2026-07-30 02:28:28.543 | INFO | FUTU_US | [DB CHECKPOINT] FUTU_US @ 15800
2026-07-30 02:28:28.705 | INFO | FUTU_US | [DB CHECKPOINT] FUTU_US @ 15900
2026-07-30 02:28:29.072 | INFO | FUTU_US | [DB CHECKPOINT] FUTU_US @ 16000
2026-07-30 02:28:29.350 | INFO | FUTU_US | [DB CHECKPOINT] FUTU_US @ 16100
2026-07-30 02:28:29.518 | INFO | FUTU_US | [DB CHECKPOINT] FUTU_US @ 16200
2026-07-30 02:28:29.775 | INFO | FUTU_US | [DB CHECKPOINT] FUTU_US @ 16300
2026-07-30 02:28:30.065 | INFO | FUTU_US | [DB CHECKPOINT] FUTU_US @ 16400
2026-07-30 02:28:30.339 | INFO | FUTU_US | [DB CHECKPOINT] FUTU_US @ 16500
2026-07-30 02:28:30.670 | INFO | FUTU_US | [DB CHECKPOINT] FUTU_US @ 16600
2026-07-30 02:28:30.845 | INFO | FUTU_US | [DB CHECKPOINT] FUTU_US @ 16700
2026-07-30 02:28:31.240 | INFO | FUTU_US | [DB CHECKPOINT] FUTU_US @ 16800
2026-07-30 02:28:31.274 | INFO | FUTU_HK | [FUTU_HK] 账户: 总资产=$823,936.69 现金=$635,296.69 证券=$188,640.00 冻结=$0.00 购买力=$635,296.69 (HKD)
2026-07-30 02:28:31.456 | INFO | FUTU_US | [DB CHECKPOINT] FUTU_US @ 16900
2026-07-30 02:28:31.783 | INFO | FUTU_US | [DB CHECKPOINT] FUTU_US @ 17000
2026-07-30 02:28:31.911 | INFO | FUTU_US | [DB CHECKPOINT] FUTU_US @ 17100
2026-07-30 02:28:32.424 | INFO | FUTU_US | [DB CHECKPOINT] FUTU_US @ 17200
2026-07-30 02:28:32.673 | INFO | FUTU_US | [DB CHECKPOINT] FUTU_US @ 17300
2026-07-30 02:28:32.814 | INFO | FUTU_US | [DB CHECKPOINT] FUTU_US @ 17400
2026-07-30 02:28:33.054 | INFO | FUTU_US | [DB CHECKPOINT] FUTU_US @ 17500
2026-07-30 02:28:33.195 | INFO | FUTU_US | [FUTU_US] 账户: 总资产=$9,999,915.21 现金=$9,996,058.01 证券=$3,857.20 冻结=$0.00 购买力=$19,995,973.22 (USD)
2026-07-30 02:28:33.261 | INFO | FUTU_US | [DB CHECKPOINT] FUTU_US @ 17600
2026-07-30 02:28:33.527 | INFO | FUTU_US | [DB CHECKPOINT] FUTU_US @ 17700
2026-07-30 02:28:33.733 | INFO | FUTU_US | [DB CHECKPOINT] FUTU_US @ 17800
2026-07-30 02:28:33.859 | INFO | FUTU_US | [DB CHECKPOINT] FUTU_US @ 17900
2026-07-30 02:28:34.090 | INFO | FUTU_US | [DB CHECKPOINT] FUTU_US @ 18000
2026-07-30 02:28:34.580 | INFO | FUTU_US | [DB CHECKPOINT] FUTU_US @ 18100
2026-07-30 02:28:34.887 | INFO | FUTU_US | [DB CHECKPOINT] FUTU_US @ 18200
2026-07-30 02:28:35.163 | INFO | FUTU_US | [DB CHECKPOINT] FUTU_US @ 18300
2026-07-30 02:28:35.461 | INFO | FUTU_US | [DB CHECKPOINT] FUTU_US @ 18400
2026-07-30 02:28:35.715 | INFO | FUTU_US | [DB CHECKPOINT] FUTU_US @ 18500
2026-07-30 02:28:35.926 | INFO | FUTU_US | [DB CHECKPOINT] FUTU_US @ 18600
2026-07-30 02:28:36.261 | INFO | FUTU_US | [DB CHECKPOINT] FUTU_US @ 18700
2026-07-30 02:28:36.499 | INFO | FUTU_US | [DB CHECKPOINT] FUTU_US @ 18800
2026-07-30 02:28:36.706 | INFO | FUTU_US | [DB CHECKPOINT] FUTU_US @ 18900
2026-07-30 02:28:36.855 | INFO | FUTU_US | [DB CHECKPOINT] FUTU_US @ 19000
2026-07-30 02:28:37.014 | INFO | FUTU_US | [DB CHECKPOINT] FUTU_US @ 19100
2026-07-30 02:28:37.224 | INFO | FUTU_US | [DB CHECKPOINT] FUTU_US @ 19200
2026-07-30 02:28:37.392 | INFO | FUTU_HK | [FUTU_HK] 账户: 总资产=$823,936.69 现金=$635,296.69 证券=$188,640.00 冻结=$0.00 购买力=$635,296.69 (HKD)
2026-07-30 02:28:37.477 | INFO | FUTU_US | [DB CHECKPOINT] FUTU_US @ 19300
2026-07-30 02:28:37.711 | INFO | FUTU_US | [DB CHECKPOINT] FUTU_US @ 19400
2026-07-30 02:28:37.990 | INFO | FUTU_US | [DB CHECKPOINT] FUTU_US @ 19500
2026-07-30 02:28:38.689 | INFO | FUTU_US | [DB CHECKPOINT] FUTU_US @ 19600
2026-07-30 02:28:38.965 | INFO | FUTU_US | [DB CHECKPOINT] FUTU_US @ 19700
2026-07-30 02:28:39.313 | INFO | FUTU_US | [FUTU_US] 账户: 总资产=$9,999,915.21 现金=$9,996,058.01 证券=$3,857.20 冻结=$0.00 购买力=$19,995,973.22 (USD)
2026-07-30 02:28:39.340 | INFO | FUTU_US | [DB CHECKPOINT] FUTU_US @ 19800
2026-07-30 02:28:39.589 | INFO | FUTU_US | [DB CHECKPOINT] FUTU_US @ 19900
2026-07-30 02:28:39.744 | INFO | FUTU_US | [DB CHECKPOINT] FUTU_US @ 20000
2026-07-30 02:28:39.998 | INFO | FUTU_US | [DB CHECKPOINT] FUTU_US @ 20100
2026-07-30 02:28:40.258 | INFO | FUTU_US | [DB CHECKPOINT] FUTU_US @ 20200
2026-07-30 02:28:40.606 | INFO | FUTU_US | [DB CHECKPOINT] FUTU_US @ 20300
2026-07-30 02:28:41.176 | INFO | FUTU_US | [DB CHECKPOINT] FUTU_US @ 20400
2026-07-30 02:28:41.458 | INFO | FUTU_US | [DB CHECKPOINT] FUTU_US @ 20500
2026-07-30 02:28:41.725 | INFO | FUTU_US | [DB CHECKPOINT] FUTU_US @ 20600
2026-07-30 02:28:41.905 | INFO | FUTU_US | [DB CHECKPOINT] FUTU_US @ 20700
2026-07-30 02:28:42.414 | INFO | FUTU_US | [DB CHECKPOINT] FUTU_US @ 20800
2026-07-30 02:28:42.891 | INFO | FUTU_US | [DB CHECKPOINT] FUTU_US @ 20900
2026-07-30 02:28:43.145 | INFO | FUTU_US | [DB CHECKPOINT] FUTU_US @ 21000
2026-07-30 02:28:43.421 | INFO | FUTU_HK | [FUTU_HK] 账户: 总资产=$823,936.69 现金=$635,296.69 证券=$188,640.00 冻结=$0.00 购买力=$635,296.69 (HKD)
2026-07-30 02:28:43.581 | INFO | FUTU_US | [DB CHECKPOINT] FUTU_US @ 21100
2026-07-30 02:28:43.909 | INFO | FUTU_US | [DB CHECKPOINT] FUTU_US @ 21200
2026-07-30 02:28:44.173 | INFO | FUTU_US | [DB CHECKPOINT] FUTU_US @ 21300
2026-07-30 02:28:44.633 | INFO | FUTU_US | [DB CHECKPOINT] FUTU_US @ 21400
2026-07-30 02:28:45.297 | INFO | FUTU_US | [FUTU_US] 账户: 总资产=$9,999,915.21 现金=$9,996,058.01 证券=$3,857.20 冻结=$0.00 购买力=$19,995,973.22 (USD)
2026-07-30 02:28:45.308 | INFO | FUTU_US | [DB CHECKPOINT] FUTU_US @ 21500
2026-07-30 02:28:45.565 | INFO | FUTU_US | [DB CHECKPOINT] FUTU_US @ 21600
2026-07-30 02:28:45.829 | INFO | FUTU_US | [DB CHECKPOINT] FUTU_US @ 21700
2026-07-30 02:28:46.037 | INFO | FUTU_US | [DB CHECKPOINT] FUTU_US @ 21800
2026-07-30 02:28:46.254 | INFO | FUTU_US | [DB CHECKPOINT] FUTU_US @ 21900
2026-07-30 02:28:46.509 | INFO | FUTU_US | [DB CHECKPOINT] FUTU_US @ 22000
2026-07-30 02:28:46.861 | INFO | FUTU_US | [DB CHECKPOINT] FUTU_US @ 22100
2026-07-30 02:28:47.144 | INFO | FUTU_US | [DB CHECKPOINT] FUTU_US @ 22200
2026-07-30 02:28:47.394 | INFO | FUTU_US | [DB CHECKPOINT] FUTU_US @ 22300
2026-07-30 02:28:47.588 | INFO | FUTU_US | [DB CHECKPOINT] FUTU_US @ 22400
2026-07-30 02:28:47.954 | INFO | FUTU_US | [DB CHECKPOINT] FUTU_US @ 22500
2026-07-30 02:28:48.512 | INFO | FUTU_US | [DB CHECKPOINT] FUTU_US @ 22600
2026-07-30 02:28:48.692 | INFO | FUTU_US | [DB CHECKPOINT] FUTU_US @ 22700
2026-07-30 02:28:48.969 | INFO | FUTU_US | [DB CHECKPOINT] FUTU_US @ 22800
2026-07-30 02:28:49.261 | INFO | FUTU_US | [DB CHECKPOINT] FUTU_US @ 22900
2026-07-30 02:28:49.440 | INFO | FUTU_US | [DB CHECKPOINT] FUTU_US @ 23000
2026-07-30 02:28:49.454 | INFO | FUTU_HK | [FUTU_HK] 账户: 总资产=$823,936.69 现金=$635,296.69 证券=$188,640.00 冻结=$0.00 购买力=$635,296.69 (HKD)
2026-07-30 02:28:49.689 | INFO | FUTU_US | [DB CHECKPOINT] FUTU_US @ 23100
2026-07-30 02:28:49.983 | INFO | FUTU_US | [DB CHECKPOINT] FUTU_US @ 23200
2026-07-30 02:28:50.232 | INFO | FUTU_US | [DB CHECKPOINT] FUTU_US @ 23300
2026-07-30 02:28:50.512 | INFO | FUTU_US | [DB CHECKPOINT] FUTU_US @ 23400
2026-07-30 02:28:50.765 | INFO | FUTU_US | [DB CHECKPOINT] FUTU_US @ 23500
2026-07-30 02:28:50.977 | INFO | FUTU_US | [DB CHECKPOINT] FUTU_US @ 23600
2026-07-30 02:28:51.323 | INFO | FUTU_US | [FUTU_US] 账户: 总资产=$9,999,915.21 现金=$9,996,058.01 证券=$3,857.20 冻结=$0.00 购买力=$19,995,973.22 (USD)
2026-07-30 02:28:51.324 | INFO | FUTU_US | [DB CHECKPOINT] FUTU_US @ 23700
2026-07-30 02:28:51.832 | INFO | FUTU_US | [DB CHECKPOINT] FUTU_US @ 23800
2026-07-30 02:28:53.432 | INFO | FUTU_US | [DB CHECKPOINT] FUTU_US @ 23900
2026-07-30 02:28:54.151 | INFO | FUTU_US | [DB CHECKPOINT] FUTU_US @ 24000
2026-07-30 02:28:56.544 | INFO | FUTU_HK | [FUTU_HK] 账户: 总资产=$823,936.69 现金=$635,296.69 证券=$188,640.00 冻结=$0.00 购买力=$635,296.69 (HKD)
2026-07-30 02:28:56.924 | INFO | FUTU_US | [DB CHECKPOINT] FUTU_US @ 24100
2026-07-30 02:28:57.576 | INFO | FUTU_US | [DB CHECKPOINT] FUTU_US @ 24200
2026-07-30 02:28:57.986 | INFO | FUTU_US | [FUTU_US] 账户: 总资产=$9,999,915.21 现金=$9,996,058.01 证券=$3,857.20 冻结=$0.00 购买力=$19,995,973.22 (USD)
2026-07-30 02:28:58.612 | INFO | FUTU_US | [DB CHECKPOINT] FUTU_US @ 24300
2026-07-30 02:28:59.225 | INFO | FUTU_US | [DB CHECKPOINT] FUTU_US @ 24400
2026-07-30 02:28:59.772 | INFO | FUTU_US | [DB CHECKPOINT] FUTU_US @ 24500
2026-07-30 02:29:00.262 | INFO | FUTU_US | [DB CHECKPOINT] FUTU_US @ 24600
2026-07-30 02:29:02.333 | INFO | FUTU_HK | [FUTU_HK] 账户: 总资产=$823,936.69 现金=$635,296.69 证券=$188,640.00 冻结=$0.00 购买力=$635,296.69 (HKD)
2026-07-30 02:29:02.592 | INFO | FUTU_US | [DB CHECKPOINT] FUTU_US @ 24700
2026-07-30 02:29:02.986 | INFO | FUTU_US | [DB CHECKPOINT] FUTU_US @ 24800
2026-07-30 02:29:03.529 | INFO | FUTU_US | [DB CHECKPOINT] FUTU_US @ 24900
2026-07-30 02:29:04.005 | INFO | FUTU_US | [FUTU_US] 账户: 总资产=$9,999,915.21 现金=$9,996,058.01 证券=$3,857.20 冻结=$0.00 购买力=$19,995,973.22 (USD)
2026-07-30 02:29:05.154 | INFO | FUTU_US | [DB CHECKPOINT] FUTU_US @ 25000
2026-07-30 02:29:05.474 | INFO | FUTU_US | [DB CHECKPOINT] FUTU_US @ 25100
2026-07-30 02:29:05.819 | INFO | FUTU_US | [DB CHECKPOINT] FUTU_US @ 25200
2026-07-30 02:29:06.102 | INFO | FUTU_US | [DB CHECKPOINT] FUTU_US @ 25300
2026-07-30 02:29:06.369 | INFO | FUTU_US | [DB CHECKPOINT] FUTU_US @ 25400
2026-07-30 02:29:06.654 | INFO | FUTU_US | [DB CHECKPOINT] FUTU_US @ 25500
2026-07-30 02:29:07.025 | INFO | FUTU_US | [DB CHECKPOINT] FUTU_US @ 25600
2026-07-30 02:29:07.281 | INFO | FUTU_US | [DB CHECKPOINT] FUTU_US @ 25700
2026-07-30 02:29:07.603 | INFO | FUTU_US | [DB CHECKPOINT] FUTU_US @ 25800
2026-07-30 02:29:08.243 | INFO | FUTU_HK | [FUTU_HK] 账户: 总资产=$823,936.69 现金=$635,296.69 证券=$188,640.00 冻结=$0.00 购买力=$635,296.69 (HKD)
2026-07-30 02:29:08.446 | INFO | FUTU_US | [DB CHECKPOINT] FUTU_US @ 25900
2026-07-30 02:29:08.646 | INFO | FUTU_US | [DB CHECKPOINT] FUTU_US @ 26000
2026-07-30 02:29:08.868 | INFO | FUTU_US | [DB CHECKPOINT] FUTU_US @ 26100
2026-07-30 02:29:09.107 | INFO | FUTU_US | [DB CHECKPOINT] FUTU_US @ 26200
2026-07-30 02:29:09.422 | INFO | FUTU_US | [DB CHECKPOINT] FUTU_US @ 26300
2026-07-30 02:29:09.633 | INFO | FUTU_US | [DB CHECKPOINT] FUTU_US @ 26400
2026-07-30 02:29:09.719 | INFO | FUTU_US | [DB CHECKPOINT] FUTU_US @ 26500
2026-07-30 02:29:09.856 | INFO | FUTU_US | [DB CHECKPOINT] FUTU_US @ 26600
2026-07-30 02:29:10.129 | INFO | FUTU_US | [FUTU_US] 账户: 总资产=$9,999,915.21 现金=$9,996,058.01 证券=$3,857.20 冻结=$0.00 购买力=$19,995,973.22 (USD)
2026-07-30 02:29:10.209 | INFO | FUTU_US | [DB CHECKPOINT] FUTU_US @ 26700
2026-07-30 02:29:10.413 | INFO | FUTU_US | [DB CHECKPOINT] FUTU_US @ 26800
2026-07-30 02:29:10.773 | INFO | FUTU_US | [DB CHECKPOINT] FUTU_US @ 26900
2026-07-30 02:29:10.935 | INFO | FUTU_US | [DB CHECKPOINT] FUTU_US @ 27000
2026-07-30 02:29:11.191 | INFO | FUTU_US | [DB CHECKPOINT] FUTU_US @ 27100
2026-07-30 02:29:11.481 | INFO | FUTU_US | [DB CHECKPOINT] FUTU_US @ 27200
2026-07-30 02:29:12.218 | INFO | FUTU_US | [DB CHECKPOINT] FUTU_US @ 27300
2026-07-30 02:29:12.449 | INFO | FUTU_US | [DB CHECKPOINT] FUTU_US @ 27400
2026-07-30 02:29:12.713 | INFO | FUTU_US | [DB CHECKPOINT] FUTU_US @ 27500
2026-07-30 02:29:12.974 | INFO | FUTU_US | [DB CHECKPOINT] FUTU_US @ 27600
2026-07-30 02:29:13.277 | INFO | FUTU_US | [DB CHECKPOINT] FUTU_US @ 27700
2026-07-30 02:29:13.593 | INFO | FUTU_US | [DB CHECKPOINT] FUTU_US @ 27800
2026-07-30 02:29:13.861 | INFO | FUTU_US | [DB CHECKPOINT] FUTU_US @ 27900
2026-07-30 02:29:13.963 | INFO | FUTU_US | [DB CHECKPOINT] FUTU_US @ 28000
2026-07-30 02:29:14.102 | INFO | FUTU_HK | [FUTU_HK] 账户: 总资产=$823,936.69 现金=$635,296.69 证券=$188,640.00 冻结=$0.00 购买力=$635,296.69 (HKD)
2026-07-30 02:29:14.104 | INFO | FUTU_US | [DB CHECKPOINT] FUTU_US @ 28100
2026-07-30 02:29:14.242 | INFO | FUTU_US | [DB CHECKPOINT] FUTU_US @ 28200
2026-07-30 02:29:14.354 | INFO | FUTU_US | [DB CHECKPOINT] FUTU_US @ 28300
2026-07-30 02:29:14.460 | INFO | FUTU_US | [DB CHECKPOINT] FUTU_US @ 28400
2026-07-30 02:29:14.578 | INFO | FUTU_US | [DB CHECKPOINT] FUTU_US @ 28500
2026-07-30 02:29:14.729 | INFO | FUTU_US | [DB CHECKPOINT] FUTU_US @ 28600
2026-07-30 02:29:14.788 | INFO | FUTU_US | [DB CHECKPOINT] FUTU_US @ 28700
2026-07-30 02:29:14.933 | INFO | FUTU_US | [DB CHECKPOINT] FUTU_US @ 28800
2026-07-30 02:29:15.016 | INFO | FUTU_US | [DB CHECKPOINT] FUTU_US @ 28900
2026-07-30 02:29:15.243 | INFO | FUTU_US | [DB CHECKPOINT] FUTU_US @ 29000
2026-07-30 02:29:15.525 | INFO | FUTU_US | [DB CHECKPOINT] FUTU_US @ 29100
2026-07-30 02:29:15.774 | INFO | FUTU_US | [DB CHECKPOINT] FUTU_US @ 29200
2026-07-30 02:29:16.554 | INFO | FUTU_US | [FUTU_US] 账户: 总资产=$9,999,915.21 现金=$9,996,058.01 证券=$3,857.20 冻结=$0.00 购买力=$19,995,973.22 (USD)
2026-07-30 02:29:16.691 | INFO | FUTU_US | [DB CHECKPOINT] FUTU_US @ 29300
2026-07-30 02:29:16.994 | INFO | FUTU_US | [DB CHECKPOINT] FUTU_US @ 29400
2026-07-30 02:29:17.339 | INFO | FUTU_US | [DB CHECKPOINT] FUTU_US @ 29500
2026-07-30 02:29:17.572 | INFO | FUTU_US | [DB CHECKPOINT] FUTU_US @ 29600
2026-07-30 02:29:17.631 | INFO | FUTU_US | [DB CHECKPOINT] FUTU_US @ 29700
2026-07-30 02:29:17.813 | INFO | FUTU_US | [DB CHECKPOINT] FUTU_US @ 29800
2026-07-30 02:29:18.072 | INFO | FUTU_US | [DB CHECKPOINT] FUTU_US @ 29900
2026-07-30 02:29:18.373 | INFO | FUTU_US | [DB CHECKPOINT] FUTU_US @ 30000
2026-07-30 02:29:18.668 | INFO | FUTU_US | [DB CHECKPOINT] FUTU_US @ 30100
2026-07-30 02:29:18.931 | INFO | FUTU_US | [DB CHECKPOINT] FUTU_US @ 30200
2026-07-30 02:29:19.416 | INFO | FUTU_US | [DB CHECKPOINT] FUTU_US @ 30300
2026-07-30 02:29:19.637 | INFO | FUTU_US | [DB CHECKPOINT] FUTU_US @ 30400
2026-07-30 02:29:19.918 | INFO | FUTU_US | [DB CHECKPOINT] FUTU_US @ 30500
2026-07-30 02:29:20.841 | INFO | FUTU_HK | [FUTU_HK] 账户: 总资产=$823,936.69 现金=$635,296.69 证券=$188,640.00 冻结=$0.00 购买力=$635,296.69 (HKD)
2026-07-30 02:29:20.985 | INFO | FUTU_US | [DB CHECKPOINT] FUTU_US @ 30600
2026-07-30 02:29:21.252 | INFO | FUTU_US | [DB CHECKPOINT] FUTU_US @ 30700
2026-07-30 02:29:21.368 | INFO | FUTU_US | [DB CHECKPOINT] FUTU_US @ 30800
2026-07-30 02:29:21.628 | INFO | FUTU_US | [DB CHECKPOINT] FUTU_US @ 30900
2026-07-30 02:29:21.848 | INFO | FUTU_US | [DB CHECKPOINT] FUTU_US @ 31000
2026-07-30 02:29:22.192 | INFO | FUTU_US | [DB CHECKPOINT] FUTU_US @ 31100
2026-07-30 02:29:22.532 | INFO | FUTU_US | [DB CHECKPOINT] FUTU_US @ 31200
2026-07-30 02:29:22.628 | INFO | FUTU_US | [FUTU_US] 账户: 总资产=$9,999,915.21 现金=$9,996,058.01 证券=$3,857.20 冻结=$0.00 购买力=$19,995,973.22 (USD)
2026-07-30 02:29:22.761 | INFO | FUTU_US | [DB CHECKPOINT] FUTU_US @ 31300
2026-07-30 02:29:23.565 | INFO | FUTU_US | [DB CHECKPOINT] FUTU_US @ 31400
2026-07-30 02:29:23.827 | INFO | FUTU_US | [DB CHECKPOINT] FUTU_US @ 31500
2026-07-30 02:29:24.128 | INFO | FUTU_US | [DB CHECKPOINT] FUTU_US @ 31600
2026-07-30 02:29:24.399 | INFO | FUTU_US | [DB CHECKPOINT] FUTU_US @ 31700
2026-07-30 02:29:25.157 | INFO | FUTU_US | [DB CHECKPOINT] FUTU_US @ 31800
2026-07-30 02:29:25.617 | INFO | FUTU_US | [DB CHECKPOINT] FUTU_US @ 31900
2026-07-30 02:29:25.869 | INFO | FUTU_US | [DB CHECKPOINT] FUTU_US @ 32000
2026-07-30 02:29:26.096 | INFO | FUTU_US | [DB CHECKPOINT] FUTU_US @ 32100
2026-07-30 02:29:26.314 | INFO | FUTU_US | [DB CHECKPOINT] FUTU_US @ 32200
2026-07-30 02:29:26.528 | INFO | FUTU_US | [DB CHECKPOINT] FUTU_US @ 32300
2026-07-30 02:29:26.824 | INFO | FUTU_US | [DB CHECKPOINT] FUTU_US @ 32400
2026-07-30 02:29:26.969 | INFO | FUTU_US | [DB CHECKPOINT] FUTU_US @ 32500
2026-07-30 02:29:27.136 | INFO | FUTU_HK | [FUTU_HK] 账户: 总资产=$823,936.69 现金=$635,296.69 证券=$188,640.00 冻结=$0.00 购买力=$635,296.69 (HKD)
2026-07-30 02:29:27.240 | INFO | FUTU_US | [DB CHECKPOINT] FUTU_US @ 32600
2026-07-30 02:29:27.436 | INFO | FUTU_US | [DB CHECKPOINT] FUTU_US @ 32700
2026-07-30 02:29:27.560 | INFO | FUTU_US | [DB CHECKPOINT] FUTU_US @ 32800
2026-07-30 02:29:27.728 | INFO | FUTU_US | [DB CHECKPOINT] FUTU_US @ 32900
2026-07-30 02:29:27.930 | INFO | FUTU_US | [DB CHECKPOINT] FUTU_US @ 33000
2026-07-30 02:29:28.148 | INFO | FUTU_US | [DB CHECKPOINT] FUTU_US @ 33100
2026-07-30 02:29:28.479 | INFO | FUTU_US | [DB CHECKPOINT] FUTU_US @ 33200
2026-07-30 02:29:28.625 | INFO | FUTU_US | [DB CHECKPOINT] FUTU_US @ 33300
2026-07-30 02:29:28.925 | INFO | FUTU_US | [DB CHECKPOINT] FUTU_US @ 33400
2026-07-30 02:29:29.129 | INFO | FUTU_US | [FUTU_US] 账户: 总资产=$9,999,915.21 现金=$9,996,058.01 证券=$3,857.20 冻结=$0.00 购买力=$19,995,973.22 (USD)
2026-07-30 02:29:29.332 | INFO | FUTU_US | [DB CHECKPOINT] FUTU_US @ 33500
2026-07-30 02:29:29.560 | INFO | FUTU_US | [DB CHECKPOINT] FUTU_US @ 33600
2026-07-30 02:29:29.760 | INFO | FUTU_US | [DB CHECKPOINT] FUTU_US @ 33700
2026-07-30 02:29:30.773 | INFO | FUTU_US | [DB CHECKPOINT] FUTU_US @ 33800
2026-07-30 02:29:31.091 | INFO | FUTU_US | [DB CHECKPOINT] FUTU_US @ 33900
2026-07-30 02:29:31.394 | INFO | FUTU_US | [DB CHECKPOINT] FUTU_US @ 34000
2026-07-30 02:29:31.678 | INFO | FUTU_US | [DB CHECKPOINT] FUTU_US @ 34100
2026-07-30 02:29:31.943 | INFO | FUTU_US | [DB CHECKPOINT] FUTU_US @ 34200
2026-07-30 02:29:32.198 | INFO | FUTU_US | [DB CHECKPOINT] FUTU_US @ 34300
2026-07-30 02:29:32.407 | INFO | FUTU_US | [DB CHECKPOINT] FUTU_US @ 34400
2026-07-30 02:29:32.648 | INFO | FUTU_US | [DB CHECKPOINT] FUTU_US @ 34500
2026-07-30 02:29:32.923 | INFO | FUTU_US | [DB CHECKPOINT] FUTU_US @ 34600
2026-07-30 02:29:33.208 | INFO | FUTU_US | [DB CHECKPOINT] FUTU_US @ 34700
2026-07-30 02:29:33.426 | INFO | FUTU_HK | [FUTU_HK] 账户: 总资产=$823,936.69 现金=$635,296.69 证券=$188,640.00 冻结=$0.00 购买力=$635,296.69 (HKD)
2026-07-30 02:29:33.559 | INFO | FUTU_US | [DB CHECKPOINT] FUTU_US @ 34800
2026-07-30 02:29:33.843 | INFO | FUTU_US | [DB CHECKPOINT] FUTU_US @ 34900
2026-07-30 02:29:34.369 | INFO | FUTU_US | [DB CHECKPOINT] FUTU_US @ 35000
2026-07-30 02:29:34.709 | INFO | FUTU_US | [DB CHECKPOINT] FUTU_US @ 35100
2026-07-30 02:29:34.895 | INFO | FUTU_US | [DB CHECKPOINT] FUTU_US @ 35200
2026-07-30 02:29:35.943 | INFO | FUTU_US | [FUTU_US] 账户: 总资产=$9,999,915.21 现金=$9,996,058.01 证券=$3,857.20 冻结=$0.00 购买力=$19,995,973.22 (USD)
2026-07-30 02:29:36.047 | INFO | FUTU_US | [DB CHECKPOINT] FUTU_US @ 35300
2026-07-30 02:29:36.129 | INFO | FUTU_US | [DB CHECKPOINT] FUTU_US @ 35400
2026-07-30 02:29:36.398 | INFO | FUTU_US | [DB CHECKPOINT] FUTU_US @ 35500
2026-07-30 02:29:36.646 | INFO | FUTU_US | [DB CHECKPOINT] FUTU_US @ 35600
2026-07-30 02:29:36.949 | INFO | FUTU_US | [DB CHECKPOINT] FUTU_US @ 35700
2026-07-30 02:29:37.209 | INFO | FUTU_US | [DB CHECKPOINT] FUTU_US @ 35800
2026-07-30 02:29:37.541 | INFO | FUTU_US | [DB CHECKPOINT] FUTU_US @ 35900
2026-07-30 02:29:37.743 | INFO | FUTU_US | [DB CHECKPOINT] FUTU_US @ 36000
2026-07-30 02:29:37.975 | INFO | FUTU_US | [DB CHECKPOINT] FUTU_US @ 36100
2026-07-30 02:29:38.323 | INFO | FUTU_US | [DB CHECKPOINT] FUTU_US @ 36200
2026-07-30 02:29:38.523 | INFO | FUTU_US | [DB CHECKPOINT] FUTU_US @ 36300
2026-07-30 02:29:38.744 | INFO | FUTU_US | [DB CHECKPOINT] FUTU_US @ 36400
2026-07-30 02:29:38.887 | INFO | FUTU_US | [DB CHECKPOINT] FUTU_US @ 36500
2026-07-30 02:29:39.172 | INFO | FUTU_US | [DB CHECKPOINT] FUTU_US @ 36600
2026-07-30 02:29:39.409 | INFO | FUTU_US | [DB CHECKPOINT] FUTU_US @ 36700
2026-07-30 02:29:39.673 | INFO | FUTU_US | [DB CHECKPOINT] FUTU_US @ 36800
2026-07-30 02:29:39.740 | INFO | FUTU_HK | [FUTU_HK] 账户: 总资产=$823,936.69 现金=$635,296.69 证券=$188,640.00 冻结=$0.00 购买力=$635,296.69 (HKD)
2026-07-30 02:29:39.850 | INFO | FUTU_US | [DB CHECKPOINT] FUTU_US @ 36900
2026-07-30 02:29:40.120 | INFO | FUTU_US | [DB CHECKPOINT] FUTU_US @ 37000
2026-07-30 02:29:40.388 | INFO | FUTU_US | [DB CHECKPOINT] FUTU_US @ 37100
2026-07-30 02:29:40.672 | INFO | FUTU_US | [DB CHECKPOINT] FUTU_US @ 37200
2026-07-30 02:29:41.676 | INFO | FUTU_US | [DB CHECKPOINT] FUTU_US @ 37300
2026-07-30 02:29:41.757 | INFO | FUTU_US | [FUTU_US] 账户: 总资产=$9,999,915.21 现金=$9,996,058.01 证券=$3,857.20 冻结=$0.00 购买力=$19,995,973.22 (USD)
2026-07-30 02:29:42.023 | INFO | FUTU_US | [DB CHECKPOINT] FUTU_US @ 37400
2026-07-30 02:29:42.299 | INFO | FUTU_US | [DB CHECKPOINT] FUTU_US @ 37500
2026-07-30 02:29:42.710 | INFO | FUTU_US | [DB CHECKPOINT] FUTU_US @ 37600
2026-07-30 02:29:42.810 | INFO | FUTU_US | [DB CHECKPOINT] FUTU_US @ 37700
2026-07-30 02:29:42.972 | INFO | FUTU_US | [DB CHECKPOINT] FUTU_US @ 37800
2026-07-30 02:29:43.075 | INFO | FUTU_US | [DB CHECKPOINT] FUTU_US @ 37900
2026-07-30 02:29:43.207 | INFO | FUTU_US | [DB CHECKPOINT] FUTU_US @ 38000
2026-07-30 02:29:43.336 | INFO | FUTU_US | [DB CHECKPOINT] FUTU_US @ 38100
2026-07-30 02:29:43.426 | INFO | FUTU_US | [DB CHECKPOINT] FUTU_US @ 38200
2026-07-30 02:29:43.556 | INFO | FUTU_US | [DB CHECKPOINT] FUTU_US @ 38300
2026-07-30 02:29:43.683 | INFO | FUTU_US | [DB CHECKPOINT] FUTU_US @ 38400
2026-07-30 02:29:43.830 | INFO | FUTU_US | [DB CHECKPOINT] FUTU_US @ 38500
2026-07-30 02:29:43.934 | INFO | FUTU_US | [DB CHECKPOINT] FUTU_US @ 38600
2026-07-30 02:29:44.041 | INFO | FUTU_US | [DB CHECKPOINT] FUTU_US @ 38700
2026-07-30 02:29:44.167 | INFO | FUTU_US | [DB CHECKPOINT] FUTU_US @ 38800
2026-07-30 02:29:44.269 | INFO | FUTU_US | [DB CHECKPOINT] FUTU_US @ 38900
2026-07-30 02:29:44.419 | INFO | FUTU_US | [DB CHECKPOINT] FUTU_US @ 39000
2026-07-30 02:29:44.526 | INFO | FUTU_US | [DB CHECKPOINT] FUTU_US @ 39100
2026-07-30 02:29:44.642 | INFO | FUTU_US | [DB CHECKPOINT] FUTU_US @ 39200
2026-07-30 02:29:44.774 | INFO | FUTU_US | [DB CHECKPOINT] FUTU_US @ 39300
2026-07-30 02:29:44.882 | INFO | FUTU_US | [DB CHECKPOINT] FUTU_US @ 39400
2026-07-30 02:29:45.018 | INFO | FUTU_US | [DB CHECKPOINT] FUTU_US @ 39500
2026-07-30 02:29:45.111 | INFO | FUTU_US | [DB CHECKPOINT] FUTU_US @ 39600
2026-07-30 02:29:45.237 | INFO | FUTU_US | [DB CHECKPOINT] FUTU_US @ 39700
2026-07-30 02:29:45.361 | INFO | FUTU_US | [DB CHECKPOINT] FUTU_US @ 39800
2026-07-30 02:29:45.969 | INFO | FUTU_US | [DB CHECKPOINT] FUTU_US @ 39900
2026-07-30 02:29:46.055 | INFO | FUTU_HK | [FUTU_HK] 账户: 总资产=$823,936.69 现金=$635,296.69 证券=$188,640.00 冻结=$0.00 购买力=$635,296.69 (HKD)
2026-07-30 02:29:46.218 | INFO | FUTU_US | [DB CHECKPOINT] FUTU_US @ 40000
2026-07-30 02:29:46.374 | INFO | FUTU_US | [DB CHECKPOINT] FUTU_US @ 40100
2026-07-30 02:29:46.526 | INFO | FUTU_US | [DB CHECKPOINT] FUTU_US @ 40200
2026-07-30 02:29:46.636 | INFO | FUTU_US | [DB CHECKPOINT] FUTU_US @ 40300
2026-07-30 02:29:46.817 | INFO | FUTU_US | [DB CHECKPOINT] FUTU_US @ 40400
2026-07-30 02:29:46.889 | INFO | FUTU_US | [DB CHECKPOINT] FUTU_US @ 40500
2026-07-30 02:29:46.972 | INFO | FUTU_US | [DB CHECKPOINT] FUTU_US @ 40600
2026-07-30 02:29:47.113 | INFO | FUTU_US | [DB CHECKPOINT] FUTU_US @ 40700
2026-07-30 02:29:47.226 | INFO | FUTU_US | [DB CHECKPOINT] FUTU_US @ 40800
2026-07-30 02:29:47.350 | INFO | FUTU_US | [DB CHECKPOINT] FUTU_US @ 40900
2026-07-30 02:29:47.488 | INFO | FUTU_US | [DB CHECKPOINT] FUTU_US @ 41000
2026-07-30 02:29:47.599 | INFO | FUTU_US | [DB CHECKPOINT] FUTU_US @ 41100
2026-07-30 02:29:47.747 | INFO | FUTU_US | [DB CHECKPOINT] FUTU_US @ 41200
2026-07-30 02:29:47.858 | INFO | FUTU_US | [DB CHECKPOINT] FUTU_US @ 41300
2026-07-30 02:29:48.000 | INFO | FUTU_US | [DB CHECKPOINT] FUTU_US @ 41400
2026-07-30 02:29:48.002 | INFO | FUTU_US | [FUTU_US] 账户: 总资产=$9,999,915.21 现金=$9,996,058.01 证券=$3,857.20 冻结=$0.00 购买力=$19,995,973.22 (USD)
2026-07-30 02:29:48.129 | INFO | FUTU_US | [DB CHECKPOINT] FUTU_US @ 41500
2026-07-30 02:29:48.253 | INFO | FUTU_US | [DB CHECKPOINT] FUTU_US @ 41600
2026-07-30 02:29:48.382 | INFO | FUTU_US | [DB CHECKPOINT] FUTU_US @ 41700
2026-07-30 02:29:48.464 | INFO | FUTU_US | [DB CHECKPOINT] FUTU_US @ 41800
2026-07-30 02:29:48.590 | INFO | FUTU_US | [DB CHECKPOINT] FUTU_US @ 41900
2026-07-30 02:29:48.669 | INFO | FUTU_US | [DB CHECKPOINT] FUTU_US @ 42000
2026-07-30 02:29:48.805 | INFO | FUTU_US | [DB CHECKPOINT] FUTU_US @ 42100
2026-07-30 02:29:48.965 | INFO | FUTU_US | [DB CHECKPOINT] FUTU_US @ 42200
2026-07-30 02:29:49.115 | INFO | FUTU_US | [DB CHECKPOINT] FUTU_US @ 42300
2026-07-30 02:29:49.261 | INFO | FUTU_US | [DB CHECKPOINT] FUTU_US @ 42400
2026-07-30 02:29:49.409 | INFO | FUTU_US | [DB CHECKPOINT] FUTU_US @ 42500
2026-07-30 02:29:49.531 | INFO | FUTU_US | [DB CHECKPOINT] FUTU_US @ 42600
2026-07-30 02:29:49.612 | INFO | FUTU_US | [DB CHECKPOINT] FUTU_US @ 42700
2026-07-30 02:29:49.744 | INFO | FUTU_US | [DB CHECKPOINT] FUTU_US @ 42800
2026-07-30 02:29:49.881 | INFO | FUTU_US | [DB CHECKPOINT] FUTU_US @ 42900
2026-07-30 02:29:49.977 | INFO | FUTU_US | [DB CHECKPOINT] FUTU_US @ 43000
2026-07-30 02:29:50.432 | INFO | FUTU_US | [DB CHECKPOINT] FUTU_US @ 43100
2026-07-30 02:29:50.812 | INFO | FUTU_US | [DB CHECKPOINT] FUTU_US @ 43200
2026-07-30 02:29:50.911 | INFO | FUTU_US | [DB CHECKPOINT] FUTU_US @ 43300
2026-07-30 02:29:51.071 | INFO | FUTU_US | [DB CHECKPOINT] FUTU_US @ 43400
2026-07-30 02:29:51.160 | INFO | FUTU_US | [DB CHECKPOINT] FUTU_US @ 43500
2026-07-30 02:29:51.338 | INFO | FUTU_US | [DB CHECKPOINT] FUTU_US @ 43600
2026-07-30 02:29:51.446 | INFO | FUTU_US | [DB CHECKPOINT] FUTU_US @ 43700
2026-07-30 02:29:51.553 | INFO | FUTU_US | [DB CHECKPOINT] FUTU_US @ 43800
2026-07-30 02:29:51.675 | INFO | FUTU_US | [DB CHECKPOINT] FUTU_US @ 43900
2026-07-30 02:29:51.742 | INFO | FUTU_US | [DB CHECKPOINT] FUTU_US @ 44000
2026-07-30 02:29:51.886 | INFO | FUTU_US | [DB CHECKPOINT] FUTU_US @ 44100
2026-07-30 02:29:51.981 | INFO | FUTU_HK | [FUTU_HK] 账户: 总资产=$823,936.69 现金=$635,296.69 证券=$188,640.00 冻结=$0.00 购买力=$635,296.69 (HKD)
2026-07-30 02:29:52.018 | INFO | FUTU_US | [DB CHECKPOINT] FUTU_US @ 44200
2026-07-30 02:29:52.141 | INFO | FUTU_US | [DB CHECKPOINT] FUTU_US @ 44300
2026-07-30 02:29:52.272 | INFO | FUTU_US | [DB CHECKPOINT] FUTU_US @ 44400
2026-07-30 02:29:52.419 | INFO | FUTU_US | [DB CHECKPOINT] FUTU_US @ 44500
2026-07-30 02:29:52.553 | INFO | FUTU_US | [DB CHECKPOINT] FUTU_US @ 44600
2026-07-30 02:29:52.662 | INFO | FUTU_US | [DB CHECKPOINT] FUTU_US @ 44700
2026-07-30 02:29:52.750 | INFO | FUTU_US | [DB CHECKPOINT] FUTU_US @ 44800
2026-07-30 02:29:52.886 | INFO | FUTU_US | [DB CHECKPOINT] FUTU_US @ 44900
2026-07-30 02:29:53.018 | INFO | FUTU_US | [DB CHECKPOINT] FUTU_US @ 45000
2026-07-30 02:29:53.155 | INFO | FUTU_US | [DB CHECKPOINT] FUTU_US @ 45100
2026-07-30 02:29:53.203 | INFO | FUTU_US | [DB CHECKPOINT] FUTU_US @ 45200
2026-07-30 02:29:53.235 | INFO | FUTU_US | [DB CHECKPOINT] FUTU_US @ 45300
2026-07-30 02:29:53.294 | INFO | FUTU_US | [DB CHECKPOINT] FUTU_US @ 45400
2026-07-30 02:29:53.332 | INFO | FUTU_US | [DB CHECKPOINT] FUTU_US @ 45500
2026-07-30 02:29:53.398 | INFO | FUTU_US | [DB CHECKPOINT] FUTU_US @ 45600
2026-07-30 02:29:53.467 | INFO | FUTU_US | [DB CHECKPOINT] FUTU_US @ 45700
2026-07-30 02:29:53.508 | INFO | FUTU_US | [DB CHECKPOINT] FUTU_US @ 45800
2026-07-30 02:29:53.583 | INFO | FUTU_US | [DB CHECKPOINT] FUTU_US @ 45900
2026-07-30 02:29:53.718 | INFO | FUTU_US | [DB CHECKPOINT] FUTU_US @ 46000
2026-07-30 02:29:53.829 | INFO | FUTU_US | [DB CHECKPOINT] FUTU_US @ 46100
2026-07-30 02:29:53.938 | INFO | FUTU_US | [DB CHECKPOINT] FUTU_US @ 46200
2026-07-30 02:29:54.004 | INFO | FUTU_US | [FUTU_US] 账户: 总资产=$9,999,915.21 现金=$9,996,058.01 证券=$3,857.20 冻结=$0.00 购买力=$19,995,973.22 (USD)
2026-07-30 02:29:54.044 | INFO | FUTU_US | [DB CHECKPOINT] FUTU_US @ 46300
2026-07-30 02:29:54.133 | INFO | FUTU_US | [DB CHECKPOINT] FUTU_US @ 46400
2026-07-30 02:29:54.165 | INFO | FUTU_US | [DB CHECKPOINT] FUTU_US @ 46500
2026-07-30 02:29:54.217 | INFO | FUTU_US | [DB CHECKPOINT] FUTU_US @ 46600
2026-07-30 02:29:54.672 | INFO | FUTU_US | [DB CHECKPOINT] FUTU_US @ 46700
2026-07-30 02:29:54.809 | INFO | FUTU_US | [DB CHECKPOINT] FUTU_US @ 46800
2026-07-30 02:29:54.931 | INFO | FUTU_US | [DB CHECKPOINT] FUTU_US @ 46900
2026-07-30 02:29:55.041 | INFO | FUTU_US | [DB CHECKPOINT] FUTU_US @ 47000
2026-07-30 02:29:55.132 | INFO | FUTU_US | [DB CHECKPOINT] FUTU_US @ 47100
2026-07-30 02:29:55.223 | INFO | FUTU_US | [DB CHECKPOINT] FUTU_US @ 47200
2026-07-30 02:29:55.324 | INFO | FUTU_US | [DB CHECKPOINT] FUTU_US @ 47300
2026-07-30 02:29:55.477 | INFO | FUTU_US | [DB CHECKPOINT] FUTU_US @ 47400
2026-07-30 02:29:55.883 | INFO | FUTU_US | [DB CHECKPOINT] FUTU_US @ 47500
2026-07-30 02:29:56.030 | INFO | FUTU_US | [DB CHECKPOINT] FUTU_US @ 47600
2026-07-30 02:29:56.284 | INFO | FUTU_US | [DB CHECKPOINT] FUTU_US @ 47700
2026-07-30 02:29:56.552 | INFO | FUTU_US | [DB CHECKPOINT] FUTU_US @ 47800
2026-07-30 02:29:56.774 | INFO | FUTU_US | [DB CHECKPOINT] FUTU_US @ 47900
2026-07-30 02:29:56.968 | INFO | FUTU_US | [DB CHECKPOINT] FUTU_US @ 48000
2026-07-30 02:29:57.153 | INFO | FUTU_US | [DB CHECKPOINT] FUTU_US @ 48100
2026-07-30 02:29:57.236 | INFO | FUTU_US | [DB CHECKPOINT] FUTU_US @ 48200
2026-07-30 02:29:57.360 | INFO | FUTU_US | [DB CHECKPOINT] FUTU_US @ 48300
2026-07-30 02:29:57.417 | INFO | FUTU_US | [DB CHECKPOINT] FUTU_US @ 48400
2026-07-30 02:29:57.546 | INFO | FUTU_US | [DB CHECKPOINT] FUTU_US @ 48500
2026-07-30 02:29:57.660 | INFO | FUTU_US | [DB CHECKPOINT] FUTU_US @ 48600
2026-07-30 02:29:57.754 | INFO | FUTU_US | [DB CHECKPOINT] FUTU_US @ 48700
2026-07-30 02:29:57.998 | INFO | FUTU_HK | [FUTU_HK] 账户: 总资产=$823,936.69 现金=$635,296.69 证券=$188,640.00 冻结=$0.00 购买力=$635,296.69 (HKD)
2026-07-30 02:29:58.003 | INFO | FUTU_US | [DB CHECKPOINT] FUTU_US @ 48800
2026-07-30 02:29:58.628 | INFO | FUTU_US | [DB CHECKPOINT] FUTU_US @ 48900
2026-07-30 02:29:58.752 | INFO | FUTU_US | [DB CHECKPOINT] FUTU_US @ 49000
2026-07-30 02:29:58.925 | INFO | FUTU_US | [DB CHECKPOINT] FUTU_US @ 49100
2026-07-30 02:29:59.873 | INFO | FUTU_US | [DB CHECKPOINT] FUTU_US @ 49200
2026-07-30 02:30:00.014 | INFO | FUTU_US | [FUTU_US] 账户: 总资产=$9,999,915.21 现金=$9,996,058.01 证券=$3,857.20 冻结=$0.00 购买力=$19,995,973.22 (USD)
2026-07-30 02:30:00.080 | INFO | FUTU_US | [DB CHECKPOINT] FUTU_US @ 49300
2026-07-30 02:30:00.372 | INFO | FUTU_US | [DB CHECKPOINT] FUTU_US @ 49400
2026-07-30 02:30:00.483 | INFO | FUTU_US | [DB CHECKPOINT] FUTU_US @ 49500
2026-07-30 02:30:00.592 | INFO | FUTU_US | [DB CHECKPOINT] FUTU_US @ 49600
2026-07-30 02:30:00.698 | INFO | FUTU_US | [DB CHECKPOINT] FUTU_US @ 49700
2026-07-30 02:30:00.760 | INFO | FUTU_US | [DB CHECKPOINT] FUTU_US @ 49800
2026-07-30 02:30:00.830 | INFO | FUTU_US | [DB CHECKPOINT] FUTU_US @ 49900
2026-07-30 02:30:00.968 | INFO | FUTU_US | [DB CHECKPOINT] FUTU_US @ 50000
2026-07-30 02:30:01.103 | INFO | FUTU_US | [DB CHECKPOINT] FUTU_US @ 50100
2026-07-30 02:30:01.612 | INFO | FUTU_US | [DB CHECKPOINT] FUTU_US @ 50200
2026-07-30 02:30:01.894 | INFO | FUTU_US | [DB CHECKPOINT] FUTU_US @ 50300
2026-07-30 02:30:02.871 | INFO | FUTU_US | [DB CHECKPOINT] FUTU_US @ 50400
2026-07-30 02:30:03.051 | INFO | FUTU_US | [DB CHECKPOINT] FUTU_US @ 50500
2026-07-30 02:30:03.116 | INFO | FUTU_US | [DB CHECKPOINT] FUTU_US @ 50600
2026-07-30 02:30:03.225 | INFO | FUTU_US | [DB CHECKPOINT] FUTU_US @ 50700
2026-07-30 02:30:03.391 | INFO | FUTU_US | [DB CHECKPOINT] FUTU_US @ 50800
2026-07-30 02:30:03.571 | INFO | FUTU_US | [DB CHECKPOINT] FUTU_US @ 50900
2026-07-30 02:30:03.802 | INFO | FUTU_US | [DB CHECKPOINT] FUTU_US @ 51000
2026-07-30 02:30:04.009 | INFO | FUTU_HK | [FUTU_HK] 账户: 总资产=$823,936.69 现金=$635,296.69 证券=$188,640.00 冻结=$0.00 购买力=$635,296.69 (HKD)
2026-07-30 02:30:04.092 | INFO | FUTU_US | [DB CHECKPOINT] FUTU_US @ 51100
2026-07-30 02:30:04.286 | INFO | FUTU_US | [DB CHECKPOINT] FUTU_US @ 51200
2026-07-30 02:30:04.546 | INFO | FUTU_US | [DB CHECKPOINT] FUTU_US @ 51300
2026-07-30 02:30:04.739 | INFO | FUTU_US | [DB CHECKPOINT] FUTU_US @ 51400
2026-07-30 02:30:04.890 | INFO | FUTU_US | [DB CHECKPOINT] FUTU_US @ 51500
2026-07-30 02:30:05.140 | INFO | FUTU_US | [DB CHECKPOINT] FUTU_US @ 51600
2026-07-30 02:30:05.429 | INFO | FUTU_US | [DB CHECKPOINT] FUTU_US @ 51700
2026-07-30 02:30:05.534 | INFO | FUTU_US | [DB CHECKPOINT] FUTU_US @ 51800
2026-07-30 02:30:05.806 | INFO | FUTU_US | [DB CHECKPOINT] FUTU_US @ 51900
2026-07-30 02:30:06.805 | INFO | FUTU_US | [FUTU_US] 账户: 总资产=$9,999,915.21 现金=$9,996,058.01 证券=$3,857.20 冻结=$0.00 购买力=$19,995,973.22 (USD)
2026-07-30 02:30:06.966 | INFO | FUTU_US | [DB CHECKPOINT] FUTU_US @ 52000
2026-07-30 02:30:07.273 | INFO | FUTU_US | [DB CHECKPOINT] FUTU_US @ 52100
2026-07-30 02:30:07.453 | INFO | FUTU_US | [DB CHECKPOINT] FUTU_US @ 52200
2026-07-30 02:30:07.698 | INFO | FUTU_US | [DB CHECKPOINT] FUTU_US @ 52300
2026-07-30 02:30:07.874 | INFO | FUTU_US | [DB CHECKPOINT] FUTU_US @ 52400
2026-07-30 02:30:08.057 | INFO | FUTU_US | [DB CHECKPOINT] FUTU_US @ 52500
2026-07-30 02:30:08.218 | INFO | FUTU_US | [DB CHECKPOINT] FUTU_US @ 52600
2026-07-30 02:30:08.494 | INFO | FUTU_US | [DB CHECKPOINT] FUTU_US @ 52700
2026-07-30 02:30:08.814 | INFO | FUTU_US | [DB CHECKPOINT] FUTU_US @ 52800
2026-07-30 02:30:09.035 | INFO | FUTU_US | [DB CHECKPOINT] FUTU_US @ 52900
2026-07-30 02:30:09.188 | INFO | FUTU_US | [DB CHECKPOINT] FUTU_US @ 53000
2026-07-30 02:30:09.496 | INFO | FUTU_US | [DB CHECKPOINT] FUTU_US @ 53100
2026-07-30 02:30:09.656 | INFO | FUTU_US | [DB CHECKPOINT] FUTU_US @ 53200
2026-07-30 02:30:09.789 | INFO | FUTU_US | [DB CHECKPOINT] FUTU_US @ 53300
2026-07-30 02:30:09.988 | INFO | FUTU_US | [DB CHECKPOINT] FUTU_US @ 53400
2026-07-30 02:30:10.152 | INFO | FUTU_US | [DB CHECKPOINT] FUTU_US @ 53500
2026-07-30 02:30:11.135 | INFO | FUTU_HK | [FUTU_HK] 账户: 总资产=$823,936.69 现金=$635,296.69 证券=$188,640.00 冻结=$0.00 购买力=$635,296.69 (HKD)
2026-07-30 02:30:11.463 | INFO | FUTU_US | [DB CHECKPOINT] FUTU_US @ 53600
2026-07-30 02:30:11.801 | INFO | FUTU_US | [DB CHECKPOINT] FUTU_US @ 53700
2026-07-30 02:30:12.097 | INFO | FUTU_US | [DB CHECKPOINT] FUTU_US @ 53800
2026-07-30 02:30:12.483 | INFO | FUTU_US | [DB CHECKPOINT] FUTU_US @ 53900
2026-07-30 02:30:13.204 | INFO | FUTU_US | [FUTU_US] 账户: 总资产=$9,999,915.21 现金=$9,996,058.01 证券=$3,857.20 冻结=$0.00 购买力=$19,995,973.22 (USD)
2026-07-30 02:30:13.276 | INFO | FUTU_US | [DB CHECKPOINT] FUTU_US @ 54000
2026-07-30 02:30:13.612 | INFO | FUTU_US | [DB CHECKPOINT] FUTU_US @ 54100
2026-07-30 02:30:13.953 | INFO | FUTU_US | [DB CHECKPOINT] FUTU_US @ 54200
2026-07-30 02:30:14.337 | INFO | FUTU_US | [DB CHECKPOINT] FUTU_US @ 54300
2026-07-30 02:30:14.670 | INFO | FUTU_US | [DB CHECKPOINT] FUTU_US @ 54400
2026-07-30 02:30:15.963 | INFO | FUTU_US | [DB CHECKPOINT] FUTU_US @ 54500
2026-07-30 02:30:16.397 | INFO | FUTU_US | [DB CHECKPOINT] FUTU_US @ 54600
2026-07-30 02:30:16.553 | INFO | FUTU_US | [DB CHECKPOINT] FUTU_US @ 54700
2026-07-30 02:30:16.889 | INFO | FUTU_US | [DB CHECKPOINT] FUTU_US @ 54800
2026-07-30 02:30:17.222 | INFO | FUTU_US | [DB CHECKPOINT] FUTU_US @ 54900
2026-07-30 02:30:17.411 | INFO | FUTU_HK | [FUTU_HK] 账户: 总资产=$823,936.69 现金=$635,296.69 证券=$188,640.00 冻结=$0.00 购买力=$635,296.69 (HKD)
2026-07-30 02:30:17.480 | INFO | FUTU_US | [DB CHECKPOINT] FUTU_US @ 55000
2026-07-30 02:30:17.618 | INFO | FUTU_US | [DB CHECKPOINT] FUTU_US @ 55100
2026-07-30 02:30:17.860 | INFO | FUTU_US | [DB CHECKPOINT] FUTU_US @ 55200
2026-07-30 02:30:18.122 | INFO | FUTU_US | [DB CHECKPOINT] FUTU_US @ 55300
2026-07-30 02:30:18.401 | INFO | FUTU_US | [DB CHECKPOINT] FUTU_US @ 55400
2026-07-30 02:30:19.461 | INFO | FUTU_US | [FUTU_US] 账户: 总资产=$9,999,915.21 现金=$9,996,058.01 证券=$3,857.20 冻结=$0.00 购买力=$19,995,973.22 (USD)
2026-07-30 02:30:19.741 | INFO | FUTU_US | [DB CHECKPOINT] FUTU_US @ 55500
2026-07-30 02:30:22.120 | INFO | FUTU_US | [DB CHECKPOINT] FUTU_US @ 55600
2026-07-30 02:30:23.261 | INFO | FUTU_US | [DB CHECKPOINT] FUTU_US @ 55700
2026-07-30 02:30:23.891 | INFO | FUTU_US | [DB CHECKPOINT] FUTU_US @ 55800
2026-07-30 02:30:24.361 | INFO | FUTU_HK | [FUTU_HK] 账户: 总资产=$823,936.69 现金=$635,296.69 证券=$188,640.00 冻结=$0.00 购买力=$635,296.69 (HKD)
2026-07-30 02:30:24.450 | INFO | FUTU_US | [DB CHECKPOINT] FUTU_US @ 55900
2026-07-30 02:30:25.203 | INFO | FUTU_US | [DB CHECKPOINT] FUTU_US @ 56000
2026-07-30 02:30:25.681 | INFO | FUTU_US | [DB CHECKPOINT] FUTU_US @ 56100
2026-07-30 02:30:26.027 | INFO | FUTU_US | [DB CHECKPOINT] FUTU_US @ 56200
2026-07-30 02:30:26.398 | INFO | FUTU_US | [FUTU_US] 账户: 总资产=$9,999,915.21 现金=$9,996,058.01 证券=$3,857.20 冻结=$0.00 购买力=$19,995,973.22 (USD)
2026-07-30 02:30:26.525 | INFO | FUTU_US | [DB CHECKPOINT] FUTU_US @ 56300
2026-07-30 02:30:29.462 | INFO | FUTU_US | [DB CHECKPOINT] FUTU_US @ 56400
2026-07-30 02:30:30.264 | INFO | FUTU_US | [DB CHECKPOINT] FUTU_US @ 56500
2026-07-30 02:30:31.116 | INFO | FUTU_HK | [FUTU_HK] 账户: 总资产=$823,936.69 现金=$635,296.69 证券=$188,640.00 冻结=$0.00 购买力=$635,296.69 (HKD)
2026-07-30 02:30:32.055 | INFO | FUTU_US | [DB CHECKPOINT] FUTU_US @ 56600
2026-07-30 02:30:32.324 | INFO | FUTU_US | [DB CHECKPOINT] FUTU_US @ 56700
2026-07-30 02:30:32.762 | INFO | FUTU_US | [DB CHECKPOINT] FUTU_US @ 56800
2026-07-30 02:30:32.912 | INFO | FUTU_US | [FUTU_US] 账户: 总资产=$9,999,915.21 现金=$9,996,058.01 证券=$3,857.20 冻结=$0.00 购买力=$19,995,973.22 (USD)
2026-07-30 02:30:33.054 | INFO | FUTU_US | [DB CHECKPOINT] FUTU_US @ 56900
2026-07-30 02:30:33.231 | INFO | FUTU_US | [DB CHECKPOINT] FUTU_US @ 57000
2026-07-30 02:30:33.359 | INFO | FUTU_US | [DB CHECKPOINT] FUTU_US @ 57100
2026-07-30 02:30:33.415 | INFO | FUTU_US | [DB CHECKPOINT] FUTU_US @ 57200
2026-07-30 02:30:33.775 | INFO | FUTU_US | [DB CHECKPOINT] FUTU_US @ 57300
2026-07-30 02:30:34.002 | INFO | FUTU_US | [DB CHECKPOINT] FUTU_US @ 57400
2026-07-30 02:30:36.230 | INFO | FUTU_US | [DB CHECKPOINT] FUTU_US @ 57500
2026-07-30 02:30:37.132 | INFO | FUTU_US | [DB CHECKPOINT] FUTU_US @ 57600
2026-07-30 02:30:37.158 | INFO | FUTU_HK | [FUTU_HK] 账户: 总资产=$823,936.69 现金=$635,296.69 证券=$188,640.00 冻结=$0.00 购买力=$635,296.69 (HKD)
2026-07-30 02:30:37.641 | INFO | FUTU_US | [DB CHECKPOINT] FUTU_US @ 57700
2026-07-30 02:30:37.989 | INFO | FUTU_US | [DB CHECKPOINT] FUTU_US @ 57800
2026-07-30 02:30:38.302 | INFO | FUTU_US | [DB CHECKPOINT] FUTU_US @ 57900
2026-07-30 02:30:38.637 | INFO | FUTU_US | [DB CHECKPOINT] FUTU_US @ 58000
2026-07-30 02:30:39.119 | INFO | FUTU_US | [DB CHECKPOINT] FUTU_US @ 58100
2026-07-30 02:30:39.125 | INFO | FUTU_US | [FUTU_US] 账户: 总资产=$9,999,915.21 现金=$9,996,058.01 证券=$3,857.20 冻结=$0.00 购买力=$19,995,973.22 (USD)
2026-07-30 02:30:39.362 | INFO | FUTU_US | [DB CHECKPOINT] FUTU_US @ 58200
2026-07-30 02:30:39.538 | INFO | FUTU_US | [DB CHECKPOINT] FUTU_US @ 58300
2026-07-30 02:30:39.686 | INFO | FUTU_US | [DB CHECKPOINT] FUTU_US @ 58400
2026-07-30 02:30:40.049 | INFO | FUTU_US | [DB CHECKPOINT] FUTU_US @ 58500
2026-07-30 02:30:40.379 | INFO | FUTU_US | [DB CHECKPOINT] FUTU_US @ 58600
2026-07-30 02:30:40.694 | INFO | FUTU_US | [DB CHECKPOINT] FUTU_US @ 58700
2026-07-30 02:30:40.935 | INFO | FUTU_US | [DB CHECKPOINT] FUTU_US @ 58800
2026-07-30 02:30:41.177 | INFO | FUTU_US | [DB CHECKPOINT] FUTU_US @ 58900
2026-07-30 02:30:41.589 | INFO | FUTU_US | [DB CHECKPOINT] FUTU_US @ 59000
2026-07-30 02:30:42.031 | INFO | FUTU_US | [DB CHECKPOINT] FUTU_US @ 59100
2026-07-30 02:30:44.756 | INFO | FUTU_HK | [FUTU_HK] 账户: 总资产=$823,936.69 现金=$635,296.69 证券=$188,640.00 冻结=$0.00 购买力=$635,296.69 (HKD)
2026-07-30 02:30:45.263 | INFO | FUTU_US | [DB CHECKPOINT] FUTU_US @ 59200
2026-07-30 02:30:46.337 | INFO | FUTU_US | [FUTU_US] 账户: 总资产=$9,999,915.21 现金=$9,996,058.01 证券=$3,857.20 冻结=$0.00 购买力=$19,995,973.22 (USD)
2026-07-30 02:30:46.712 | INFO | FUTU_US | [DB CHECKPOINT] FUTU_US @ 59300
2026-07-30 02:30:47.286 | INFO | FUTU_US | [DB CHECKPOINT] FUTU_US @ 59400
2026-07-30 02:30:47.714 | INFO | FUTU_US | [DB CHECKPOINT] FUTU_US @ 59500
2026-07-30 02:30:47.915 | INFO | FUTU_US | [DB CHECKPOINT] FUTU_US @ 59600
2026-07-30 02:30:48.277 | INFO | FUTU_US | [DB CHECKPOINT] FUTU_US @ 59700
2026-07-30 02:30:48.550 | INFO | FUTU_US | [DB CHECKPOINT] FUTU_US @ 59800
2026-07-30 02:30:48.835 | INFO | FUTU_US | [DB CHECKPOINT] FUTU_US @ 59900
2026-07-30 02:30:48.966 | INFO | FUTU_US | [DB CHECKPOINT] FUTU_US @ 60000
2026-07-30 02:30:49.135 | INFO | FUTU_US | [DB CHECKPOINT] FUTU_US @ 60100
2026-07-30 02:30:49.332 | INFO | FUTU_US | [DB CHECKPOINT] FUTU_US @ 60200
2026-07-30 02:30:49.655 | INFO | FUTU_US | [DB CHECKPOINT] FUTU_US @ 60300
2026-07-30 02:30:49.810 | INFO | FUTU_HK | [FUTU_HK] 账户: 总资产=$823,936.69 现金=$635,296.69 证券=$188,640.00 冻结=$0.00 购买力=$635,296.69 (HKD)
2026-07-30 02:30:49.870 | INFO | FUTU_US | [DB CHECKPOINT] FUTU_US @ 60400
2026-07-30 02:30:49.957 | INFO | FUTU_US | [DB CHECKPOINT] FUTU_US @ 60500
2026-07-30 02:30:50.229 | INFO | FUTU_US | [DB CHECKPOINT] FUTU_US @ 60600
2026-07-30 02:30:50.488 | INFO | FUTU_US | [DB CHECKPOINT] FUTU_US @ 60700
2026-07-30 02:30:50.892 | INFO | FUTU_US | [DB CHECKPOINT] FUTU_US @ 60800
2026-07-30 02:30:51.305 | INFO | FUTU_US | [DB CHECKPOINT] FUTU_US @ 60900
2026-07-30 02:30:53.284 | INFO | FUTU_US | [FUTU_US] 账户: 总资产=$9,999,915.21 现金=$9,996,058.01 证券=$3,857.20 冻结=$0.00 购买力=$19,995,973.22 (USD)
2026-07-30 02:30:53.288 | INFO | FUTU_US | [DB CHECKPOINT] FUTU_US @ 61000
2026-07-30 02:30:53.515 | INFO | FUTU_US | [DB CHECKPOINT] FUTU_US @ 61100
2026-07-30 02:30:53.726 | INFO | FUTU_US | [DB CHECKPOINT] FUTU_US @ 61200
2026-07-30 02:30:54.047 | INFO | FUTU_US | [DB CHECKPOINT] FUTU_US @ 61300
2026-07-30 02:30:54.378 | INFO | FUTU_US | [DB CHECKPOINT] FUTU_US @ 61400
2026-07-30 02:30:54.582 | INFO | FUTU_US | [DB CHECKPOINT] FUTU_US @ 61500
2026-07-30 02:30:54.875 | INFO | FUTU_US | [DB CHECKPOINT] FUTU_US @ 61600
2026-07-30 02:30:55.259 | INFO | FUTU_US | [DB CHECKPOINT] FUTU_US @ 61700
2026-07-30 02:30:55.570 | INFO | FUTU_US | [DB CHECKPOINT] FUTU_US @ 61800
2026-07-30 02:30:55.737 | INFO | FUTU_US | [DB CHECKPOINT] FUTU_US @ 61900
2026-07-30 02:30:56.025 | INFO | FUTU_US | [DB CHECKPOINT] FUTU_US @ 62000
2026-07-30 02:30:56.201 | INFO | FUTU_US | [DB CHECKPOINT] FUTU_US @ 62100
2026-07-30 02:30:56.493 | INFO | FUTU_US | [DB CHECKPOINT] FUTU_US @ 62200
2026-07-30 02:30:56.735 | INFO | FUTU_US | [DB CHECKPOINT] FUTU_US @ 62300
2026-07-30 02:30:56.843 | INFO | FUTU_HK | [FUTU_HK] 账户: 总资产=$823,936.69 现金=$635,296.69 证券=$188,640.00 冻结=$0.00 购买力=$635,296.69 (HKD)
2026-07-30 02:30:57.033 | INFO | FUTU_US | [DB CHECKPOINT] FUTU_US @ 62400
2026-07-30 02:30:57.259 | INFO | FUTU_US | [DB CHECKPOINT] FUTU_US @ 62500
2026-07-30 02:30:57.387 | INFO | FUTU_US | [DB CHECKPOINT] FUTU_US @ 62600
2026-07-30 02:30:57.603 | INFO | FUTU_US | [DB CHECKPOINT] FUTU_US @ 62700
2026-07-30 02:30:57.870 | INFO | FUTU_US | [DB CHECKPOINT] FUTU_US @ 62800
2026-07-30 02:30:58.116 | INFO | FUTU_US | [DB CHECKPOINT] FUTU_US @ 62900
2026-07-30 02:30:58.416 | INFO | FUTU_US | [DB CHECKPOINT] FUTU_US @ 63000
2026-07-30 02:30:58.618 | INFO | FUTU_US | [DB CHECKPOINT] FUTU_US @ 63100
2026-07-30 02:30:58.856 | INFO | FUTU_US | [FUTU_US] 账户: 总资产=$9,999,915.21 现金=$9,996,058.01 证券=$3,857.20 冻结=$0.00 购买力=$19,995,973.22 (USD)
2026-07-30 02:30:58.933 | INFO | FUTU_US | [DB CHECKPOINT] FUTU_US @ 63200
2026-07-30 02:30:59.163 | INFO | FUTU_US | [DB CHECKPOINT] FUTU_US @ 63300
2026-07-30 02:30:59.414 | INFO | FUTU_US | [DB CHECKPOINT] FUTU_US @ 63400
2026-07-30 02:30:59.629 | INFO | FUTU_US | [DB CHECKPOINT] FUTU_US @ 63500
2026-07-30 02:30:59.781 | INFO | FUTU_US | [DB CHECKPOINT] FUTU_US @ 63600
2026-07-30 02:31:00.043 | INFO | FUTU_US | [DB CHECKPOINT] FUTU_US @ 63700
2026-07-30 02:31:00.171 | INFO | FUTU_US | [DB CHECKPOINT] FUTU_US @ 63800
2026-07-30 02:31:00.410 | INFO | FUTU_US | [DB CHECKPOINT] FUTU_US @ 63900
2026-07-30 02:31:00.546 | INFO | FUTU_US | [DB CHECKPOINT] FUTU_US @ 64000
2026-07-30 02:31:00.774 | INFO | FUTU_US | [DB CHECKPOINT] FUTU_US @ 64100
2026-07-30 02:31:01.071 | INFO | FUTU_US | [DB CHECKPOINT] FUTU_US @ 64200
2026-07-30 02:31:01.248 | INFO | FUTU_US | [DB CHECKPOINT] FUTU_US @ 64300
2026-07-30 02:31:01.499 | INFO | FUTU_US | [DB CHECKPOINT] FUTU_US @ 64400
2026-07-30 02:31:01.617 | INFO | FUTU_US | [DB CHECKPOINT] FUTU_US @ 64500
2026-07-30 02:31:01.899 | INFO | FUTU_US | [DB CHECKPOINT] FUTU_US @ 64600
2026-07-30 02:31:02.079 | INFO | FUTU_US | [DB CHECKPOINT] FUTU_US @ 64700
2026-07-30 02:31:02.353 | INFO | FUTU_US | [DB CHECKPOINT] FUTU_US @ 64800
2026-07-30 02:31:04.493 | INFO | FUTU_HK | [FUTU_HK] 账户: 总资产=$823,936.69 现金=$635,296.69 证券=$188,640.00 冻结=$0.00 购买力=$635,296.69 (HKD)
2026-07-30 02:31:04.542 | INFO | FUTU_US | [DB CHECKPOINT] FUTU_US @ 64900
2026-07-30 02:31:04.715 | INFO | FUTU_US | [DB CHECKPOINT] FUTU_US @ 65000
2026-07-30 02:31:05.012 | INFO | FUTU_US | [DB CHECKPOINT] FUTU_US @ 65100
2026-07-30 02:31:05.314 | INFO | FUTU_US | [DB CHECKPOINT] FUTU_US @ 65200
2026-07-30 02:31:05.540 | INFO | FUTU_US | [DB CHECKPOINT] FUTU_US @ 65300
2026-07-30 02:31:05.814 | INFO | FUTU_US | [DB CHECKPOINT] FUTU_US @ 65400
2026-07-30 02:31:06.056 | INFO | FUTU_US | [DB CHECKPOINT] FUTU_US @ 65500
2026-07-30 02:31:06.065 | INFO | FUTU_US | [FUTU_US] 账户: 总资产=$9,999,915.21 现金=$9,996,058.01 证券=$3,857.20 冻结=$0.00 购买力=$19,995,973.22 (USD)
2026-07-30 02:31:06.239 | INFO | FUTU_US | [DB CHECKPOINT] FUTU_US @ 65600
2026-07-30 02:31:06.563 | INFO | FUTU_US | [DB CHECKPOINT] FUTU_US @ 65700
2026-07-30 02:31:06.834 | INFO | FUTU_US | [DB CHECKPOINT] FUTU_US @ 65800
2026-07-30 02:31:07.206 | INFO | FUTU_US | [DB CHECKPOINT] FUTU_US @ 65900
2026-07-30 02:31:07.389 | INFO | FUTU_US | [DB CHECKPOINT] FUTU_US @ 66000
2026-07-30 02:31:07.696 | INFO | FUTU_US | [DB CHECKPOINT] FUTU_US @ 66100
2026-07-30 02:31:07.956 | INFO | FUTU_US | [DB CHECKPOINT] FUTU_US @ 66200
2026-07-30 02:31:08.147 | INFO | FUTU_US | [DB CHECKPOINT] FUTU_US @ 66300
2026-07-30 02:31:08.366 | INFO | FUTU_US | [DB CHECKPOINT] FUTU_US @ 66400
2026-07-30 02:31:08.751 | INFO | FUTU_US | [DB CHECKPOINT] FUTU_US @ 66500
2026-07-30 02:31:09.035 | INFO | FUTU_US | [DB CHECKPOINT] FUTU_US @ 66600
2026-07-30 02:31:09.265 | INFO | FUTU_US | [DB CHECKPOINT] FUTU_US @ 66700
2026-07-30 02:31:09.421 | INFO | FUTU_US | [DB CHECKPOINT] FUTU_US @ 66800
2026-07-30 02:31:09.629 | INFO | FUTU_US | [DB CHECKPOINT] FUTU_US @ 66900
2026-07-30 02:31:09.937 | INFO | FUTU_US | [DB CHECKPOINT] FUTU_US @ 67000
2026-07-30 02:31:10.085 | INFO | FUTU_HK | [FUTU_HK] 账户: 总资产=$823,936.69 现金=$635,296.69 证券=$188,640.00 冻结=$0.00 购买力=$635,296.69 (HKD)
2026-07-30 02:31:10.123 | INFO | FUTU_US | [DB CHECKPOINT] FUTU_US @ 67100
2026-07-30 02:31:10.457 | INFO | FUTU_US | [DB CHECKPOINT] FUTU_US @ 67200
2026-07-30 02:31:10.616 | INFO | FUTU_US | [DB CHECKPOINT] FUTU_US @ 67300
2026-07-30 02:31:11.046 | INFO | FUTU_US | [DB CHECKPOINT] FUTU_US @ 67400
2026-07-30 02:31:11.431 | INFO | FUTU_US | [DB CHECKPOINT] FUTU_US @ 67500
2026-07-30 02:31:11.642 | INFO | FUTU_US | [DB CHECKPOINT] FUTU_US @ 67600
2026-07-30 02:31:11.771 | INFO | FUTU_US | [DB CHECKPOINT] FUTU_US @ 67700
2026-07-30 02:31:12.010 | INFO | FUTU_US | [DB CHECKPOINT] FUTU_US @ 67800
2026-07-30 02:31:12.071 | INFO | FUTU_US | [FUTU_US] 账户: 总资产=$9,999,915.21 现金=$9,996,058.01 证券=$3,857.20 冻结=$0.00 购买力=$19,995,973.22 (USD)
2026-07-30 02:31:12.326 | INFO | FUTU_US | [DB CHECKPOINT] FUTU_US @ 67900
2026-07-30 02:31:12.564 | INFO | FUTU_US | [DB CHECKPOINT] FUTU_US @ 68000
2026-07-30 02:31:12.835 | INFO | FUTU_US | [DB CHECKPOINT] FUTU_US @ 68100
2026-07-30 02:31:13.027 | INFO | FUTU_US | [DB CHECKPOINT] FUTU_US @ 68200
2026-07-30 02:31:13.283 | INFO | FUTU_US | [DB CHECKPOINT] FUTU_US @ 68300
2026-07-30 02:31:13.556 | INFO | FUTU_US | [DB CHECKPOINT] FUTU_US @ 68400
2026-07-30 02:31:13.730 | INFO | FUTU_US | [DB CHECKPOINT] FUTU_US @ 68500
2026-07-30 02:31:13.913 | INFO | FUTU_US | [DB CHECKPOINT] FUTU_US @ 68600
2026-07-30 02:31:14.171 | INFO | FUTU_US | [DB CHECKPOINT] FUTU_US @ 68700
2026-07-30 02:31:14.417 | INFO | FUTU_US | [DB CHECKPOINT] FUTU_US @ 68800
2026-07-30 02:31:14.589 | INFO | FUTU_US | [DB CHECKPOINT] FUTU_US @ 68900
2026-07-30 02:31:16.628 | INFO | FUTU_US | [DB CHECKPOINT] FUTU_US @ 69000
2026-07-30 02:31:16.921 | INFO | FUTU_US | [DB CHECKPOINT] FUTU_US @ 69100
2026-07-30 02:31:17.042 | INFO | FUTU_HK | [FUTU_HK] 账户: 总资产=$823,936.69 现金=$635,296.69 证券=$188,640.00 冻结=$0.00 购买力=$635,296.69 (HKD)
2026-07-30 02:31:17.398 | INFO | FUTU_US | [DB CHECKPOINT] FUTU_US @ 69200
2026-07-30 02:31:17.665 | INFO | FUTU_US | [DB CHECKPOINT] FUTU_US @ 69300
2026-07-30 02:31:18.023 | INFO | FUTU_US | [DB CHECKPOINT] FUTU_US @ 69400
2026-07-30 02:31:18.407 | INFO | FUTU_US | [DB CHECKPOINT] FUTU_US @ 69500
2026-07-30 02:31:18.717 | INFO | FUTU_US | [DB CHECKPOINT] FUTU_US @ 69600
2026-07-30 02:31:19.044 | INFO | FUTU_US | [DB CHECKPOINT] FUTU_US @ 69700
2026-07-30 02:31:19.099 | INFO | FUTU_US | [FUTU_US] 账户: 总资产=$9,999,915.21 现金=$9,996,058.01 证券=$3,857.20 冻结=$0.00 购买力=$19,995,973.22 (USD)
2026-07-30 02:31:19.425 | INFO | FUTU_US | [DB CHECKPOINT] FUTU_US @ 69800
2026-07-30 02:31:19.734 | INFO | FUTU_US | [DB CHECKPOINT] FUTU_US @ 69900
2026-07-30 02:31:20.254 | INFO | FUTU_US | [DB CHECKPOINT] FUTU_US @ 70000
2026-07-30 02:31:20.640 | INFO | FUTU_US | [DB CHECKPOINT] FUTU_US @ 70100
2026-07-30 02:31:21.066 | INFO | FUTU_US | [DB CHECKPOINT] FUTU_US @ 70200
2026-07-30 02:31:21.382 | INFO | FUTU_US | [DB CHECKPOINT] FUTU_US @ 70300
2026-07-30 02:31:21.681 | INFO | FUTU_US | [DB CHECKPOINT] FUTU_US @ 70400
2026-07-30 02:31:21.964 | INFO | FUTU_US | [DB CHECKPOINT] FUTU_US @ 70500
2026-07-30 02:31:22.112 | INFO | FUTU_US | [DB CHECKPOINT] FUTU_US @ 70600
2026-07-30 02:31:22.299 | INFO | FUTU_US | [DB CHECKPOINT] FUTU_US @ 70700
2026-07-30 02:31:22.468 | INFO | FUTU_US | [DB CHECKPOINT] FUTU_US @ 70800
2026-07-30 02:31:22.863 | INFO | FUTU_US | [DB CHECKPOINT] FUTU_US @ 70900
2026-07-30 02:31:23.148 | INFO | FUTU_HK | [FUTU_HK] 账户: 总资产=$823,936.69 现金=$635,296.69 证券=$188,640.00 冻结=$0.00 购买力=$635,296.69 (HKD)
2026-07-30 02:31:23.192 | INFO | FUTU_US | [DB CHECKPOINT] FUTU_US @ 71000
2026-07-30 02:31:23.327 | INFO | FUTU_US | [DB CHECKPOINT] FUTU_US @ 71100
2026-07-30 02:31:23.812 | INFO | FUTU_US | [DB CHECKPOINT] FUTU_US @ 71200
2026-07-30 02:31:24.096 | INFO | FUTU_US | [DB CHECKPOINT] FUTU_US @ 71300
2026-07-30 02:31:24.355 | INFO | FUTU_US | [DB CHECKPOINT] FUTU_US @ 71400
2026-07-30 02:31:24.684 | INFO | FUTU_US | [DB CHECKPOINT] FUTU_US @ 71500
2026-07-30 02:31:25.045 | INFO | FUTU_US | [DB CHECKPOINT] FUTU_US @ 71600
2026-07-30 02:31:25.085 | INFO | FUTU_US | [FUTU_US] 账户: 总资产=$9,999,915.21 现金=$9,996,058.01 证券=$3,857.20 冻结=$0.00 购买力=$19,995,973.22 (USD)
2026-07-30 02:31:25.311 | INFO | FUTU_US | [DB CHECKPOINT] FUTU_US @ 71700
2026-07-30 02:31:25.550 | INFO | FUTU_US | [DB CHECKPOINT] FUTU_US @ 71800
2026-07-30 02:31:25.792 | INFO | FUTU_US | [DB CHECKPOINT] FUTU_US @ 71900
2026-07-30 02:31:26.131 | INFO | FUTU_US | [DB CHECKPOINT] FUTU_US @ 72000
2026-07-30 02:31:26.218 | INFO | FUTU_US | [DB CHECKPOINT] FUTU_US @ 72100
2026-07-30 02:31:26.440 | INFO | FUTU_US | [DB CHECKPOINT] FUTU_US @ 72200
2026-07-30 02:31:26.646 | INFO | FUTU_US | [DB CHECKPOINT] FUTU_US @ 72300
2026-07-30 02:31:28.751 | INFO | FUTU_US | [DB CHECKPOINT] FUTU_US @ 72400
2026-07-30 02:31:29.033 | INFO | FUTU_US | [DB CHECKPOINT] FUTU_US @ 72500
2026-07-30 02:31:29.145 | INFO | FUTU_US | [DB CHECKPOINT] FUTU_US @ 72600
2026-07-30 02:31:29.313 | INFO | FUTU_US | [DB CHECKPOINT] FUTU_US @ 72700
2026-07-30 02:31:29.562 | INFO | FUTU_US | [DB CHECKPOINT] FUTU_US @ 72800
2026-07-30 02:31:29.804 | INFO | FUTU_US | [DB CHECKPOINT] FUTU_US @ 72900
2026-07-30 02:31:29.998 | INFO | FUTU_US | [DB CHECKPOINT] FUTU_US @ 73000
2026-07-30 02:31:30.113 | INFO | FUTU_US | [DB CHECKPOINT] FUTU_US @ 73100
2026-07-30 02:31:30.238 | INFO | FUTU_HK | [FUTU_HK] 账户: 总资产=$823,936.69 现金=$635,296.69 证券=$188,640.00 冻结=$0.00 购买力=$635,296.69 (HKD)
2026-07-30 02:31:30.379 | INFO | FUTU_US | [DB CHECKPOINT] FUTU_US @ 73200
2026-07-30 02:31:30.709 | INFO | FUTU_US | [DB CHECKPOINT] FUTU_US @ 73300
2026-07-30 02:31:30.917 | INFO | FUTU_US | [DB CHECKPOINT] FUTU_US @ 73400
2026-07-30 02:31:31.234 | INFO | FUTU_US | [DB CHECKPOINT] FUTU_US @ 73500
2026-07-30 02:31:31.588 | INFO | FUTU_US | [DB CHECKPOINT] FUTU_US @ 73600
2026-07-30 02:31:31.989 | INFO | FUTU_US | [DB CHECKPOINT] FUTU_US @ 73700
2026-07-30 02:31:32.147 | INFO | FUTU_US | [DB CHECKPOINT] FUTU_US @ 73800
2026-07-30 02:31:32.219 | INFO | FUTU_US | [FUTU_US] 账户: 总资产=$9,999,915.21 现金=$9,996,058.01 证券=$3,857.20 冻结=$0.00 购买力=$19,995,973.22 (USD)
2026-07-30 02:31:32.228 | INFO | FUTU_US | [DB CHECKPOINT] FUTU_US @ 73900
2026-07-30 02:31:32.368 | INFO | FUTU_US | [DB CHECKPOINT] FUTU_US @ 74000
2026-07-30 02:31:32.474 | INFO | FUTU_US | [DB CHECKPOINT] FUTU_US @ 74100
2026-07-30 02:31:32.593 | INFO | FUTU_US | [DB CHECKPOINT] FUTU_US @ 74200
2026-07-30 02:31:32.746 | INFO | FUTU_US | [DB CHECKPOINT] FUTU_US @ 74300
2026-07-30 02:31:32.844 | INFO | FUTU_US | [DB CHECKPOINT] FUTU_US @ 74400
2026-07-30 02:31:33.003 | INFO | FUTU_US | [DB CHECKPOINT] FUTU_US @ 74500
2026-07-30 02:31:33.155 | INFO | FUTU_US | [DB CHECKPOINT] FUTU_US @ 74600
2026-07-30 02:31:33.246 | INFO | FUTU_US | [DB CHECKPOINT] FUTU_US @ 74700
2026-07-30 02:31:33.346 | INFO | FUTU_US | [DB CHECKPOINT] FUTU_US @ 74800
2026-07-30 02:31:33.380 | INFO | FUTU_US | [DB CHECKPOINT] FUTU_US @ 74900
2026-07-30 02:31:33.475 | INFO | FUTU_US | [DB CHECKPOINT] FUTU_US @ 75000
2026-07-30 02:31:33.612 | INFO | FUTU_US | [DB CHECKPOINT] FUTU_US @ 75100
2026-07-30 02:31:33.737 | INFO | FUTU_US | [DB CHECKPOINT] FUTU_US @ 75200
2026-07-30 02:31:33.828 | INFO | FUTU_US | [DB CHECKPOINT] FUTU_US @ 75300
2026-07-30 02:31:33.981 | INFO | FUTU_US | [DB CHECKPOINT] FUTU_US @ 75400
2026-07-30 02:31:34.059 | INFO | FUTU_US | [DB CHECKPOINT] FUTU_US @ 75500
2026-07-30 02:31:34.161 | INFO | FUTU_US | [DB CHECKPOINT] FUTU_US @ 75600
2026-07-30 02:31:34.300 | INFO | FUTU_US | [DB CHECKPOINT] FUTU_US @ 75700
2026-07-30 02:31:34.439 | INFO | FUTU_US | [DB CHECKPOINT] FUTU_US @ 75800
2026-07-30 02:31:34.602 | INFO | FUTU_US | [DB CHECKPOINT] FUTU_US @ 75900
2026-07-30 02:31:34.682 | INFO | FUTU_US | [DB CHECKPOINT] FUTU_US @ 76000
2026-07-30 02:31:34.757 | INFO | FUTU_US | [DB CHECKPOINT] FUTU_US @ 76100
2026-07-30 02:31:34.896 | INFO | FUTU_US | [DB CHECKPOINT] FUTU_US @ 76200
2026-07-30 02:31:34.986 | INFO | FUTU_US | [DB CHECKPOINT] FUTU_US @ 76300
2026-07-30 02:31:35.138 | INFO | FUTU_US | [DB CHECKPOINT] FUTU_US @ 76400
2026-07-30 02:31:35.239 | INFO | FUTU_US | [DB CHECKPOINT] FUTU_US @ 76500
2026-07-30 02:31:35.393 | INFO | FUTU_US | [DB CHECKPOINT] FUTU_US @ 76600
2026-07-30 02:31:35.474 | INFO | FUTU_US | [DB CHECKPOINT] FUTU_US @ 76700
2026-07-30 02:31:35.510 | INFO | FUTU_US | [DB CHECKPOINT] FUTU_US @ 76800
2026-07-30 02:31:35.579 | INFO | FUTU_US | [DB CHECKPOINT] FUTU_US @ 76900
2026-07-30 02:31:35.667 | INFO | FUTU_US | [DB CHECKPOINT] FUTU_US @ 77000
2026-07-30 02:31:35.808 | INFO | FUTU_US | [DB CHECKPOINT] FUTU_US @ 77100
2026-07-30 02:31:35.939 | INFO | FUTU_US | [DB CHECKPOINT] FUTU_US @ 77200
2026-07-30 02:31:36.064 | INFO | FUTU_US | [DB CHECKPOINT] FUTU_US @ 77300
2026-07-30 02:31:36.184 | INFO | FUTU_US | [DB CHECKPOINT] FUTU_US @ 77400
2026-07-30 02:31:36.224 | INFO | FUTU_HK | [FUTU_HK] 账户: 总资产=$823,936.69 现金=$635,296.69 证券=$188,640.00 冻结=$0.00 购买力=$635,296.69 (HKD)
2026-07-30 02:31:36.371 | INFO | FUTU_US | [DB CHECKPOINT] FUTU_US @ 77500
2026-07-30 02:31:36.464 | INFO | FUTU_US | [DB CHECKPOINT] FUTU_US @ 77600
2026-07-30 02:31:36.552 | INFO | FUTU_US | [DB CHECKPOINT] FUTU_US @ 77700
2026-07-30 02:31:36.706 | INFO | FUTU_US | [DB CHECKPOINT] FUTU_US @ 77800
2026-07-30 02:31:36.864 | INFO | FUTU_US | [DB CHECKPOINT] FUTU_US @ 77900
2026-07-30 02:31:36.991 | INFO | FUTU_US | [DB CHECKPOINT] FUTU_US @ 78000
2026-07-30 02:31:37.144 | INFO | FUTU_US | [DB CHECKPOINT] FUTU_US @ 78100
2026-07-30 02:31:37.240 | INFO | FUTU_US | [DB CHECKPOINT] FUTU_US @ 78200
2026-07-30 02:31:37.378 | INFO | FUTU_US | [DB CHECKPOINT] FUTU_US @ 78300
2026-07-30 02:31:37.523 | INFO | FUTU_US | [DB CHECKPOINT] FUTU_US @ 78400
2026-07-30 02:31:37.614 | INFO | FUTU_US | [DB CHECKPOINT] FUTU_US @ 78500
2026-07-30 02:31:37.753 | INFO | FUTU_US | [DB CHECKPOINT] FUTU_US @ 78600
2026-07-30 02:31:37.863 | INFO | FUTU_US | [DB CHECKPOINT] FUTU_US @ 78700
2026-07-30 02:31:38.014 | INFO | FUTU_US | [DB CHECKPOINT] FUTU_US @ 78800
2026-07-30 02:31:38.164 | INFO | FUTU_US | [DB CHECKPOINT] FUTU_US @ 78900
2026-07-30 02:31:38.220 | INFO | FUTU_US | [FUTU_US] 账户: 总资产=$9,999,915.21 现金=$9,996,058.01 证券=$3,857.20 冻结=$0.00 购买力=$19,995,973.22 (USD)
2026-07-30 02:31:38.257 | INFO | FUTU_US | [DB CHECKPOINT] FUTU_US @ 79000
2026-07-30 02:31:38.319 | INFO | FUTU_US | [DB CHECKPOINT] FUTU_US @ 79100
2026-07-30 02:31:38.605 | INFO | FUTU_US | [DB CHECKPOINT] FUTU_US @ 79200
2026-07-30 02:31:38.820 | INFO | FUTU_US | [DB CHECKPOINT] FUTU_US @ 79300
2026-07-30 02:31:39.171 | INFO | FUTU_US | [DB CHECKPOINT] FUTU_US @ 79400
2026-07-30 02:31:39.323 | INFO | FUTU_US | [DB CHECKPOINT] FUTU_US @ 79500
2026-07-30 02:31:39.406 | INFO | FUTU_US | [DB CHECKPOINT] FUTU_US @ 79600
2026-07-30 02:31:39.492 | INFO | FUTU_US | [DB CHECKPOINT] FUTU_US @ 79700
2026-07-30 02:31:39.670 | INFO | FUTU_US | [DB CHECKPOINT] FUTU_US @ 79800
2026-07-30 02:31:39.750 | INFO | FUTU_US | [DB CHECKPOINT] FUTU_US @ 79900
2026-07-30 02:31:39.829 | INFO | FUTU_US | [DB CHECKPOINT] FUTU_US @ 80000
2026-07-30 02:31:39.985 | INFO | FUTU_US | [DB CHECKPOINT] FUTU_US @ 80100
2026-07-30 02:31:41.868 | INFO | FUTU_US | [DB CHECKPOINT] FUTU_US @ 80200
2026-07-30 02:31:42.040 | INFO | FUTU_US | [DB CHECKPOINT] FUTU_US @ 80300
2026-07-30 02:31:42.183 | INFO | FUTU_US | [DB CHECKPOINT] FUTU_US @ 80400
2026-07-30 02:31:42.296 | INFO | FUTU_US | [DB CHECKPOINT] FUTU_US @ 80500
2026-07-30 02:31:42.385 | INFO | FUTU_US | [DB CHECKPOINT] FUTU_US @ 80600
2026-07-30 02:31:42.516 | INFO | FUTU_US | [DB CHECKPOINT] FUTU_US @ 80700
2026-07-30 02:31:42.666 | INFO | FUTU_US | [DB CHECKPOINT] FUTU_US @ 80800
2026-07-30 02:31:42.811 | INFO | FUTU_US | [DB CHECKPOINT] FUTU_US @ 80900
2026-07-30 02:31:42.925 | INFO | FUTU_US | [DB CHECKPOINT] FUTU_US @ 81000
2026-07-30 02:31:42.990 | INFO | FUTU_US | [DB CHECKPOINT] FUTU_US @ 81100
2026-07-30 02:31:43.147 | INFO | FUTU_US | [DB CHECKPOINT] FUTU_US @ 81200
2026-07-30 02:31:43.248 | INFO | FUTU_US | [DB CHECKPOINT] FUTU_US @ 81300
2026-07-30 02:31:43.346 | INFO | FUTU_US | [DB CHECKPOINT] FUTU_US @ 81400
2026-07-30 02:31:43.439 | INFO | FUTU_HK | [FUTU_HK] 账户: 总资产=$823,936.69 现金=$635,296.69 证券=$188,640.00 冻结=$0.00 购买力=$635,296.69 (HKD)
2026-07-30 02:31:43.519 | INFO | FUTU_US | [DB CHECKPOINT] FUTU_US @ 81500
2026-07-30 02:31:43.598 | INFO | FUTU_US | [DB CHECKPOINT] FUTU_US @ 81600
2026-07-30 02:31:43.706 | INFO | FUTU_US | [DB CHECKPOINT] FUTU_US @ 81700
2026-07-30 02:31:43.824 | INFO | FUTU_US | [DB CHECKPOINT] FUTU_US @ 81800
2026-07-30 02:31:44.294 | INFO | FUTU_US | [DB CHECKPOINT] FUTU_US @ 81900
2026-07-30 02:31:44.578 | INFO | FUTU_US | [DB CHECKPOINT] FUTU_US @ 82000
2026-07-30 02:31:44.763 | INFO | FUTU_US | [DB CHECKPOINT] FUTU_US @ 82100
2026-07-30 02:31:44.827 | INFO | FUTU_US | [DB CHECKPOINT] FUTU_US @ 82200
2026-07-30 02:31:45.016 | INFO | FUTU_US | [DB CHECKPOINT] FUTU_US @ 82300
2026-07-30 02:31:45.219 | INFO | FUTU_US | [DB CHECKPOINT] FUTU_US @ 82400
2026-07-30 02:31:45.370 | INFO | FUTU_US | [DB CHECKPOINT] FUTU_US @ 82500
2026-07-30 02:31:45.472 | INFO | FUTU_US | [FUTU_US] 账户: 总资产=$9,999,915.21 现金=$9,996,058.01 证券=$3,857.20 冻结=$0.00 购买力=$19,995,973.22 (USD)
2026-07-30 02:31:45.613 | INFO | FUTU_US | [DB CHECKPOINT] FUTU_US @ 82600
2026-07-30 02:31:45.793 | INFO | FUTU_US | [DB CHECKPOINT] FUTU_US @ 82700
2026-07-30 02:31:45.990 | INFO | FUTU_US | [DB CHECKPOINT] FUTU_US @ 82800
2026-07-30 02:31:46.144 | INFO | FUTU_US | [DB CHECKPOINT] FUTU_US @ 82900
2026-07-30 02:31:46.317 | INFO | FUTU_US | [DB CHECKPOINT] FUTU_US @ 83000
2026-07-30 02:31:46.426 | INFO | FUTU_US | [DB CHECKPOINT] FUTU_US @ 83100
2026-07-30 02:31:46.668 | INFO | FUTU_US | [DB CHECKPOINT] FUTU_US @ 83200
2026-07-30 02:31:46.838 | INFO | FUTU_US | [DB CHECKPOINT] FUTU_US @ 83300
2026-07-30 02:31:46.909 | INFO | FUTU_US | [DB CHECKPOINT] FUTU_US @ 83400
2026-07-30 02:31:47.053 | INFO | FUTU_US | [DB CHECKPOINT] FUTU_US @ 83500
2026-07-30 02:31:47.249 | INFO | FUTU_US | [DB CHECKPOINT] FUTU_US @ 83600
2026-07-30 02:31:47.486 | INFO | FUTU_US | [DB CHECKPOINT] FUTU_US @ 83700
2026-07-30 02:31:47.646 | INFO | FUTU_US | [DB CHECKPOINT] FUTU_US @ 83800
2026-07-30 02:31:47.824 | INFO | FUTU_US | [DB CHECKPOINT] FUTU_US @ 83900
2026-07-30 02:31:48.060 | INFO | FUTU_US | [DB CHECKPOINT] FUTU_US @ 84000
2026-07-30 02:31:48.203 | INFO | FUTU_US | [DB CHECKPOINT] FUTU_US @ 84100
2026-07-30 02:31:48.414 | INFO | FUTU_US | [DB CHECKPOINT] FUTU_US @ 84200
2026-07-30 02:31:48.678 | INFO | FUTU_US | [DB CHECKPOINT] FUTU_US @ 84300
2026-07-30 02:31:48.816 | INFO | FUTU_US | [DB CHECKPOINT] FUTU_US @ 84400
2026-07-30 02:31:49.198 | INFO | FUTU_US | [DB CHECKPOINT] FUTU_US @ 84500
2026-07-30 02:31:49.299 | INFO | FUTU_US | [DB CHECKPOINT] FUTU_US @ 84600
2026-07-30 02:31:49.365 | INFO | FUTU_US | [DB CHECKPOINT] FUTU_US @ 84700
2026-07-30 02:31:49.457 | INFO | FUTU_HK | [FUTU_HK] 账户: 总资产=$823,936.69 现金=$635,296.69 证券=$188,640.00 冻结=$0.00 购买力=$635,296.69 (HKD)
2026-07-30 02:32:04.419 | INFO | FUTU_US | [FUTU_US] 行情接口连接成功（含多周期K线+TICKER）
2026-07-30 02:32:04.429 | INFO | FUTU_US | [FUTU_US] 交易接口解锁提示: 请使用OpenD页面右上角解锁按钮解锁交易，GUI版本OpenD已屏蔽解锁接口
2026-07-30 02:32:04.434 | INFO | FUTU_US | [FUTU_US] 账户列表 (共 2 个):
2026-07-30 02:32:04.434 | INFO | FUTU_US |   acc_id=281756478840044880 env=REAL type=MARGIN sim_type=N/A status=ACTIVE
2026-07-30 02:32:04.435 | INFO | FUTU_US |   acc_id=20074546 env=SIMULATE type=MARGIN sim_type=STOCK_AND_OPTION status=ACTIVE
2026-07-30 02:32:04.435 | INFO | FUTU_US | [FUTU_US] ✅ 选中: 美股模拟(股票+期权) acc_id=20074546
2026-07-30 02:32:04.435 | INFO | FUTU_US | [FUTU_US] 交易接口连接成功 (最终 acc_id=20074546)
2026-07-30 02:32:04.435 | INFO | FUTU_US | [FUTU_US] 警告：main_engine 为 None，无法自注册
2026-07-30 02:32:04.466 | INFO | FUTU_US | [FUTU_US] ✅ Tick 落盘监听器已注册 (EVENT_TICK)
2026-07-30 02:32:04.471 | INFO | FUTU_HK | [FUTU_HK] 行情接口连接成功（含多周期K线+TICKER）
2026-07-30 02:32:04.482 | INFO | FUTU_HK | [FUTU_HK] 交易接口解锁提示: 请使用OpenD页面右上角解锁按钮解锁交易，GUI版本OpenD已屏蔽解锁接口
2026-07-30 02:32:04.488 | INFO | FUTU_HK | [FUTU_HK] 账户列表 (共 3 个):
2026-07-30 02:32:04.488 | INFO | FUTU_HK |   acc_id=281756478840044880 env=REAL type=MARGIN sim_type=N/A status=ACTIVE
2026-07-30 02:32:04.488 | INFO | FUTU_HK |   acc_id=19110066 env=SIMULATE type=CASH sim_type=STOCK status=ACTIVE
2026-07-30 02:32:04.489 | INFO | FUTU_HK |   acc_id=19110071 env=SIMULATE type=MARGIN sim_type=OPTION status=ACTIVE
2026-07-30 02:32:04.489 | INFO | FUTU_HK | [FUTU_HK] ⚠️ 降级现金模拟 acc_id=19110066
2026-07-30 02:32:04.490 | INFO | FUTU_HK | [FUTU_HK] 交易接口连接成功 (最终 acc_id=19110066)
2026-07-30 02:32:04.490 | INFO | FUTU_HK | [FUTU_HK] 警告：main_engine 为 None，无法自注册
2026-07-30 02:32:05.291 | INFO | CtaStrategy | CTA策略引擎初始化成功
2026-07-30 02:32:05.571 | INFO | CtaStrategy | CTA策略引擎初始化成功
2026-07-30 02:32:16.096 | INFO | FUTU_HK | [FUTU_HK] 合约查询完成: 21257 个
2026-07-30 02:32:16.103 | INFO | FUTU_HK | [FUTU_HK] 查询成交失败: 模拟交易不支持成交数据
2026-07-30 02:32:16.123 | INFO | FUTU_HK | [FUTU_HK] 调试 accinfo 字段: ['power', 'max_power_short', 'net_cash_power', 'total_assets', 'securities_assets', 'fund_assets', 'bond_assets', 'cash', 'market_val', 'long_mv', 'short_mv', 'pending_asset', 'interest_charged_amount', 'frozen_cash', 'avl_withdrawal_cash', 'max_withdrawal', 'currency', 'available_funds', 'unrealized_pl', 'realized_pl', 'risk_level', 'risk_status', 'initial_margin', 'margin_call_margin', 'maintenance_margin', 'hk_cash', 'hk_avl_withdrawal_cash', 'hkd_net_cash_power', 'hkd_assets', 'us_cash', 'us_avl_withdrawal_cash', 'usd_net_cash_power', 'usd_assets', 'cn_cash', 'cn_avl_withdrawal_cash', 'cnh_net_cash_power', 'cnh_assets', 'jp_cash', 'jp_avl_withdrawal_cash', 'jpy_net_cash_power', 'jpy_assets', 'sg_cash', 'sg_avl_withdrawal_cash', 'sgd_net_cash_power', 'sgd_assets', 'au_cash', 'au_avl_withdrawal_cash', 'aud_net_cash_power', 'aud_assets', 'ca_cash', 'ca_avl_withdrawal_cash', 'cad_net_cash_power', 'cad_assets', 'my_cash', 'my_avl_withdrawal_cash', 'myr_net_cash_power', 'myr_assets', 'is_pdt', 'pdt_seq', 'beginning_dtbp', 'remaining_dtbp', 'dt_call_amount', 'dt_status']
2026-07-30 02:32:16.123 | INFO | FUTU_HK | [FUTU_HK] 账户: 总资产=$823,936.69 现金=$635,296.69 证券=$188,640.00 冻结=$0.00 购买力=$635,296.69 (HKD)
2026-07-30 02:32:17.559 | INFO | FUTU_US | [FUTU_US] 合约查询完成: 20579 个
2026-07-30 02:32:17.566 | INFO | FUTU_US | [FUTU_US] 查询成交失败: 模拟交易不支持成交数据
2026-07-30 02:32:17.587 | INFO | FUTU_US | [FUTU_US] 调试 accinfo 字段: ['power', 'max_power_short', 'net_cash_power', 'total_assets', 'securities_assets', 'fund_assets', 'bond_assets', 'cash', 'market_val', 'long_mv', 'short_mv', 'pending_asset', 'interest_charged_amount', 'frozen_cash', 'avl_withdrawal_cash', 'max_withdrawal', 'currency', 'available_funds', 'unrealized_pl', 'realized_pl', 'risk_level', 'risk_status', 'initial_margin', 'margin_call_margin', 'maintenance_margin', 'hk_cash', 'hk_avl_withdrawal_cash', 'hkd_net_cash_power', 'hkd_assets', 'us_cash', 'us_avl_withdrawal_cash', 'usd_net_cash_power', 'usd_assets', 'cn_cash', 'cn_avl_withdrawal_cash', 'cnh_net_cash_power', 'cnh_assets', 'jp_cash', 'jp_avl_withdrawal_cash', 'jpy_net_cash_power', 'jpy_assets', 'sg_cash', 'sg_avl_withdrawal_cash', 'sgd_net_cash_power', 'sgd_assets', 'au_cash', 'au_avl_withdrawal_cash', 'aud_net_cash_power', 'aud_assets', 'ca_cash', 'ca_avl_withdrawal_cash', 'cad_net_cash_power', 'cad_assets', 'my_cash', 'my_avl_withdrawal_cash', 'myr_net_cash_power', 'myr_assets', 'is_pdt', 'pdt_seq', 'beginning_dtbp', 'remaining_dtbp', 'dt_call_amount', 'dt_status']
2026-07-30 02:32:17.588 | INFO | FUTU_US | [FUTU_US] 账户: 总资产=$9,999,919.81 现金=$9,996,058.01 证券=$3,861.80 冻结=$0.00 购买力=$19,995,977.82 (USD)
2026-07-30 02:32:18.479 | INFO | FUTU_HK | [FUTU_HK] 账户: 总资产=$823,936.69 现金=$635,296.69 证券=$188,640.00 冻结=$0.00 购买力=$635,296.69 (HKD)
2026-07-30 02:32:20.378 | INFO | FUTU_US | [FUTU_US] 账户: 总资产=$9,999,919.81 现金=$9,996,058.01 证券=$3,861.80 冻结=$0.00 购买力=$19,995,977.82 (USD)
2026-07-30 02:32:24.481 | INFO | FUTU_HK | [FUTU_HK] 账户: 总资产=$823,936.69 现金=$635,296.69 证券=$188,640.00 冻结=$0.00 购买力=$635,296.69 (HKD)
2026-07-30 02:32:26.388 | INFO | FUTU_US | [FUTU_US] 账户: 总资产=$9,999,919.81 现金=$9,996,058.01 证券=$3,861.80 冻结=$0.00 购买力=$19,995,977.82 (USD)
2026-07-30 02:32:29.827 | INFO | CtaStrategy | 策略GridStrategy_AAPL移除成功
2026-07-30 02:32:30.331 | INFO | CtaStrategy | [GridStrategy_AAPL]  AI参数已加载: ['grid_step', 'grid_levels', 'fixed_size', 'upper_bound', 'lower_bound']
2026-07-30 02:32:30.332 | INFO | CtaStrategy | [GridStrategy_AAPL]  [INIT] GridStrategy_AAPL | AAPL.SMART | US=True HK=False v1
2026-07-30 02:32:30.335 | INFO | CtaStrategy | GridStrategy_AAPL开始执行初始化
2026-07-30 02:32:30.336 | INFO | CtaStrategy | [GridStrategy_AAPL]  ✅ GridStrategy_AAPL 初始化完成 (v1)
2026-07-30 02:32:30.336 | INFO | CtaStrategy | [GridStrategy_AAPL]  网格策略初始化 | 层数=5 ATR间距=True
2026-07-30 02:32:30.337 | INFO | MainEngine | 订阅行情 -> FUTU_US：SubscribeRequest(symbol='AAPL', exchange=<Exchange.SMART: 'SMART'>)
2026-07-30 02:32:30.337 | INFO | FUTU_US | [FUTU_US] 订阅参数: US.AAPL session=ALL
2026-07-30 02:32:30.337 | INFO | CtaStrategy | 策略GridStrategy_AAPL启动失败，请先初始化
2026-07-30 02:32:30.340 | INFO | CtaStrategy | 策略GridStrategy_AMD移除成功
2026-07-30 02:32:30.364 | INFO | FUTU_US | [FUTU_US] ✅ 全套订阅成功: US.AAPL
2026-07-30 02:32:30.364 | INFO | CtaStrategy | GridStrategy_AAPL初始化完成
2026-07-30 02:32:30.482 | INFO | FUTU_HK | [FUTU_HK] 账户: 总资产=$823,936.69 现金=$635,296.69 证券=$188,640.00 冻结=$0.00 购买力=$635,296.69 (HKD)
2026-07-30 02:32:30.845 | INFO | CtaStrategy | [GridStrategy_AMD]  AI参数已加载: ['grid_step', 'grid_levels', 'fixed_size', 'upper_bound', 'lower_bound']
2026-07-30 02:32:30.846 | INFO | CtaStrategy | [GridStrategy_AMD]  [INIT] GridStrategy_AMD | AMD.SMART | US=True HK=False v1
2026-07-30 02:32:30.849 | INFO | CtaStrategy | 策略GridStrategy_AMD启动失败，请先初始化
2026-07-30 02:32:30.850 | INFO | CtaStrategy | GridStrategy_AMD开始执行初始化
2026-07-30 02:32:30.851 | INFO | CtaStrategy | [GridStrategy_AMD]  ✅ GridStrategy_AMD 初始化完成 (v1)
2026-07-30 02:32:30.851 | INFO | CtaStrategy | [GridStrategy_AMD]  网格策略初始化 | 层数=5 ATR间距=True
2026-07-30 02:32:30.852 | INFO | MainEngine | 订阅行情 -> FUTU_US：SubscribeRequest(symbol='AMD', exchange=<Exchange.SMART: 'SMART'>)
2026-07-30 02:32:30.852 | INFO | FUTU_US | [FUTU_US] 订阅参数: US.AMD session=ALL
2026-07-30 02:32:30.855 | INFO | CtaStrategy | 策略GridStrategy_AMZN移除成功
2026-07-30 02:32:30.885 | INFO | FUTU_US | [FUTU_US] ✅ 全套订阅成功: US.AMD
2026-07-30 02:32:30.886 | INFO | CtaStrategy | GridStrategy_AMD初始化完成
2026-07-30 02:32:31.361 | INFO | CtaStrategy | [GridStrategy_AMZN]  AI参数已加载: ['grid_step', 'grid_levels', 'fixed_size', 'upper_bound', 'lower_bound']
2026-07-30 02:32:31.362 | INFO | CtaStrategy | [GridStrategy_AMZN]  [INIT] GridStrategy_AMZN | AMZN.SMART | US=True HK=False v1
2026-07-30 02:32:31.367 | INFO | CtaStrategy | 策略GridStrategy_AMZN启动失败，请先初始化
2026-07-30 02:32:31.367 | INFO | CtaStrategy | GridStrategy_AMZN开始执行初始化
2026-07-30 02:32:31.368 | INFO | CtaStrategy | [GridStrategy_AMZN]  ✅ GridStrategy_AMZN 初始化完成 (v1)
2026-07-30 02:32:31.368 | INFO | CtaStrategy | [GridStrategy_AMZN]  网格策略初始化 | 层数=5 ATR间距=True
2026-07-30 02:32:31.368 | INFO | MainEngine | 订阅行情 -> FUTU_US：SubscribeRequest(symbol='AMZN', exchange=<Exchange.SMART: 'SMART'>)
2026-07-30 02:32:31.369 | INFO | FUTU_US | [FUTU_US] 订阅参数: US.AMZN session=ALL
2026-07-30 02:32:31.372 | INFO | CtaStrategy | 策略GridStrategy_BABA移除成功
2026-07-30 02:32:31.406 | INFO | FUTU_US | [FUTU_US] ✅ 全套订阅成功: US.AMZN
2026-07-30 02:32:31.406 | INFO | CtaStrategy | GridStrategy_AMZN初始化完成
2026-07-30 02:32:31.490 | INFO | FUTU_US | [DB CHECKPOINT] FUTU_US @ 100
2026-07-30 02:32:31.875 | INFO | CtaStrategy | [GridStrategy_BABA]  AI参数已加载: ['grid_step', 'grid_levels', 'fixed_size', 'upper_bound', 'lower_bound']
2026-07-30 02:32:31.876 | INFO | CtaStrategy | [GridStrategy_BABA]  [INIT] GridStrategy_BABA | BABA.SMART | US=True HK=False v1
2026-07-30 02:32:31.882 | INFO | CtaStrategy | 策略GridStrategy_BABA启动失败，请先初始化
2026-07-30 02:32:31.883 | INFO | CtaStrategy | GridStrategy_BABA开始执行初始化
2026-07-30 02:32:31.883 | INFO | CtaStrategy | [GridStrategy_BABA]  ✅ GridStrategy_BABA 初始化完成 (v1)
2026-07-30 02:32:31.886 | INFO | CtaStrategy | [GridStrategy_BABA]  网格策略初始化 | 层数=5 ATR间距=True
2026-07-30 02:32:31.886 | INFO | MainEngine | 订阅行情 -> FUTU_US：SubscribeRequest(symbol='BABA', exchange=<Exchange.SMART: 'SMART'>)
2026-07-30 02:32:31.886 | INFO | FUTU_US | [FUTU_US] 订阅参数: US.BABA session=ALL
2026-07-30 02:32:31.889 | INFO | CtaStrategy | 策略GridStrategy_GOOGL移除成功
2026-07-30 02:32:31.927 | INFO | FUTU_US | [FUTU_US] ✅ 全套订阅成功: US.BABA
2026-07-30 02:32:31.928 | INFO | CtaStrategy | GridStrategy_BABA初始化完成
2026-07-30 02:32:32.400 | INFO | FUTU_US | [DB CHECKPOINT] FUTU_US @ 200
2026-07-30 02:32:32.401 | INFO | FUTU_US | [FUTU_US] 账户: 总资产=$9,999,914.01 现金=$9,996,058.01 证券=$3,856.00 冻结=$0.00 购买力=$19,995,972.02 (USD)
2026-07-30 02:32:32.403 | INFO | CtaStrategy | [GridStrategy_GOOGL]  AI参数已加载: ['grid_step', 'grid_levels', 'fixed_size', 'upper_bound', 'lower_bound']
2026-07-30 02:32:32.403 | INFO | CtaStrategy | [GridStrategy_GOOGL]  [INIT] GridStrategy_GOOGL | GOOGL.SMART | US=True HK=False v1
2026-07-30 02:32:32.406 | INFO | CtaStrategy | 策略GridStrategy_GOOGL启动失败，请先初始化
2026-07-30 02:32:32.407 | INFO | CtaStrategy | GridStrategy_GOOGL开始执行初始化
2026-07-30 02:32:32.407 | INFO | CtaStrategy | [GridStrategy_GOOGL]  ✅ GridStrategy_GOOGL 初始化完成 (v1)
2026-07-30 02:32:32.407 | INFO | CtaStrategy | [GridStrategy_GOOGL]  网格策略初始化 | 层数=5 ATR间距=True
2026-07-30 02:32:32.407 | INFO | MainEngine | 订阅行情 -> FUTU_US：SubscribeRequest(symbol='GOOGL', exchange=<Exchange.SMART: 'SMART'>)
2026-07-30 02:32:32.408 | INFO | FUTU_US | [FUTU_US] 订阅参数: US.GOOGL session=ALL
2026-07-30 02:32:32.411 | INFO | CtaStrategy | 策略GridStrategy_META移除成功
2026-07-30 02:32:32.435 | INFO | FUTU_US | [FUTU_US] ✅ 全套订阅成功: US.GOOGL
2026-07-30 02:32:32.437 | INFO | CtaStrategy | GridStrategy_GOOGL初始化完成
2026-07-30 02:32:32.742 | INFO | FUTU_US | [DB CHECKPOINT] FUTU_US @ 300
2026-07-30 02:32:32.914 | INFO | CtaStrategy | [GridStrategy_META]  AI参数已加载: ['grid_step', 'grid_levels', 'fixed_size', 'upper_bound', 'lower_bound']
2026-07-30 02:32:32.914 | INFO | CtaStrategy | [GridStrategy_META]  [INIT] GridStrategy_META | META.SMART | US=True HK=False v1
2026-07-30 02:32:32.917 | INFO | CtaStrategy | 策略GridStrategy_META启动失败，请先初始化
2026-07-30 02:32:32.920 | INFO | CtaStrategy | GridStrategy_META开始执行初始化
2026-07-30 02:32:32.921 | INFO | CtaStrategy | [GridStrategy_META]  ✅ GridStrategy_META 初始化完成 (v1)
2026-07-30 02:32:32.922 | INFO | CtaStrategy | [GridStrategy_META]  网格策略初始化 | 层数=5 ATR间距=True
2026-07-30 02:32:32.922 | INFO | MainEngine | 订阅行情 -> FUTU_US：SubscribeRequest(symbol='META', exchange=<Exchange.SMART: 'SMART'>)
2026-07-30 02:32:32.922 | INFO | FUTU_US | [FUTU_US] 订阅参数: US.META session=ALL
2026-07-30 02:32:32.935 | INFO | CtaStrategy | 策略GridStrategy_MSFT移除成功
2026-07-30 02:32:32.976 | INFO | FUTU_US | [FUTU_US] ✅ 全套订阅成功: US.META
2026-07-30 02:32:32.977 | INFO | CtaStrategy | GridStrategy_META初始化完成
2026-07-30 02:32:33.042 | INFO | FUTU_US | [DB CHECKPOINT] FUTU_US @ 400
2026-07-30 02:32:33.434 | INFO | FUTU_US | [DB CHECKPOINT] FUTU_US @ 500
2026-07-30 02:32:33.457 | INFO | CtaStrategy | [GridStrategy_MSFT]  AI参数已加载: ['grid_step', 'grid_levels', 'fixed_size', 'upper_bound', 'lower_bound']
2026-07-30 02:32:33.458 | INFO | CtaStrategy | [GridStrategy_MSFT]  [INIT] GridStrategy_MSFT | MSFT.SMART | US=True HK=False v1
2026-07-30 02:32:33.464 | INFO | CtaStrategy | 策略GridStrategy_MSFT启动失败，请先初始化
2026-07-30 02:32:33.464 | INFO | CtaStrategy | GridStrategy_MSFT开始执行初始化
2026-07-30 02:32:33.465 | INFO | CtaStrategy | [GridStrategy_MSFT]  ✅ GridStrategy_MSFT 初始化完成 (v1)
2026-07-30 02:32:33.465 | INFO | CtaStrategy | [GridStrategy_MSFT]  网格策略初始化 | 层数=5 ATR间距=True
2026-07-30 02:32:33.467 | INFO | MainEngine | 订阅行情 -> FUTU_US：SubscribeRequest(symbol='MSFT', exchange=<Exchange.SMART: 'SMART'>)
2026-07-30 02:32:33.468 | INFO | FUTU_US | [FUTU_US] 订阅参数: US.MSFT session=ALL
2026-07-30 02:32:33.501 | INFO | FUTU_US | [FUTU_US] ✅ 全套订阅成功: US.MSFT
2026-07-30 02:32:33.505 | INFO | CtaStrategy | GridStrategy_MSFT初始化完成
2026-07-30 02:32:33.507 | INFO | CtaStrategy | 策略GridStrategy_NFLX移除成功
2026-07-30 02:32:33.701 | INFO | FUTU_US | [DB CHECKPOINT] FUTU_US @ 600
2026-07-30 02:32:33.814 | INFO | FUTU_US | [DB CHECKPOINT] FUTU_US @ 700
2026-07-30 02:32:33.932 | INFO | FUTU_US | [DB CHECKPOINT] FUTU_US @ 800
2026-07-30 02:32:34.002 | INFO | FUTU_US | [DB CHECKPOINT] FUTU_US @ 900
2026-07-30 02:32:34.010 | INFO | CtaStrategy | [GridStrategy_NFLX]  AI参数已加载: ['grid_step', 'grid_levels', 'fixed_size', 'upper_bound', 'lower_bound']
2026-07-30 02:32:34.028 | INFO | CtaStrategy | [GridStrategy_NFLX]  [INIT] GridStrategy_NFLX | NFLX.SMART | US=True HK=False v1
2026-07-30 02:32:34.031 | INFO | CtaStrategy | 策略GridStrategy_NFLX启动失败，请先初始化
2026-07-30 02:32:34.032 | INFO | CtaStrategy | GridStrategy_NFLX开始执行初始化
2026-07-30 02:32:34.033 | INFO | CtaStrategy | [GridStrategy_NFLX]  ✅ GridStrategy_NFLX 初始化完成 (v1)
2026-07-30 02:32:34.033 | INFO | CtaStrategy | [GridStrategy_NFLX]  网格策略初始化 | 层数=5 ATR间距=True
2026-07-30 02:32:34.034 | INFO | MainEngine | 订阅行情 -> FUTU_US：SubscribeRequest(symbol='NFLX', exchange=<Exchange.SMART: 'SMART'>)
2026-07-30 02:32:34.035 | INFO | FUTU_US | [FUTU_US] 订阅参数: US.NFLX session=ALL
2026-07-30 02:32:34.037 | INFO | CtaStrategy | 策略GridStrategy_NVDA移除成功
2026-07-30 02:32:34.058 | INFO | FUTU_US | [FUTU_US] ✅ 全套订阅成功: US.NFLX
2026-07-30 02:32:34.059 | INFO | CtaStrategy | GridStrategy_NFLX初始化完成
2026-07-30 02:32:34.079 | INFO | FUTU_US | [DB CHECKPOINT] FUTU_US @ 1000
2026-07-30 02:32:34.132 | INFO | FUTU_US | [DB CHECKPOINT] FUTU_US @ 1100
2026-07-30 02:32:34.203 | INFO | FUTU_US | [DB CHECKPOINT] FUTU_US @ 1200
2026-07-30 02:32:34.273 | INFO | FUTU_US | [DB CHECKPOINT] FUTU_US @ 1300
2026-07-30 02:32:34.326 | INFO | FUTU_US | [DB CHECKPOINT] FUTU_US @ 1400
2026-07-30 02:32:34.410 | INFO | FUTU_US | [DB CHECKPOINT] FUTU_US @ 1500
2026-07-30 02:32:34.523 | INFO | FUTU_US | [DB CHECKPOINT] FUTU_US @ 1600
2026-07-30 02:32:34.525 | INFO | CtaStrategy | [GridStrategy_NVDA]  AI参数已加载: ['grid_step', 'grid_levels', 'fixed_size', 'upper_bound', 'lower_bound']
2026-07-30 02:32:34.525 | INFO | CtaStrategy | [GridStrategy_NVDA]  [INIT] GridStrategy_NVDA | NVDA.SMART | US=True HK=False v1
2026-07-30 02:32:34.529 | INFO | CtaStrategy | 策略GridStrategy_NVDA启动失败，请先初始化
2026-07-30 02:32:34.529 | INFO | CtaStrategy | GridStrategy_NVDA开始执行初始化
2026-07-30 02:32:34.531 | INFO | CtaStrategy | [GridStrategy_NVDA]  ✅ GridStrategy_NVDA 初始化完成 (v1)
2026-07-30 02:32:34.531 | INFO | CtaStrategy | [GridStrategy_NVDA]  网格策略初始化 | 层数=5 ATR间距=True
2026-07-30 02:32:34.532 | INFO | MainEngine | 订阅行情 -> FUTU_US：SubscribeRequest(symbol='NVDA', exchange=<Exchange.SMART: 'SMART'>)
2026-07-30 02:32:34.532 | INFO | FUTU_US | [FUTU_US] 订阅参数: US.NVDA session=ALL
2026-07-30 02:32:34.561 | INFO | CtaStrategy | 策略GridStrategy_TSLA移除成功
2026-07-30 02:32:34.563 | INFO | FUTU_US | [FUTU_US] ✅ 全套订阅成功: US.NVDA
2026-07-30 02:32:34.564 | INFO | CtaStrategy | GridStrategy_NVDA初始化完成
2026-07-30 02:32:34.614 | INFO | FUTU_US | [DB CHECKPOINT] FUTU_US @ 1700
2026-07-30 02:32:34.739 | INFO | FUTU_US | [DB CHECKPOINT] FUTU_US @ 1800
2026-07-30 02:32:34.880 | INFO | FUTU_US | [DB CHECKPOINT] FUTU_US @ 1900
2026-07-30 02:32:35.054 | INFO | CtaStrategy | [GridStrategy_TSLA]  AI参数已加载: ['grid_step', 'grid_levels', 'fixed_size', 'upper_bound', 'lower_bound']
2026-07-30 02:32:35.055 | INFO | CtaStrategy | [GridStrategy_TSLA]  [INIT] GridStrategy_TSLA | TSLA.SMART | US=True HK=False v1
2026-07-30 02:32:35.056 | INFO | CtaStrategy | 策略GridStrategy_TSLA启动失败，请先初始化
2026-07-30 02:32:35.057 | INFO | CtaStrategy | GridStrategy_TSLA开始执行初始化
2026-07-30 02:32:35.058 | INFO | CtaStrategy | [GridStrategy_TSLA]  ✅ GridStrategy_TSLA 初始化完成 (v1)
2026-07-30 02:32:35.058 | INFO | CtaStrategy | [GridStrategy_TSLA]  网格策略初始化 | 层数=5 ATR间距=True
2026-07-30 02:32:35.058 | INFO | MainEngine | 订阅行情 -> FUTU_US：SubscribeRequest(symbol='TSLA', exchange=<Exchange.SMART: 'SMART'>)
2026-07-30 02:32:35.058 | INFO | FUTU_US | [FUTU_US] 订阅参数: US.TSLA session=ALL
2026-07-30 02:32:35.098 | INFO | FUTU_US | [FUTU_US] ✅ 全套订阅成功: US.TSLA
2026-07-30 02:32:35.100 | INFO | CtaStrategy | GridStrategy_TSLA初始化完成
2026-07-30 02:32:35.125 | INFO | FUTU_US | [DB CHECKPOINT] FUTU_US @ 2000
2026-07-30 02:32:35.302 | INFO | FUTU_US | [DB CHECKPOINT] FUTU_US @ 2100
2026-07-30 02:32:35.564 | INFO | FUTU_US | [DB CHECKPOINT] FUTU_US @ 2200
2026-07-30 02:32:35.742 | INFO | FUTU_US | [DB CHECKPOINT] FUTU_US @ 2300
2026-07-30 02:32:35.815 | INFO | FUTU_US | [DB CHECKPOINT] FUTU_US @ 2400
2026-07-30 02:32:36.012 | INFO | FUTU_US | [DB CHECKPOINT] FUTU_US @ 2500
2026-07-30 02:32:36.131 | INFO | FUTU_US | [DB CHECKPOINT] FUTU_US @ 2600
2026-07-30 02:32:36.336 | INFO | FUTU_US | [DB CHECKPOINT] FUTU_US @ 2700
2026-07-30 02:32:36.466 | INFO | FUTU_US | [DB CHECKPOINT] FUTU_US @ 2800
2026-07-30 02:32:36.491 | INFO | FUTU_HK | [FUTU_HK] 账户: 总资产=$823,936.69 现金=$635,296.69 证券=$188,640.00 冻结=$0.00 购买力=$635,296.69 (HKD)
2026-07-30 02:32:36.677 | INFO | FUTU_US | [DB CHECKPOINT] FUTU_US @ 2900
2026-07-30 02:32:36.911 | INFO | FUTU_US | [DB CHECKPOINT] FUTU_US @ 3000
2026-07-30 02:32:36.996 | INFO | FUTU_US | [DB CHECKPOINT] FUTU_US @ 3100
2026-07-30 02:32:37.214 | INFO | FUTU_US | [DB CHECKPOINT] FUTU_US @ 3200
2026-07-30 02:32:37.398 | INFO | FUTU_US | [DB CHECKPOINT] FUTU_US @ 3300
2026-07-30 02:32:37.544 | INFO | FUTU_US | [DB CHECKPOINT] FUTU_US @ 3400
2026-07-30 02:32:37.740 | INFO | FUTU_US | [DB CHECKPOINT] FUTU_US @ 3500
2026-07-30 02:32:37.971 | INFO | FUTU_US | [DB CHECKPOINT] FUTU_US @ 3600
2026-07-30 02:32:38.255 | INFO | FUTU_US | [DB CHECKPOINT] FUTU_US @ 3700
2026-07-30 02:32:38.414 | INFO | FUTU_US | [FUTU_US] 账户: 总资产=$9,999,914.01 现金=$9,996,058.01 证券=$3,856.00 冻结=$0.00 购买力=$19,995,972.02 (USD)
2026-07-30 02:32:38.428 | INFO | FUTU_US | [DB CHECKPOINT] FUTU_US @ 3800
2026-07-30 02:32:38.635 | INFO | FUTU_US | [DB CHECKPOINT] FUTU_US @ 3900
2026-07-30 02:32:38.743 | INFO | FUTU_US | [DB CHECKPOINT] FUTU_US @ 4000
2026-07-30 02:32:38.951 | INFO | FUTU_US | [DB CHECKPOINT] FUTU_US @ 4100
2026-07-30 02:32:39.088 | INFO | FUTU_US | [DB CHECKPOINT] FUTU_US @ 4200
2026-07-30 02:32:39.355 | INFO | FUTU_US | [DB CHECKPOINT] FUTU_US @ 4300
2026-07-30 02:32:39.486 | INFO | FUTU_US | [DB CHECKPOINT] FUTU_US @ 4400
2026-07-30 02:32:39.589 | INFO | FUTU_US | [DB CHECKPOINT] FUTU_US @ 4500
2026-07-30 02:32:39.909 | INFO | FUTU_US | [DB CHECKPOINT] FUTU_US @ 4600
2026-07-30 02:32:40.132 | INFO | FUTU_US | [DB CHECKPOINT] FUTU_US @ 4700
2026-07-30 02:32:40.432 | INFO | FUTU_US | [DB CHECKPOINT] FUTU_US @ 4800
2026-07-30 02:32:40.662 | INFO | FUTU_US | [DB CHECKPOINT] FUTU_US @ 4900
2026-07-30 02:32:40.792 | INFO | FUTU_US | [DB CHECKPOINT] FUTU_US @ 5000
2026-07-30 02:32:40.887 | INFO | FUTU_US | [DB CHECKPOINT] FUTU_US @ 5100
2026-07-30 02:32:41.092 | INFO | FUTU_US | [DB CHECKPOINT] FUTU_US @ 5200
2026-07-30 02:32:41.271 | INFO | FUTU_US | [DB CHECKPOINT] FUTU_US @ 5300
2026-07-30 02:32:41.426 | INFO | FUTU_US | [DB CHECKPOINT] FUTU_US @ 5400
2026-07-30 02:32:41.497 | INFO | FUTU_US | [DB CHECKPOINT] FUTU_US @ 5500
2026-07-30 02:32:41.676 | INFO | FUTU_US | [DB CHECKPOINT] FUTU_US @ 5600
2026-07-30 02:32:41.752 | INFO | FUTU_US | [DB CHECKPOINT] FUTU_US @ 5700
2026-07-30 02:32:41.813 | INFO | FUTU_US | [DB CHECKPOINT] FUTU_US @ 5800
2026-07-30 02:32:42.008 | INFO | FUTU_US | [DB CHECKPOINT] FUTU_US @ 5900
2026-07-30 02:32:42.094 | INFO | FUTU_US | [DB CHECKPOINT] FUTU_US @ 6000
2026-07-30 02:32:42.492 | INFO | FUTU_HK | [FUTU_HK] 账户: 总资产=$823,936.69 现金=$635,296.69 证券=$188,640.00 冻结=$0.00 购买力=$635,296.69 (HKD)
2026-07-30 02:32:42.600 | INFO | FUTU_US | [DB CHECKPOINT] FUTU_US @ 6100
2026-07-30 02:32:42.709 | INFO | FUTU_US | [DB CHECKPOINT] FUTU_US @ 6200
2026-07-30 02:32:42.816 | INFO | FUTU_US | [DB CHECKPOINT] FUTU_US @ 6300
2026-07-30 02:32:42.945 | INFO | FUTU_US | [DB CHECKPOINT] FUTU_US @ 6400
2026-07-30 02:32:43.026 | INFO | FUTU_US | [DB CHECKPOINT] FUTU_US @ 6500
2026-07-30 02:32:43.193 | INFO | FUTU_US | [DB CHECKPOINT] FUTU_US @ 6600
2026-07-30 02:32:43.445 | INFO | FUTU_US | [DB CHECKPOINT] FUTU_US @ 6700
2026-07-30 02:32:43.517 | INFO | FUTU_US | [DB CHECKPOINT] FUTU_US @ 6800
2026-07-30 02:32:43.632 | INFO | FUTU_US | [DB CHECKPOINT] FUTU_US @ 6900
2026-07-30 02:32:43.786 | INFO | FUTU_US | [DB CHECKPOINT] FUTU_US @ 7000
2026-07-30 02:32:43.984 | INFO | FUTU_US | [DB CHECKPOINT] FUTU_US @ 7100
2026-07-30 02:32:44.132 | INFO | FUTU_US | [DB CHECKPOINT] FUTU_US @ 7200
2026-07-30 02:32:44.196 | INFO | FUTU_US | [DB CHECKPOINT] FUTU_US @ 7300
2026-07-30 02:32:44.419 | INFO | FUTU_US | [FUTU_US] 账户: 总资产=$9,999,914.01 现金=$9,996,058.01 证券=$3,856.00 冻结=$0.00 购买力=$19,995,972.02 (USD)
2026-07-30 02:32:44.436 | INFO | FUTU_US | [DB CHECKPOINT] FUTU_US @ 7400
2026-07-30 02:32:44.727 | INFO | FUTU_US | [DB CHECKPOINT] FUTU_US @ 7500
2026-07-30 02:32:44.997 | INFO | FUTU_US | [DB CHECKPOINT] FUTU_US @ 7600
2026-07-30 02:32:45.231 | INFO | FUTU_US | [DB CHECKPOINT] FUTU_US @ 7700
2026-07-30 02:32:45.460 | INFO | FUTU_US | [DB CHECKPOINT] FUTU_US @ 7800
2026-07-30 02:32:45.757 | INFO | FUTU_US | [DB CHECKPOINT] FUTU_US @ 7900
2026-07-30 02:32:46.021 | INFO | FUTU_US | [DB CHECKPOINT] FUTU_US @ 8000
2026-07-30 02:32:46.327 | INFO | FUTU_US | [DB CHECKPOINT] FUTU_US @ 8100
2026-07-30 02:32:46.582 | INFO | FUTU_US | [DB CHECKPOINT] FUTU_US @ 8200
2026-07-30 02:32:46.794 | INFO | FUTU_US | [DB CHECKPOINT] FUTU_US @ 8300
2026-07-30 02:32:46.902 | INFO | FUTU_US | [DB CHECKPOINT] FUTU_US @ 8400
2026-07-30 02:32:47.097 | INFO | FUTU_US | [DB CHECKPOINT] FUTU_US @ 8500
2026-07-30 02:32:47.454 | INFO | FUTU_US | [DB CHECKPOINT] FUTU_US @ 8600
2026-07-30 02:32:47.593 | INFO | FUTU_US | [DB CHECKPOINT] FUTU_US @ 8700
2026-07-30 02:32:47.848 | INFO | FUTU_US | [DB CHECKPOINT] FUTU_US @ 8800
2026-07-30 02:32:48.091 | INFO | FUTU_US | [DB CHECKPOINT] FUTU_US @ 8900
2026-07-30 02:32:48.350 | INFO | FUTU_US | [DB CHECKPOINT] FUTU_US @ 9000
2026-07-30 02:32:48.513 | INFO | FUTU_HK | [FUTU_HK] 账户: 总资产=$823,936.69 现金=$635,296.69 证券=$188,640.00 冻结=$0.00 购买力=$635,296.69 (HKD)
2026-07-30 02:32:48.680 | INFO | FUTU_US | [DB CHECKPOINT] FUTU_US @ 9100
2026-07-30 02:32:48.881 | INFO | FUTU_US | [DB CHECKPOINT] FUTU_US @ 9200
2026-07-30 02:32:49.094 | INFO | FUTU_US | [DB CHECKPOINT] FUTU_US @ 9300
2026-07-30 02:32:49.194 | INFO | FUTU_US | [DB CHECKPOINT] FUTU_US @ 9400
2026-07-30 02:32:49.507 | INFO | FUTU_US | [DB CHECKPOINT] FUTU_US @ 9500
2026-07-30 02:32:49.765 | INFO | FUTU_US | [DB CHECKPOINT] FUTU_US @ 9600
2026-07-30 02:32:49.896 | INFO | FUTU_US | [DB CHECKPOINT] FUTU_US @ 9700
2026-07-30 02:32:50.042 | INFO | FUTU_US | [DB CHECKPOINT] FUTU_US @ 9800
2026-07-30 02:32:50.232 | INFO | FUTU_US | [DB CHECKPOINT] FUTU_US @ 9900
2026-07-30 02:32:50.420 | INFO | FUTU_US | [FUTU_US] 账户: 总资产=$9,999,914.01 现金=$9,996,058.01 证券=$3,856.00 冻结=$0.00 购买力=$19,995,972.02 (USD)
2026-07-30 02:32:50.533 | INFO | FUTU_US | [DB CHECKPOINT] FUTU_US @ 10000
2026-07-30 02:32:50.585 | INFO | FUTU_US | [DB CHECKPOINT] FUTU_US @ 10100
2026-07-30 02:32:50.687 | INFO | FUTU_US | [DB CHECKPOINT] FUTU_US @ 10200
2026-07-30 02:32:51.018 | INFO | FUTU_US | [DB CHECKPOINT] FUTU_US @ 10300
2026-07-30 02:32:51.329 | INFO | FUTU_US | [DB CHECKPOINT] FUTU_US @ 10400
2026-07-30 02:32:51.591 | INFO | FUTU_US | [DB CHECKPOINT] FUTU_US @ 10500
2026-07-30 02:32:51.767 | INFO | FUTU_US | [DB CHECKPOINT] FUTU_US @ 10600
2026-07-30 02:32:51.928 | INFO | FUTU_US | [DB CHECKPOINT] FUTU_US @ 10700
2026-07-30 02:32:52.420 | INFO | FUTU_US | [DB CHECKPOINT] FUTU_US @ 10800
2026-07-30 02:32:52.541 | INFO | FUTU_US | [DB CHECKPOINT] FUTU_US @ 10900
2026-07-30 02:32:52.758 | INFO | FUTU_US | [DB CHECKPOINT] FUTU_US @ 11000
2026-07-30 02:32:52.943 | INFO | FUTU_US | [DB CHECKPOINT] FUTU_US @ 11100
2026-07-30 02:32:53.139 | INFO | FUTU_US | [DB CHECKPOINT] FUTU_US @ 11200
2026-07-30 02:32:53.297 | INFO | FUTU_US | [DB CHECKPOINT] FUTU_US @ 11300
2026-07-30 02:32:53.490 | INFO | FUTU_US | [DB CHECKPOINT] FUTU_US @ 11400
2026-07-30 02:32:53.680 | INFO | FUTU_US | [DB CHECKPOINT] FUTU_US @ 11500
2026-07-30 02:32:53.892 | INFO | FUTU_US | [DB CHECKPOINT] FUTU_US @ 11600
2026-07-30 02:32:54.145 | INFO | FUTU_US | [DB CHECKPOINT] FUTU_US @ 11700
2026-07-30 02:32:54.400 | INFO | FUTU_US | [DB CHECKPOINT] FUTU_US @ 11800
2026-07-30 02:32:54.507 | INFO | FUTU_HK | [FUTU_HK] 账户: 总资产=$823,936.69 现金=$635,296.69 证券=$188,640.00 冻结=$0.00 购买力=$635,296.69 (HKD)
2026-07-30 02:32:54.769 | INFO | FUTU_US | [DB CHECKPOINT] FUTU_US @ 11900
2026-07-30 02:32:55.028 | INFO | FUTU_US | [DB CHECKPOINT] FUTU_US @ 12000
2026-07-30 02:32:55.271 | INFO | FUTU_US | [DB CHECKPOINT] FUTU_US @ 12100
2026-07-30 02:32:55.638 | INFO | FUTU_US | [DB CHECKPOINT] FUTU_US @ 12200
2026-07-30 02:32:55.826 | INFO | FUTU_US | [DB CHECKPOINT] FUTU_US @ 12300
2026-07-30 02:32:56.148 | INFO | FUTU_US | [DB CHECKPOINT] FUTU_US @ 12400
2026-07-30 02:32:56.409 | INFO | FUTU_US | [FUTU_US] 账户: 总资产=$9,999,914.01 现金=$9,996,058.01 证券=$3,856.00 冻结=$0.00 购买力=$19,995,972.02 (USD)
2026-07-30 02:32:56.498 | INFO | FUTU_US | [DB CHECKPOINT] FUTU_US @ 12500
2026-07-30 02:32:56.693 | INFO | FUTU_US | [DB CHECKPOINT] FUTU_US @ 12600
2026-07-30 02:32:57.018 | INFO | FUTU_US | [DB CHECKPOINT] FUTU_US @ 12700
2026-07-30 02:32:57.386 | INFO | FUTU_US | [DB CHECKPOINT] FUTU_US @ 12800
2026-07-30 02:32:57.492 | INFO | FUTU_US | [DB CHECKPOINT] FUTU_US @ 12900
2026-07-30 02:32:57.775 | INFO | FUTU_US | [DB CHECKPOINT] FUTU_US @ 13000
2026-07-30 02:32:58.131 | INFO | FUTU_US | [DB CHECKPOINT] FUTU_US @ 13100
2026-07-30 02:32:58.293 | INFO | FUTU_US | [DB CHECKPOINT] FUTU_US @ 13200
2026-07-30 02:32:58.481 | INFO | FUTU_US | [DB CHECKPOINT] FUTU_US @ 13300
2026-07-30 02:32:58.749 | INFO | FUTU_US | [DB CHECKPOINT] FUTU_US @ 13400
2026-07-30 02:32:58.809 | INFO | FUTU_US | [DB CHECKPOINT] FUTU_US @ 13500
2026-07-30 02:32:58.902 | INFO | FUTU_US | [DB CHECKPOINT] FUTU_US @ 13600
2026-07-30 02:32:58.970 | INFO | FUTU_US | [DB CHECKPOINT] FUTU_US @ 13700
2026-07-30 02:32:59.073 | INFO | FUTU_US | [DB CHECKPOINT] FUTU_US @ 13800
2026-07-30 02:32:59.178 | INFO | FUTU_US | [DB CHECKPOINT] FUTU_US @ 13900
2026-07-30 02:32:59.234 | INFO | FUTU_US | [DB CHECKPOINT] FUTU_US @ 14000
2026-07-30 02:32:59.331 | INFO | FUTU_US | [DB CHECKPOINT] FUTU_US @ 14100
2026-07-30 02:32:59.569 | INFO | FUTU_US | [DB CHECKPOINT] FUTU_US @ 14200
2026-07-30 02:32:59.794 | INFO | FUTU_US | [DB CHECKPOINT] FUTU_US @ 14300
2026-07-30 02:33:00.049 | INFO | FUTU_US | [DB CHECKPOINT] FUTU_US @ 14400
2026-07-30 02:33:00.255 | INFO | FUTU_US | [DB CHECKPOINT] FUTU_US @ 14500
2026-07-30 02:33:00.462 | INFO | FUTU_US | [DB CHECKPOINT] FUTU_US @ 14600
2026-07-30 02:33:00.525 | INFO | FUTU_HK | [FUTU_HK] 账户: 总资产=$823,936.69 现金=$635,296.69 证券=$188,640.00 冻结=$0.00 购买力=$635,296.69 (HKD)
2026-07-30 02:33:00.684 | INFO | FUTU_US | [DB CHECKPOINT] FUTU_US @ 14700
2026-07-30 02:33:00.896 | INFO | FUTU_US | [DB CHECKPOINT] FUTU_US @ 14800
2026-07-30 02:33:01.197 | INFO | FUTU_US | [DB CHECKPOINT] FUTU_US @ 14900
2026-07-30 02:33:01.500 | INFO | FUTU_US | [DB CHECKPOINT] FUTU_US @ 15000
2026-07-30 02:33:01.723 | INFO | FUTU_US | [DB CHECKPOINT] FUTU_US @ 15100
2026-07-30 02:33:01.961 | INFO | FUTU_US | [DB CHECKPOINT] FUTU_US @ 15200
2026-07-30 02:33:02.145 | INFO | FUTU_US | [DB CHECKPOINT] FUTU_US @ 15300
2026-07-30 02:33:02.410 | INFO | FUTU_US | [DB CHECKPOINT] FUTU_US @ 15400
2026-07-30 02:33:02.446 | INFO | FUTU_US | [FUTU_US] 账户: 总资产=$9,999,914.01 现金=$9,996,058.01 证券=$3,856.00 冻结=$0.00 购买力=$19,995,972.02 (USD)
2026-07-30 02:33:02.653 | INFO | FUTU_US | [DB CHECKPOINT] FUTU_US @ 15500
2026-07-30 02:33:02.890 | INFO | FUTU_US | [DB CHECKPOINT] FUTU_US @ 15600
2026-07-30 02:33:03.161 | INFO | FUTU_US | [DB CHECKPOINT] FUTU_US @ 15700
2026-07-30 02:33:03.239 | INFO | FUTU_US | [DB CHECKPOINT] FUTU_US @ 15800
2026-07-30 02:33:03.446 | INFO | FUTU_US | [DB CHECKPOINT] FUTU_US @ 15900
2026-07-30 02:33:03.635 | INFO | FUTU_US | [DB CHECKPOINT] FUTU_US @ 16000
2026-07-30 02:33:03.830 | INFO | FUTU_US | [DB CHECKPOINT] FUTU_US @ 16100
2026-07-30 02:33:03.960 | INFO | FUTU_US | [DB CHECKPOINT] FUTU_US @ 16200
2026-07-30 02:33:04.838 | INFO | FUTU_US | [DB CHECKPOINT] FUTU_US @ 16300
2026-07-30 02:33:05.154 | INFO | FUTU_US | [DB CHECKPOINT] FUTU_US @ 16400
2026-07-30 02:33:05.274 | INFO | FUTU_US | [DB CHECKPOINT] FUTU_US @ 16500
2026-07-30 02:33:05.446 | INFO | FUTU_US | [DB CHECKPOINT] FUTU_US @ 16600
2026-07-30 02:33:05.834 | INFO | FUTU_US | [DB CHECKPOINT] FUTU_US @ 16700
2026-07-30 02:33:06.014 | INFO | FUTU_US | [DB CHECKPOINT] FUTU_US @ 16800
2026-07-30 02:33:06.238 | INFO | FUTU_US | [DB CHECKPOINT] FUTU_US @ 16900
2026-07-30 02:33:06.499 | INFO | FUTU_US | [DB CHECKPOINT] FUTU_US @ 17000
2026-07-30 02:33:06.544 | INFO | FUTU_HK | [FUTU_HK] 账户: 总资产=$823,936.69 现金=$635,296.69 证券=$188,640.00 冻结=$0.00 购买力=$635,296.69 (HKD)
2026-07-30 02:33:06.790 | INFO | FUTU_US | [DB CHECKPOINT] FUTU_US @ 17100
2026-07-30 02:33:07.029 | INFO | FUTU_US | [DB CHECKPOINT] FUTU_US @ 17200
2026-07-30 02:33:07.480 | INFO | FUTU_US | [DB CHECKPOINT] FUTU_US @ 17300
2026-07-30 02:33:07.701 | INFO | FUTU_US | [DB CHECKPOINT] FUTU_US @ 17400
2026-07-30 02:33:08.032 | INFO | FUTU_US | [DB CHECKPOINT] FUTU_US @ 17500
2026-07-30 02:33:08.237 | INFO | FUTU_US | [DB CHECKPOINT] FUTU_US @ 17600
2026-07-30 02:33:08.500 | INFO | FUTU_US | [FUTU_US] 账户: 总资产=$9,999,914.01 现金=$9,996,058.01 证券=$3,856.00 冻结=$0.00 购买力=$19,995,972.02 (USD)
2026-07-30 02:33:08.649 | INFO | FUTU_US | [DB CHECKPOINT] FUTU_US @ 17700
2026-07-30 02:33:09.338 | INFO | FUTU_US | [DB CHECKPOINT] FUTU_US @ 17800
2026-07-30 02:33:09.698 | INFO | FUTU_US | [DB CHECKPOINT] FUTU_US @ 17900
2026-07-30 02:33:09.981 | INFO | FUTU_US | [DB CHECKPOINT] FUTU_US @ 18000
2026-07-30 02:33:10.240 | INFO | FUTU_US | [DB CHECKPOINT] FUTU_US @ 18100
2026-07-30 02:33:10.500 | INFO | FUTU_US | [DB CHECKPOINT] FUTU_US @ 18200
2026-07-30 02:33:10.837 | INFO | FUTU_US | [DB CHECKPOINT] FUTU_US @ 18300
2026-07-30 02:33:11.075 | INFO | FUTU_US | [DB CHECKPOINT] FUTU_US @ 18400
2026-07-30 02:33:11.348 | INFO | FUTU_US | [DB CHECKPOINT] FUTU_US @ 18500
2026-07-30 02:33:11.934 | INFO | FUTU_US | [DB CHECKPOINT] FUTU_US @ 18600
2026-07-30 02:33:12.125 | INFO | FUTU_US | [DB CHECKPOINT] FUTU_US @ 18700
2026-07-30 02:33:12.448 | INFO | FUTU_US | [DB CHECKPOINT] FUTU_US @ 18800
2026-07-30 02:33:12.568 | INFO | FUTU_HK | [FUTU_HK] 账户: 总资产=$823,936.69 现金=$635,296.69 证券=$188,640.00 冻结=$0.00 购买力=$635,296.69 (HKD)
2026-07-30 02:33:12.848 | INFO | FUTU_US | [DB CHECKPOINT] FUTU_US @ 18900
2026-07-30 02:33:13.074 | INFO | FUTU_US | [DB CHECKPOINT] FUTU_US @ 19000
2026-07-30 02:33:13.293 | INFO | FUTU_US | [DB CHECKPOINT] FUTU_US @ 19100
2026-07-30 02:33:13.910 | INFO | FUTU_US | [DB CHECKPOINT] FUTU_US @ 19200
2026-07-30 02:33:14.184 | INFO | FUTU_US | [DB CHECKPOINT] FUTU_US @ 19300
2026-07-30 02:33:14.349 | INFO | FUTU_US | [DB CHECKPOINT] FUTU_US @ 19400
2026-07-30 02:33:14.989 | INFO | FUTU_US | [FUTU_US] 账户: 总资产=$9,999,914.01 现金=$9,996,058.01 证券=$3,856.00 冻结=$0.00 购买力=$19,995,972.02 (USD)
2026-07-30 02:33:15.013 | INFO | FUTU_US | [DB CHECKPOINT] FUTU_US @ 19500
2026-07-30 02:33:15.409 | INFO | FUTU_US | [DB CHECKPOINT] FUTU_US @ 19600
2026-07-30 02:33:16.289 | INFO | FUTU_US | [DB CHECKPOINT] FUTU_US @ 19700
2026-07-30 02:33:16.881 | INFO | FUTU_US | [DB CHECKPOINT] FUTU_US @ 19800
2026-07-30 02:33:17.747 | INFO | FUTU_US | [DB CHECKPOINT] FUTU_US @ 19900
2026-07-30 02:33:19.174 | INFO | FUTU_HK | [FUTU_HK] 账户: 总资产=$823,936.69 现金=$635,296.69 证券=$188,640.00 冻结=$0.00 购买力=$635,296.69 (HKD)
2026-07-30 02:33:19.283 | INFO | FUTU_US | [DB CHECKPOINT] FUTU_US @ 20000
2026-07-30 02:33:19.663 | INFO | FUTU_US | [DB CHECKPOINT] FUTU_US @ 20100
2026-07-30 02:33:20.054 | INFO | FUTU_US | [DB CHECKPOINT] FUTU_US @ 20200
2026-07-30 02:33:21.971 | INFO | FUTU_US | [FUTU_US] 账户: 总资产=$9,999,914.01 现金=$9,996,058.01 证券=$3,856.00 冻结=$0.00 购买力=$19,995,972.02 (USD)
2026-07-30 02:33:22.736 | INFO | FUTU_US | [DB CHECKPOINT] FUTU_US @ 20300
2026-07-30 02:33:24.560 | INFO | FUTU_US | [DB CHECKPOINT] FUTU_US @ 20400
2026-07-30 02:33:26.521 | INFO | FUTU_HK | [FUTU_HK] 账户: 总资产=$823,936.69 现金=$635,296.69 证券=$188,640.00 冻结=$0.00 购买力=$635,296.69 (HKD)
2026-07-30 02:33:27.868 | INFO | FUTU_US | [FUTU_US] 账户: 总资产=$9,999,914.01 现金=$9,996,058.01 证券=$3,856.00 冻结=$0.00 购买力=$19,995,972.02 (USD)
2026-07-30 02:33:30.124 | INFO | FUTU_US | [DB CHECKPOINT] FUTU_US @ 20500
2026-07-30 02:33:31.000 | INFO | FUTU_US | [DB CHECKPOINT] FUTU_US @ 20600
2026-07-30 02:33:31.573 | INFO | FUTU_US | [DB CHECKPOINT] FUTU_US @ 20700
2026-07-30 02:33:32.212 | INFO | FUTU_HK | [FUTU_HK] 账户: 总资产=$823,936.69 现金=$635,296.69 证券=$188,640.00 冻结=$0.00 购买力=$635,296.69 (HKD)
2026-07-30 02:33:34.564 | INFO | FUTU_US | [FUTU_US] 账户: 总资产=$9,999,914.01 现金=$9,996,058.01 证券=$3,856.00 冻结=$0.00 购买力=$19,995,972.02 (USD)
2026-07-30 02:33:35.317 | INFO | FUTU_US | [DB CHECKPOINT] FUTU_US @ 20800
2026-07-30 02:33:36.276 | INFO | FUTU_US | [DB CHECKPOINT] FUTU_US @ 20900
2026-07-30 02:33:36.847 | INFO | FUTU_US | [DB CHECKPOINT] FUTU_US @ 21000
2026-07-30 02:33:37.199 | INFO | FUTU_US | [DB CHECKPOINT] FUTU_US @ 21100
2026-07-30 02:33:39.016 | INFO | FUTU_HK | [FUTU_HK] 账户: 总资产=$823,936.69 现金=$635,296.69 证券=$188,640.00 冻结=$0.00 购买力=$635,296.69 (HKD)
2026-07-30 02:33:39.436 | INFO | FUTU_US | [DB CHECKPOINT] FUTU_US @ 21200
2026-07-30 02:33:40.208 | INFO | FUTU_US | [DB CHECKPOINT] FUTU_US @ 21300
2026-07-30 02:33:40.442 | INFO | FUTU_US | [FUTU_US] 账户: 总资产=$9,999,914.01 现金=$9,996,058.01 证券=$3,856.00 冻结=$0.00 购买力=$19,995,972.02 (USD)
2026-07-30 02:33:41.083 | INFO | FUTU_US | [DB CHECKPOINT] FUTU_US @ 21400
2026-07-30 02:33:42.415 | INFO | FUTU_US | [DB CHECKPOINT] FUTU_US @ 21500
2026-07-30 02:33:45.397 | INFO | FUTU_HK | [FUTU_HK] 账户: 总资产=$823,936.69 现金=$635,296.69 证券=$188,640.00 冻结=$0.00 购买力=$635,296.69 (HKD)
2026-07-30 02:33:45.995 | INFO | FUTU_US | [DB CHECKPOINT] FUTU_US @ 21600
2026-07-30 02:33:46.725 | INFO | FUTU_US | [DB CHECKPOINT] FUTU_US @ 21700
2026-07-30 02:33:46.865 | INFO | FUTU_US | [FUTU_US] 账户: 总资产=$9,999,914.01 现金=$9,996,058.01 证券=$3,856.00 冻结=$0.00 购买力=$19,995,972.02 (USD)
2026-07-30 02:33:47.256 | INFO | FUTU_US | [DB CHECKPOINT] FUTU_US @ 21800
2026-07-30 02:33:47.826 | INFO | FUTU_US | [DB CHECKPOINT] FUTU_US @ 21900
2026-07-30 02:33:48.406 | INFO | FUTU_US | [DB CHECKPOINT] FUTU_US @ 22000
2026-07-30 02:33:49.001 | INFO | FUTU_US | [DB CHECKPOINT] FUTU_US @ 22100
2026-07-30 02:33:49.799 | INFO | FUTU_US | [DB CHECKPOINT] FUTU_US @ 22200
2026-07-30 02:33:50.572 | INFO | FUTU_US | [DB CHECKPOINT] FUTU_US @ 22300
2026-07-30 02:33:50.916 | INFO | FUTU_HK | [FUTU_HK] 账户: 总资产=$823,936.69 现金=$635,296.69 证券=$188,640.00 冻结=$0.00 购买力=$635,296.69 (HKD)
2026-07-30 02:33:51.140 | INFO | FUTU_US | [DB CHECKPOINT] FUTU_US @ 22400
2026-07-30 02:33:51.543 | INFO | FUTU_US | [DB CHECKPOINT] FUTU_US @ 22500
2026-07-30 02:33:52.035 | INFO | FUTU_US | [DB CHECKPOINT] FUTU_US @ 22600
2026-07-30 02:33:54.040 | INFO | FUTU_US | [FUTU_US] 账户: 总资产=$9,999,914.01 现金=$9,996,058.01 证券=$3,856.00 冻结=$0.00 购买力=$19,995,972.02 (USD)
2026-07-30 02:33:54.153 | INFO | FUTU_US | [DB CHECKPOINT] FUTU_US @ 22700
2026-07-30 02:33:54.510 | INFO | FUTU_US | [DB CHECKPOINT] FUTU_US @ 22800
2026-07-30 02:33:54.721 | INFO | FUTU_US | [DB CHECKPOINT] FUTU_US @ 22900
2026-07-30 02:33:54.961 | INFO | FUTU_US | [DB CHECKPOINT] FUTU_US @ 23000
2026-07-30 02:33:55.073 | INFO | FUTU_US | [DB CHECKPOINT] FUTU_US @ 23100
2026-07-30 02:33:55.246 | INFO | FUTU_US | [DB CHECKPOINT] FUTU_US @ 23200
2026-07-30 02:33:55.479 | INFO | FUTU_US | [DB CHECKPOINT] FUTU_US @ 23300
2026-07-30 02:33:55.624 | INFO | FUTU_US | [DB CHECKPOINT] FUTU_US @ 23400
2026-07-30 02:33:55.886 | INFO | FUTU_US | [DB CHECKPOINT] FUTU_US @ 23500
2026-07-30 02:33:56.149 | INFO | FUTU_US | [DB CHECKPOINT] FUTU_US @ 23600
2026-07-30 02:33:56.330 | INFO | FUTU_US | [DB CHECKPOINT] FUTU_US @ 23700
2026-07-30 02:33:56.544 | INFO | FUTU_US | [DB CHECKPOINT] FUTU_US @ 23800
2026-07-30 02:33:56.733 | INFO | FUTU_US | [DB CHECKPOINT] FUTU_US @ 23900
2026-07-30 02:33:56.821 | INFO | FUTU_US | [DB CHECKPOINT] FUTU_US @ 24000
2026-07-30 02:33:57.051 | INFO | FUTU_US | [DB CHECKPOINT] FUTU_US @ 24100
2026-07-30 02:33:57.133 | INFO | FUTU_US | [DB CHECKPOINT] FUTU_US @ 24200
2026-07-30 02:33:57.379 | INFO | FUTU_HK | [FUTU_HK] 账户: 总资产=$823,936.69 现金=$635,296.69 证券=$188,640.00 冻结=$0.00 购买力=$635,296.69 (HKD)
2026-07-30 02:33:57.543 | INFO | FUTU_US | [DB CHECKPOINT] FUTU_US @ 24300
2026-07-30 02:33:57.814 | INFO | FUTU_US | [DB CHECKPOINT] FUTU_US @ 24400
2026-07-30 02:33:58.234 | INFO | FUTU_US | [DB CHECKPOINT] FUTU_US @ 24500
2026-07-30 02:33:58.543 | INFO | FUTU_US | [DB CHECKPOINT] FUTU_US @ 24600
2026-07-30 02:33:58.845 | INFO | FUTU_US | [DB CHECKPOINT] FUTU_US @ 24700
2026-07-30 02:33:59.302 | INFO | FUTU_US | [DB CHECKPOINT] FUTU_US @ 24800
2026-07-30 02:33:59.461 | INFO | FUTU_US | [FUTU_US] 账户: 总资产=$9,999,914.01 现金=$9,996,058.01 证券=$3,856.00 冻结=$0.00 购买力=$19,995,972.02 (USD)
2026-07-30 02:33:59.806 | INFO | FUTU_US | [DB CHECKPOINT] FUTU_US @ 24900
2026-07-30 02:34:00.190 | INFO | FUTU_US | [DB CHECKPOINT] FUTU_US @ 25000
2026-07-30 02:34:00.395 | INFO | FUTU_US | [DB CHECKPOINT] FUTU_US @ 25100
2026-07-30 02:34:00.561 | INFO | FUTU_US | [DB CHECKPOINT] FUTU_US @ 25200
2026-07-30 02:34:00.710 | INFO | FUTU_US | [DB CHECKPOINT] FUTU_US @ 25300
2026-07-30 02:34:00.901 | INFO | FUTU_US | [DB CHECKPOINT] FUTU_US @ 25400
2026-07-30 02:34:01.091 | INFO | FUTU_US | [DB CHECKPOINT] FUTU_US @ 25500
2026-07-30 02:34:01.232 | INFO | FUTU_US | [DB CHECKPOINT] FUTU_US @ 25600
2026-07-30 02:34:01.342 | INFO | FUTU_US | [DB CHECKPOINT] FUTU_US @ 25700
2026-07-30 02:34:01.519 | INFO | FUTU_US | [DB CHECKPOINT] FUTU_US @ 25800
2026-07-30 02:34:01.568 | INFO | FUTU_US | [DB CHECKPOINT] FUTU_US @ 25900
2026-07-30 02:34:01.617 | INFO | FUTU_US | [DB CHECKPOINT] FUTU_US @ 26000
2026-07-30 02:34:01.695 | INFO | FUTU_US | [DB CHECKPOINT] FUTU_US @ 26100
2026-07-30 02:34:01.817 | INFO | FUTU_US | [DB CHECKPOINT] FUTU_US @ 26200
2026-07-30 02:34:01.968 | INFO | FUTU_US | [DB CHECKPOINT] FUTU_US @ 26300
2026-07-30 02:34:02.022 | INFO | FUTU_US | [DB CHECKPOINT] FUTU_US @ 26400
2026-07-30 02:34:02.145 | INFO | FUTU_US | [DB CHECKPOINT] FUTU_US @ 26500
2026-07-30 02:34:02.245 | INFO | FUTU_US | [DB CHECKPOINT] FUTU_US @ 26600
2026-07-30 02:34:03.278 | INFO | FUTU_US | [DB CHECKPOINT] FUTU_US @ 26700
2026-07-30 02:34:03.849 | INFO | FUTU_US | [DB CHECKPOINT] FUTU_US @ 26800
2026-07-30 02:34:03.937 | INFO | FUTU_US | [DB CHECKPOINT] FUTU_US @ 26900
2026-07-30 02:34:04.037 | INFO | FUTU_US | [DB CHECKPOINT] FUTU_US @ 27000
2026-07-30 02:34:04.233 | INFO | FUTU_US | [DB CHECKPOINT] FUTU_US @ 27100
2026-07-30 02:34:04.238 | INFO | FUTU_HK | [FUTU_HK] 账户: 总资产=$823,936.69 现金=$635,296.69 证券=$188,640.00 冻结=$0.00 购买力=$635,296.69 (HKD)
2026-07-30 02:34:04.496 | INFO | FUTU_US | [DB CHECKPOINT] FUTU_US @ 27200
2026-07-30 02:34:04.635 | INFO | FUTU_US | [DB CHECKPOINT] FUTU_US @ 27300
2026-07-30 02:34:05.042 | INFO | FUTU_US | [DB CHECKPOINT] FUTU_US @ 27400
2026-07-30 02:34:05.241 | INFO | FUTU_US | [DB CHECKPOINT] FUTU_US @ 27500
2026-07-30 02:34:05.508 | INFO | FUTU_US | [DB CHECKPOINT] FUTU_US @ 27600
2026-07-30 02:34:05.763 | INFO | FUTU_US | [DB CHECKPOINT] FUTU_US @ 27700
2026-07-30 02:34:05.824 | INFO | FUTU_US | [DB CHECKPOINT] FUTU_US @ 27800
2026-07-30 02:34:05.935 | INFO | FUTU_US | [DB CHECKPOINT] FUTU_US @ 27900
2026-07-30 02:34:06.131 | INFO | FUTU_US | [DB CHECKPOINT] FUTU_US @ 28000
2026-07-30 02:34:06.214 | INFO | FUTU_US | [DB CHECKPOINT] FUTU_US @ 28100
2026-07-30 02:34:06.244 | INFO | FUTU_US | [FUTU_US] 账户: 总资产=$9,999,914.01 现金=$9,996,058.01 证券=$3,856.00 冻结=$0.00 购买力=$19,995,972.02 (USD)
2026-07-30 02:34:06.348 | INFO | FUTU_US | [DB CHECKPOINT] FUTU_US @ 28200
2026-07-30 02:34:06.433 | INFO | FUTU_US | [DB CHECKPOINT] FUTU_US @ 28300
2026-07-30 02:34:06.546 | INFO | FUTU_US | [DB CHECKPOINT] FUTU_US @ 28400
2026-07-30 02:34:06.688 | INFO | FUTU_US | [DB CHECKPOINT] FUTU_US @ 28500
2026-07-30 02:34:06.793 | INFO | FUTU_US | [DB CHECKPOINT] FUTU_US @ 28600
2026-07-30 02:34:06.943 | INFO | FUTU_US | [DB CHECKPOINT] FUTU_US @ 28700
2026-07-30 02:34:07.105 | INFO | FUTU_US | [DB CHECKPOINT] FUTU_US @ 28800
2026-07-30 02:34:07.329 | INFO | FUTU_US | [DB CHECKPOINT] FUTU_US @ 28900
2026-07-30 02:34:07.633 | INFO | FUTU_US | [DB CHECKPOINT] FUTU_US @ 29000
2026-07-30 02:34:07.848 | INFO | FUTU_US | [DB CHECKPOINT] FUTU_US @ 29100
2026-07-30 02:34:08.039 | INFO | FUTU_US | [DB CHECKPOINT] FUTU_US @ 29200
2026-07-30 02:34:08.264 | INFO | FUTU_US | [DB CHECKPOINT] FUTU_US @ 29300
2026-07-30 02:34:08.488 | INFO | FUTU_US | [DB CHECKPOINT] FUTU_US @ 29400
2026-07-30 02:34:08.745 | INFO | FUTU_US | [DB CHECKPOINT] FUTU_US @ 29500
2026-07-30 02:34:08.937 | INFO | FUTU_US | [DB CHECKPOINT] FUTU_US @ 29600
2026-07-30 02:34:09.187 | INFO | FUTU_US | [DB CHECKPOINT] FUTU_US @ 29700
2026-07-30 02:34:09.451 | INFO | FUTU_US | [DB CHECKPOINT] FUTU_US @ 29800
2026-07-30 02:34:09.578 | INFO | FUTU_US | [DB CHECKPOINT] FUTU_US @ 29900
2026-07-30 02:34:09.738 | INFO | FUTU_US | [DB CHECKPOINT] FUTU_US @ 30000
2026-07-30 02:34:10.001 | INFO | FUTU_US | [DB CHECKPOINT] FUTU_US @ 30100
2026-07-30 02:34:10.230 | INFO | FUTU_US | [DB CHECKPOINT] FUTU_US @ 30200
2026-07-30 02:34:10.252 | INFO | FUTU_HK | [FUTU_HK] 账户: 总资产=$823,936.69 现金=$635,296.69 证券=$188,640.00 冻结=$0.00 购买力=$635,296.69 (HKD)
2026-07-30 02:34:10.361 | INFO | FUTU_US | [DB CHECKPOINT] FUTU_US @ 30300
2026-07-30 02:34:10.552 | INFO | FUTU_US | [DB CHECKPOINT] FUTU_US @ 30400
2026-07-30 02:34:10.736 | INFO | FUTU_US | [DB CHECKPOINT] FUTU_US @ 30500
2026-07-30 02:34:10.937 | INFO | FUTU_US | [DB CHECKPOINT] FUTU_US @ 30600
2026-07-30 02:34:11.196 | INFO | FUTU_US | [DB CHECKPOINT] FUTU_US @ 30700
2026-07-30 02:34:11.477 | INFO | FUTU_US | [DB CHECKPOINT] FUTU_US @ 30800
2026-07-30 02:34:11.737 | INFO | FUTU_US | [DB CHECKPOINT] FUTU_US @ 30900
2026-07-30 02:34:11.973 | INFO | FUTU_US | [DB CHECKPOINT] FUTU_US @ 31000
2026-07-30 02:34:12.141 | INFO | FUTU_US | [DB CHECKPOINT] FUTU_US @ 31100
2026-07-30 02:34:12.327 | INFO | FUTU_US | [FUTU_US] 账户: 总资产=$9,999,914.01 现金=$9,996,058.01 证券=$3,856.00 冻结=$0.00 购买力=$19,995,972.02 (USD)
2026-07-30 02:34:12.426 | INFO | FUTU_US | [DB CHECKPOINT] FUTU_US @ 31200
2026-07-30 02:34:12.631 | INFO | FUTU_US | [DB CHECKPOINT] FUTU_US @ 31300
2026-07-30 02:34:14.316 | INFO | FUTU_US | [DB CHECKPOINT] FUTU_US @ 31400
2026-07-30 02:34:15.083 | INFO | FUTU_US | [DB CHECKPOINT] FUTU_US @ 31500
2026-07-30 02:34:15.410 | INFO | FUTU_US | [DB CHECKPOINT] FUTU_US @ 31600
2026-07-30 02:34:15.754 | INFO | FUTU_US | [DB CHECKPOINT] FUTU_US @ 31700
2026-07-30 02:34:16.031 | INFO | FUTU_US | [DB CHECKPOINT] FUTU_US @ 31800
2026-07-30 02:34:16.405 | INFO | FUTU_US | [DB CHECKPOINT] FUTU_US @ 31900
2026-07-30 02:34:16.740 | INFO | FUTU_US | [DB CHECKPOINT] FUTU_US @ 32000
2026-07-30 02:34:17.147 | INFO | FUTU_HK | [FUTU_HK] 账户: 总资产=$823,936.69 现金=$635,296.69 证券=$188,640.00 冻结=$0.00 购买力=$635,296.69 (HKD)
2026-07-30 02:34:17.147 | INFO | FUTU_US | [DB CHECKPOINT] FUTU_US @ 32100
2026-07-30 02:34:17.322 | INFO | FUTU_US | [DB CHECKPOINT] FUTU_US @ 32200
2026-07-30 02:34:17.471 | INFO | FUTU_US | [DB CHECKPOINT] FUTU_US @ 32300
2026-07-30 02:34:17.662 | INFO | FUTU_US | [DB CHECKPOINT] FUTU_US @ 32400
2026-07-30 02:34:17.817 | INFO | FUTU_US | [DB CHECKPOINT] FUTU_US @ 32500
2026-07-30 02:34:17.925 | INFO | FUTU_US | [DB CHECKPOINT] FUTU_US @ 32600
2026-07-30 02:34:18.021 | INFO | FUTU_US | [DB CHECKPOINT] FUTU_US @ 32700
2026-07-30 02:34:18.138 | INFO | FUTU_US | [DB CHECKPOINT] FUTU_US @ 32800
2026-07-30 02:34:18.219 | INFO | FUTU_US | [DB CHECKPOINT] FUTU_US @ 32900
2026-07-30 02:34:18.329 | INFO | FUTU_US | [DB CHECKPOINT] FUTU_US @ 33000
2026-07-30 02:34:18.366 | INFO | FUTU_US | [DB CHECKPOINT] FUTU_US @ 33100
2026-07-30 02:34:18.445 | INFO | FUTU_US | [DB CHECKPOINT] FUTU_US @ 33200
2026-07-30 02:34:18.492 | INFO | FUTU_US | [DB CHECKPOINT] FUTU_US @ 33300
2026-07-30 02:34:18.590 | INFO | FUTU_US | [DB CHECKPOINT] FUTU_US @ 33400
2026-07-30 02:34:18.727 | INFO | FUTU_US | [DB CHECKPOINT] FUTU_US @ 33500
2026-07-30 02:34:18.859 | INFO | FUTU_US | [DB CHECKPOINT] FUTU_US @ 33600
2026-07-30 02:34:18.956 | INFO | FUTU_US | [DB CHECKPOINT] FUTU_US @ 33700
2026-07-30 02:34:19.089 | INFO | FUTU_US | [DB CHECKPOINT] FUTU_US @ 33800
2026-07-30 02:34:19.142 | INFO | FUTU_US | [FUTU_US] 账户: 总资产=$9,999,914.01 现金=$9,996,058.01 证券=$3,856.00 冻结=$0.00 购买力=$19,995,972.02 (USD)
2026-07-30 02:34:19.237 | INFO | FUTU_US | [DB CHECKPOINT] FUTU_US @ 33900
2026-07-30 02:34:19.328 | INFO | FUTU_US | [DB CHECKPOINT] FUTU_US @ 34000
2026-07-30 02:34:19.425 | INFO | FUTU_US | [DB CHECKPOINT] FUTU_US @ 34100
2026-07-30 02:34:19.563 | INFO | FUTU_US | [DB CHECKPOINT] FUTU_US @ 34200
2026-07-30 02:34:19.603 | INFO | FUTU_US | [DB CHECKPOINT] FUTU_US @ 34300
2026-07-30 02:34:19.666 | INFO | FUTU_US | [DB CHECKPOINT] FUTU_US @ 34400
2026-07-30 02:34:19.790 | INFO | FUTU_US | [DB CHECKPOINT] FUTU_US @ 34500
2026-07-30 02:34:19.888 | INFO | FUTU_US | [DB CHECKPOINT] FUTU_US @ 34600
2026-07-30 02:34:20.033 | INFO | FUTU_US | [DB CHECKPOINT] FUTU_US @ 34700
2026-07-30 02:34:20.170 | INFO | FUTU_US | [DB CHECKPOINT] FUTU_US @ 34800
2026-07-30 02:34:20.313 | INFO | FUTU_US | [DB CHECKPOINT] FUTU_US @ 34900
2026-07-30 02:34:20.428 | INFO | FUTU_US | [DB CHECKPOINT] FUTU_US @ 35000
2026-07-30 02:34:20.633 | INFO | FUTU_US | [DB CHECKPOINT] FUTU_US @ 35100
2026-07-30 02:34:20.744 | INFO | FUTU_US | [DB CHECKPOINT] FUTU_US @ 35200
2026-07-30 02:34:20.809 | INFO | FUTU_US | [DB CHECKPOINT] FUTU_US @ 35300
2026-07-30 02:34:20.877 | INFO | FUTU_US | [DB CHECKPOINT] FUTU_US @ 35400
2026-07-30 02:34:21.011 | INFO | FUTU_US | [DB CHECKPOINT] FUTU_US @ 35500
2026-07-30 02:34:21.090 | INFO | FUTU_US | [DB CHECKPOINT] FUTU_US @ 35600
2026-07-30 02:34:21.200 | INFO | FUTU_US | [DB CHECKPOINT] FUTU_US @ 35700
2026-07-30 02:34:21.342 | INFO | FUTU_US | [DB CHECKPOINT] FUTU_US @ 35800
2026-07-30 02:34:21.396 | INFO | FUTU_US | [DB CHECKPOINT] FUTU_US @ 35900
2026-07-30 02:34:21.459 | INFO | FUTU_US | [DB CHECKPOINT] FUTU_US @ 36000
2026-07-30 02:34:21.501 | INFO | FUTU_US | [DB CHECKPOINT] FUTU_US @ 36100
2026-07-30 02:34:21.540 | INFO | FUTU_US | [DB CHECKPOINT] FUTU_US @ 36200
2026-07-30 02:34:21.607 | INFO | FUTU_US | [DB CHECKPOINT] FUTU_US @ 36300
2026-07-30 02:34:21.644 | INFO | FUTU_US | [DB CHECKPOINT] FUTU_US @ 36400
2026-07-30 02:34:21.693 | INFO | FUTU_US | [DB CHECKPOINT] FUTU_US @ 36500
2026-07-30 02:34:21.785 | INFO | FUTU_US | [DB CHECKPOINT] FUTU_US @ 36600
2026-07-30 02:34:21.830 | INFO | FUTU_US | [DB CHECKPOINT] FUTU_US @ 36700
2026-07-30 02:34:21.959 | INFO | FUTU_US | [DB CHECKPOINT] FUTU_US @ 36800
2026-07-30 02:34:22.031 | INFO | FUTU_US | [DB CHECKPOINT] FUTU_US @ 36900
2026-07-30 02:34:22.151 | INFO | FUTU_US | [DB CHECKPOINT] FUTU_US @ 37000
2026-07-30 02:34:22.281 | INFO | FUTU_US | [DB CHECKPOINT] FUTU_US @ 37100
2026-07-30 02:34:22.410 | INFO | FUTU_US | [DB CHECKPOINT] FUTU_US @ 37200
2026-07-30 02:34:22.578 | INFO | FUTU_US | [DB CHECKPOINT] FUTU_US @ 37300
2026-07-30 02:34:22.660 | INFO | FUTU_US | [DB CHECKPOINT] FUTU_US @ 37400
2026-07-30 02:34:22.751 | INFO | FUTU_US | [DB CHECKPOINT] FUTU_US @ 37500
2026-07-30 02:34:22.857 | INFO | FUTU_US | [DB CHECKPOINT] FUTU_US @ 37600
2026-07-30 02:34:22.939 | INFO | FUTU_US | [DB CHECKPOINT] FUTU_US @ 37700
2026-07-30 02:34:23.108 | INFO | FUTU_US | [DB CHECKPOINT] FUTU_US @ 37800
2026-07-30 02:34:23.150 | INFO | FUTU_HK | [FUTU_HK] 账户: 总资产=$823,936.69 现金=$635,296.69 证券=$188,640.00 冻结=$0.00 购买力=$635,296.69 (HKD)
2026-07-30 02:34:23.221 | INFO | FUTU_US | [DB CHECKPOINT] FUTU_US @ 37900
2026-07-30 02:34:23.360 | INFO | FUTU_US | [DB CHECKPOINT] FUTU_US @ 38000
2026-07-30 02:34:23.512 | INFO | FUTU_US | [DB CHECKPOINT] FUTU_US @ 38100
2026-07-30 02:34:23.661 | INFO | FUTU_US | [DB CHECKPOINT] FUTU_US @ 38200
2026-07-30 02:34:23.803 | INFO | FUTU_US | [DB CHECKPOINT] FUTU_US @ 38300
2026-07-30 02:34:23.953 | INFO | FUTU_US | [DB CHECKPOINT] FUTU_US @ 38400
2026-07-30 02:34:24.087 | INFO | FUTU_US | [DB CHECKPOINT] FUTU_US @ 38500
2026-07-30 02:34:25.142 | INFO | FUTU_US | [FUTU_US] 账户: 总资产=$9,999,914.01 现金=$9,996,058.01 证券=$3,856.00 冻结=$0.00 购买力=$19,995,972.02 (USD)
2026-07-30 02:34:25.167 | INFO | FUTU_US | [DB CHECKPOINT] FUTU_US @ 38600
2026-07-30 02:34:25.286 | INFO | FUTU_US | [DB CHECKPOINT] FUTU_US @ 38700
2026-07-30 02:34:25.392 | INFO | FUTU_US | [DB CHECKPOINT] FUTU_US @ 38800
2026-07-30 02:34:25.852 | INFO | FUTU_US | [DB CHECKPOINT] FUTU_US @ 38900
2026-07-30 02:34:26.113 | INFO | FUTU_US | [DB CHECKPOINT] FUTU_US @ 39000
2026-07-30 02:34:26.308 | INFO | FUTU_US | [DB CHECKPOINT] FUTU_US @ 39100
2026-07-30 02:34:26.642 | INFO | FUTU_US | [DB CHECKPOINT] FUTU_US @ 39200
2026-07-30 02:34:26.893 | INFO | FUTU_US | [DB CHECKPOINT] FUTU_US @ 39300
2026-07-30 02:34:27.125 | INFO | FUTU_US | [DB CHECKPOINT] FUTU_US @ 39400
2026-07-30 02:34:27.395 | INFO | FUTU_US | [DB CHECKPOINT] FUTU_US @ 39500
2026-07-30 02:34:27.641 | INFO | FUTU_US | [DB CHECKPOINT] FUTU_US @ 39600
2026-07-30 02:34:27.770 | INFO | FUTU_US | [DB CHECKPOINT] FUTU_US @ 39700
2026-07-30 02:34:27.910 | INFO | FUTU_US | [DB CHECKPOINT] FUTU_US @ 39800
2026-07-30 02:34:28.023 | INFO | FUTU_US | [DB CHECKPOINT] FUTU_US @ 39900
2026-07-30 02:34:28.206 | INFO | FUTU_US | [DB CHECKPOINT] FUTU_US @ 40000
2026-07-30 02:34:28.361 | INFO | FUTU_US | [DB CHECKPOINT] FUTU_US @ 40100
2026-07-30 02:34:28.465 | INFO | FUTU_US | [DB CHECKPOINT] FUTU_US @ 40200
2026-07-30 02:34:28.595 | INFO | FUTU_US | [DB CHECKPOINT] FUTU_US @ 40300
2026-07-30 02:34:28.755 | INFO | FUTU_US | [DB CHECKPOINT] FUTU_US @ 40400
2026-07-30 02:34:28.885 | INFO | FUTU_US | [DB CHECKPOINT] FUTU_US @ 40500
2026-07-30 02:34:28.997 | INFO | FUTU_US | [DB CHECKPOINT] FUTU_US @ 40600
2026-07-30 02:34:29.134 | INFO | FUTU_US | [DB CHECKPOINT] FUTU_US @ 40700
2026-07-30 02:34:29.164 | INFO | FUTU_HK | [FUTU_HK] 账户: 总资产=$823,936.69 现金=$635,296.69 证券=$188,640.00 冻结=$0.00 购买力=$635,296.69 (HKD)
2026-07-30 02:34:29.257 | INFO | FUTU_US | [DB CHECKPOINT] FUTU_US @ 40800
2026-07-30 02:34:29.364 | INFO | FUTU_US | [DB CHECKPOINT] FUTU_US @ 40900
2026-07-30 02:34:29.472 | INFO | FUTU_US | [DB CHECKPOINT] FUTU_US @ 41000
2026-07-30 02:34:29.646 | INFO | FUTU_US | [DB CHECKPOINT] FUTU_US @ 41100
2026-07-30 02:34:29.733 | INFO | FUTU_US | [DB CHECKPOINT] FUTU_US @ 41200
2026-07-30 02:34:29.896 | INFO | FUTU_US | [DB CHECKPOINT] FUTU_US @ 41300
2026-07-30 02:34:30.058 | INFO | FUTU_US | [DB CHECKPOINT] FUTU_US @ 41400
2026-07-30 02:34:30.153 | INFO | FUTU_US | [DB CHECKPOINT] FUTU_US @ 41500
2026-07-30 02:34:30.309 | INFO | FUTU_US | [DB CHECKPOINT] FUTU_US @ 41600
2026-07-30 02:34:30.378 | INFO | FUTU_US | [DB CHECKPOINT] FUTU_US @ 41700
2026-07-30 02:34:30.469 | INFO | FUTU_US | [DB CHECKPOINT] FUTU_US @ 41800
2026-07-30 02:34:30.643 | INFO | FUTU_US | [DB CHECKPOINT] FUTU_US @ 41900
2026-07-30 02:34:30.785 | INFO | FUTU_US | [DB CHECKPOINT] FUTU_US @ 42000
2026-07-30 02:34:30.909 | INFO | FUTU_US | [DB CHECKPOINT] FUTU_US @ 42100
2026-07-30 02:34:31.029 | INFO | FUTU_US | [DB CHECKPOINT] FUTU_US @ 42200
2026-07-30 02:34:31.153 | INFO | FUTU_US | [FUTU_US] 账户: 总资产=$9,999,914.01 现金=$9,996,058.01 证券=$3,856.00 冻结=$0.00 购买力=$19,995,972.02 (USD)
2026-07-30 02:34:31.656 | INFO | FUTU_US | [DB CHECKPOINT] FUTU_US @ 42300
2026-07-30 02:34:31.781 | INFO | FUTU_US | [DB CHECKPOINT] FUTU_US @ 42400
2026-07-30 02:34:31.878 | INFO | FUTU_US | [DB CHECKPOINT] FUTU_US @ 42500
2026-07-30 02:34:32.008 | INFO | FUTU_US | [DB CHECKPOINT] FUTU_US @ 42600
2026-07-30 02:34:32.176 | INFO | FUTU_US | [DB CHECKPOINT] FUTU_US @ 42700
2026-07-30 02:34:32.306 | INFO | FUTU_US | [DB CHECKPOINT] FUTU_US @ 42800
2026-07-30 02:34:32.554 | INFO | FUTU_US | [DB CHECKPOINT] FUTU_US @ 42900
2026-07-30 02:34:32.719 | INFO | FUTU_US | [DB CHECKPOINT] FUTU_US @ 43000
2026-07-30 02:34:32.829 | INFO | FUTU_US | [DB CHECKPOINT] FUTU_US @ 43100
2026-07-30 02:34:32.994 | INFO | FUTU_US | [DB CHECKPOINT] FUTU_US @ 43200
2026-07-30 02:34:33.078 | INFO | FUTU_US | [DB CHECKPOINT] FUTU_US @ 43300
2026-07-30 02:34:33.178 | INFO | FUTU_US | [DB CHECKPOINT] FUTU_US @ 43400
2026-07-30 02:34:33.255 | INFO | FUTU_US | [DB CHECKPOINT] FUTU_US @ 43500
2026-07-30 02:34:33.732 | INFO | FUTU_US | [DB CHECKPOINT] FUTU_US @ 43600
2026-07-30 02:34:34.062 | INFO | FUTU_US | [DB CHECKPOINT] FUTU_US @ 43700
2026-07-30 02:34:34.357 | INFO | FUTU_US | [DB CHECKPOINT] FUTU_US @ 43800
2026-07-30 02:34:34.569 | INFO | FUTU_US | [DB CHECKPOINT] FUTU_US @ 43900
2026-07-30 02:34:34.747 | INFO | FUTU_US | [DB CHECKPOINT] FUTU_US @ 44000
2026-07-30 02:34:35.779 | INFO | FUTU_HK | [FUTU_HK] 账户: 总资产=$823,936.69 现金=$635,296.69 证券=$188,640.00 冻结=$0.00 购买力=$635,296.69 (HKD)
2026-07-30 02:34:35.912 | INFO | FUTU_US | [DB CHECKPOINT] FUTU_US @ 44100
2026-07-30 02:34:36.054 | INFO | FUTU_US | [DB CHECKPOINT] FUTU_US @ 44200
2026-07-30 02:34:36.462 | INFO | FUTU_US | [DB CHECKPOINT] FUTU_US @ 44300
2026-07-30 02:34:36.568 | INFO | FUTU_US | [DB CHECKPOINT] FUTU_US @ 44400
2026-07-30 02:34:36.650 | INFO | FUTU_US | [DB CHECKPOINT] FUTU_US @ 44500
2026-07-30 02:34:36.773 | INFO | FUTU_US | [DB CHECKPOINT] FUTU_US @ 44600
2026-07-30 02:34:36.843 | INFO | FUTU_US | [DB CHECKPOINT] FUTU_US @ 44700
2026-07-30 02:34:36.979 | INFO | FUTU_US | [DB CHECKPOINT] FUTU_US @ 44800
2026-07-30 02:34:37.092 | INFO | FUTU_US | [DB CHECKPOINT] FUTU_US @ 44900
2026-07-30 02:34:37.204 | INFO | FUTU_US | [DB CHECKPOINT] FUTU_US @ 45000
2026-07-30 02:34:37.297 | INFO | FUTU_US | [DB CHECKPOINT] FUTU_US @ 45100
2026-07-30 02:34:37.389 | INFO | FUTU_US | [DB CHECKPOINT] FUTU_US @ 45200
2026-07-30 02:34:37.536 | INFO | FUTU_US | [DB CHECKPOINT] FUTU_US @ 45300
2026-07-30 02:34:37.620 | INFO | FUTU_US | [FUTU_US] 账户: 总资产=$9,999,914.01 现金=$9,996,058.01 证券=$3,856.00 冻结=$0.00 购买力=$19,995,972.02 (USD)
2026-07-30 02:34:37.652 | INFO | FUTU_US | [DB CHECKPOINT] FUTU_US @ 45400
2026-07-30 02:34:37.760 | INFO | FUTU_US | [DB CHECKPOINT] FUTU_US @ 45500
2026-07-30 02:34:37.878 | INFO | FUTU_US | [DB CHECKPOINT] FUTU_US @ 45600
2026-07-30 02:34:37.951 | INFO | FUTU_US | [DB CHECKPOINT] FUTU_US @ 45700
2026-07-30 02:34:38.050 | INFO | FUTU_US | [DB CHECKPOINT] FUTU_US @ 45800
2026-07-30 02:34:38.187 | INFO | FUTU_US | [DB CHECKPOINT] FUTU_US @ 45900
2026-07-30 02:34:38.304 | INFO | FUTU_US | [DB CHECKPOINT] FUTU_US @ 46000
2026-07-30 02:34:38.421 | INFO | FUTU_US | [DB CHECKPOINT] FUTU_US @ 46100
2026-07-30 02:34:38.525 | INFO | FUTU_US | [DB CHECKPOINT] FUTU_US @ 46200
2026-07-30 02:34:38.708 | INFO | FUTU_US | [DB CHECKPOINT] FUTU_US @ 46300
2026-07-30 02:34:38.799 | INFO | FUTU_US | [DB CHECKPOINT] FUTU_US @ 46400
2026-07-30 02:34:38.928 | INFO | FUTU_US | [DB CHECKPOINT] FUTU_US @ 46500
2026-07-30 02:34:39.049 | INFO | FUTU_US | [DB CHECKPOINT] FUTU_US @ 46600
2026-07-30 02:34:39.150 | INFO | FUTU_US | [DB CHECKPOINT] FUTU_US @ 46700
2026-07-30 02:34:39.313 | INFO | FUTU_US | [DB CHECKPOINT] FUTU_US @ 46800
2026-07-30 02:34:39.437 | INFO | FUTU_US | [DB CHECKPOINT] FUTU_US @ 46900
2026-07-30 02:34:39.523 | INFO | FUTU_US | [DB CHECKPOINT] FUTU_US @ 47000
2026-07-30 02:34:39.568 | INFO | FUTU_US | [DB CHECKPOINT] FUTU_US @ 47100
2026-07-30 02:34:39.644 | INFO | FUTU_US | [DB CHECKPOINT] FUTU_US @ 47200
2026-07-30 02:34:39.744 | INFO | FUTU_US | [DB CHECKPOINT] FUTU_US @ 47300
2026-07-30 02:34:39.844 | INFO | FUTU_US | [DB CHECKPOINT] FUTU_US @ 47400
2026-07-30 02:34:39.957 | INFO | FUTU_US | [DB CHECKPOINT] FUTU_US @ 47500
2026-07-30 02:34:40.036 | INFO | FUTU_US | [DB CHECKPOINT] FUTU_US @ 47600
2026-07-30 02:34:40.159 | INFO | FUTU_US | [DB CHECKPOINT] FUTU_US @ 47700
2026-07-30 02:34:40.503 | INFO | FUTU_US | [DB CHECKPOINT] FUTU_US @ 47800
2026-07-30 02:34:41.327 | INFO | FUTU_US | [DB CHECKPOINT] FUTU_US @ 47900
2026-07-30 02:34:42.247 | INFO | FUTU_HK | [FUTU_HK] 账户: 总资产=$823,936.69 现金=$635,296.69 证券=$188,640.00 冻结=$0.00 购买力=$635,296.69 (HKD)
2026-07-30 02:34:42.783 | INFO | FUTU_US | [DB CHECKPOINT] FUTU_US @ 48000
2026-07-30 02:34:43.248 | INFO | FUTU_US | [DB CHECKPOINT] FUTU_US @ 48100
2026-07-30 02:34:43.726 | INFO | FUTU_US | [DB CHECKPOINT] FUTU_US @ 48200
2026-07-30 02:34:43.745 | INFO | FUTU_US | [FUTU_US] 账户: 总资产=$9,999,914.01 现金=$9,996,058.01 证券=$3,856.00 冻结=$0.00 购买力=$19,995,972.02 (USD)
2026-07-30 02:34:43.946 | INFO | FUTU_US | [DB CHECKPOINT] FUTU_US @ 48300
2026-07-30 02:34:44.228 | INFO | FUTU_US | [DB CHECKPOINT] FUTU_US @ 48400
2026-07-30 02:34:44.461 | INFO | FUTU_US | [DB CHECKPOINT] FUTU_US @ 48500
2026-07-30 02:34:44.634 | INFO | FUTU_US | [DB CHECKPOINT] FUTU_US @ 48600
2026-07-30 02:34:44.885 | INFO | FUTU_US | [DB CHECKPOINT] FUTU_US @ 48700
2026-07-30 02:34:45.195 | INFO | FUTU_US | [DB CHECKPOINT] FUTU_US @ 48800
2026-07-30 02:34:45.391 | INFO | FUTU_US | [DB CHECKPOINT] FUTU_US @ 48900
2026-07-30 02:34:45.657 | INFO | FUTU_US | [DB CHECKPOINT] FUTU_US @ 49000
2026-07-30 02:34:47.321 | INFO | FUTU_US | [DB CHECKPOINT] FUTU_US @ 49100
2026-07-30 02:34:47.487 | INFO | FUTU_US | [DB CHECKPOINT] FUTU_US @ 49200
2026-07-30 02:34:47.782 | INFO | FUTU_US | [DB CHECKPOINT] FUTU_US @ 49300
2026-07-30 02:34:47.946 | INFO | FUTU_US | [DB CHECKPOINT] FUTU_US @ 49400
2026-07-30 02:34:48.138 | INFO | FUTU_US | [DB CHECKPOINT] FUTU_US @ 49500
2026-07-30 02:34:48.330 | INFO | FUTU_US | [DB CHECKPOINT] FUTU_US @ 49600
2026-07-30 02:34:48.540 | INFO | FUTU_US | [DB CHECKPOINT] FUTU_US @ 49700
2026-07-30 02:34:48.843 | INFO | FUTU_US | [DB CHECKPOINT] FUTU_US @ 49800
2026-07-30 02:34:48.929 | INFO | FUTU_HK | [FUTU_HK] 账户: 总资产=$823,936.69 现金=$635,296.69 证券=$188,640.00 冻结=$0.00 购买力=$635,296.69 (HKD)
2026-07-30 02:34:49.108 | INFO | FUTU_US | [DB CHECKPOINT] FUTU_US @ 49900
2026-07-30 02:34:49.310 | INFO | FUTU_US | [DB CHECKPOINT] FUTU_US @ 50000
2026-07-30 02:34:49.578 | INFO | FUTU_US | [DB CHECKPOINT] FUTU_US @ 50100
2026-07-30 02:34:49.709 | INFO | FUTU_US | [DB CHECKPOINT] FUTU_US @ 50200
2026-07-30 02:34:49.913 | INFO | FUTU_US | [FUTU_US] 账户: 总资产=$9,999,914.01 现金=$9,996,058.01 证券=$3,856.00 冻结=$0.00 购买力=$19,995,972.02 (USD)
2026-07-30 02:34:49.991 | INFO | FUTU_US | [DB CHECKPOINT] FUTU_US @ 50300
2026-07-30 02:34:50.301 | INFO | FUTU_US | [DB CHECKPOINT] FUTU_US @ 50400
2026-07-30 02:34:50.439 | INFO | FUTU_US | [DB CHECKPOINT] FUTU_US @ 50500
2026-07-30 02:34:50.569 | INFO | FUTU_US | [DB CHECKPOINT] FUTU_US @ 50600
2026-07-30 02:34:50.796 | INFO | FUTU_US | [DB CHECKPOINT] FUTU_US @ 50700
2026-07-30 02:34:51.082 | INFO | FUTU_US | [DB CHECKPOINT] FUTU_US @ 50800
2026-07-30 02:34:51.345 | INFO | FUTU_US | [DB CHECKPOINT] FUTU_US @ 50900
2026-07-30 02:34:51.510 | INFO | FUTU_US | [DB CHECKPOINT] FUTU_US @ 51000
2026-07-30 02:34:51.776 | INFO | FUTU_US | [DB CHECKPOINT] FUTU_US @ 51100
2026-07-30 02:34:52.047 | INFO | FUTU_US | [DB CHECKPOINT] FUTU_US @ 51200
2026-07-30 02:34:52.261 | INFO | FUTU_US | [DB CHECKPOINT] FUTU_US @ 51300
2026-07-30 02:34:52.492 | INFO | FUTU_US | [DB CHECKPOINT] FUTU_US @ 51400
2026-07-30 02:34:52.692 | INFO | FUTU_US | [DB CHECKPOINT] FUTU_US @ 51500
2026-07-30 02:34:52.908 | INFO | FUTU_US | [DB CHECKPOINT] FUTU_US @ 51600
2026-07-30 02:34:53.140 | INFO | FUTU_US | [DB CHECKPOINT] FUTU_US @ 51700
2026-07-30 02:34:53.280 | INFO | FUTU_US | [DB CHECKPOINT] FUTU_US @ 51800
2026-07-30 02:34:53.467 | INFO | FUTU_US | [DB CHECKPOINT] FUTU_US @ 51900
2026-07-30 02:34:53.817 | INFO | FUTU_US | [DB CHECKPOINT] FUTU_US @ 52000
2026-07-30 02:34:54.123 | INFO | FUTU_US | [DB CHECKPOINT] FUTU_US @ 52100
2026-07-30 02:34:54.907 | INFO | FUTU_US | [DB CHECKPOINT] FUTU_US @ 52200
2026-07-30 02:34:54.959 | INFO | FUTU_HK | [FUTU_HK] 账户: 总资产=$823,936.69 现金=$635,296.69 证券=$188,640.00 冻结=$0.00 购买力=$635,296.69 (HKD)
2026-07-30 02:34:55.245 | INFO | FUTU_US | [DB CHECKPOINT] FUTU_US @ 52300
2026-07-30 02:34:55.420 | INFO | FUTU_US | [DB CHECKPOINT] FUTU_US @ 52400
2026-07-30 02:34:55.567 | INFO | FUTU_US | [DB CHECKPOINT] FUTU_US @ 52500
2026-07-30 02:34:55.745 | INFO | FUTU_US | [DB CHECKPOINT] FUTU_US @ 52600
2026-07-30 02:34:55.904 | INFO | FUTU_US | [FUTU_US] 账户: 总资产=$9,999,914.01 现金=$9,996,058.01 证券=$3,856.00 冻结=$0.00 购买力=$19,995,972.02 (USD)
2026-07-30 02:34:55.963 | INFO | FUTU_US | [DB CHECKPOINT] FUTU_US @ 52700
2026-07-30 02:34:57.550 | INFO | FUTU_US | [DB CHECKPOINT] FUTU_US @ 52800
2026-07-30 02:34:57.838 | INFO | FUTU_US | [DB CHECKPOINT] FUTU_US @ 52900
2026-07-30 02:34:58.000 | INFO | FUTU_US | [DB CHECKPOINT] FUTU_US @ 53000
2026-07-30 02:34:58.177 | INFO | FUTU_US | [DB CHECKPOINT] FUTU_US @ 53100
2026-07-30 02:34:58.262 | INFO | FUTU_US | [DB CHECKPOINT] FUTU_US @ 53200
2026-07-30 02:34:58.379 | INFO | FUTU_US | [DB CHECKPOINT] FUTU_US @ 53300
2026-07-30 02:34:58.549 | INFO | FUTU_US | [DB CHECKPOINT] FUTU_US @ 53400
2026-07-30 02:34:58.839 | INFO | FUTU_US | [DB CHECKPOINT] FUTU_US @ 53500
2026-07-30 02:34:59.032 | INFO | FUTU_US | [DB CHECKPOINT] FUTU_US @ 53600
2026-07-30 02:34:59.224 | INFO | FUTU_US | [DB CHECKPOINT] FUTU_US @ 53700
2026-07-30 02:34:59.346 | INFO | FUTU_US | [DB CHECKPOINT] FUTU_US @ 53800
2026-07-30 02:34:59.522 | INFO | FUTU_US | [DB CHECKPOINT] FUTU_US @ 53900
2026-07-30 02:34:59.818 | INFO | FUTU_US | [DB CHECKPOINT] FUTU_US @ 54000
2026-07-30 02:35:00.064 | INFO | FUTU_US | [DB CHECKPOINT] FUTU_US @ 54100
2026-07-30 02:35:00.334 | INFO | FUTU_US | [DB CHECKPOINT] FUTU_US @ 54200
2026-07-30 02:35:00.616 | INFO | FUTU_US | [DB CHECKPOINT] FUTU_US @ 54300
2026-07-30 02:35:00.791 | INFO | FUTU_US | [DB CHECKPOINT] FUTU_US @ 54400
2026-07-30 02:35:00.999 | INFO | FUTU_US | [DB CHECKPOINT] FUTU_US @ 54500
2026-07-30 02:35:01.256 | INFO | FUTU_HK | [FUTU_HK] 账户: 总资产=$823,936.69 现金=$635,296.69 证券=$188,640.00 冻结=$0.00 购买力=$635,296.69 (HKD)
2026-07-30 02:35:01.310 | INFO | FUTU_US | [DB CHECKPOINT] FUTU_US @ 54600
2026-07-30 02:35:01.587 | INFO | FUTU_US | [DB CHECKPOINT] FUTU_US @ 54700
2026-07-30 02:35:01.755 | INFO | FUTU_US | [DB CHECKPOINT] FUTU_US @ 54800
2026-07-30 02:35:01.928 | INFO | FUTU_US | [DB CHECKPOINT] FUTU_US @ 54900
2026-07-30 02:35:02.244 | INFO | FUTU_US | [FUTU_US] 账户: 总资产=$9,999,914.01 现金=$9,996,058.01 证券=$3,856.00 冻结=$0.00 购买力=$19,995,972.02 (USD)
2026-07-30 02:35:02.311 | INFO | FUTU_US | [DB CHECKPOINT] FUTU_US @ 55000
2026-07-30 02:35:02.781 | INFO | FUTU_US | [DB CHECKPOINT] FUTU_US @ 55100
2026-07-30 02:35:03.161 | INFO | FUTU_US | [DB CHECKPOINT] FUTU_US @ 55200
2026-07-30 02:35:03.665 | INFO | FUTU_US | [DB CHECKPOINT] FUTU_US @ 55300
2026-07-30 02:35:04.061 | INFO | FUTU_US | [DB CHECKPOINT] FUTU_US @ 55400
2026-07-30 02:35:04.495 | INFO | FUTU_US | [DB CHECKPOINT] FUTU_US @ 55500
2026-07-30 02:35:04.850 | INFO | FUTU_US | [DB CHECKPOINT] FUTU_US @ 55600
2026-07-30 02:35:05.197 | INFO | FUTU_US | [DB CHECKPOINT] FUTU_US @ 55700
2026-07-30 02:35:05.576 | INFO | FUTU_US | [DB CHECKPOINT] FUTU_US @ 55800
2026-07-30 02:35:05.902 | INFO | FUTU_US | [DB CHECKPOINT] FUTU_US @ 55900
2026-07-30 02:35:06.185 | INFO | FUTU_US | [DB CHECKPOINT] FUTU_US @ 56000
2026-07-30 02:35:06.397 | INFO | FUTU_US | [DB CHECKPOINT] FUTU_US @ 56100
2026-07-30 02:35:06.741 | INFO | FUTU_US | [DB CHECKPOINT] FUTU_US @ 56200
2026-07-30 02:35:08.522 | INFO | FUTU_HK | [FUTU_HK] 账户: 总资产=$823,936.69 现金=$635,296.69 证券=$188,640.00 冻结=$0.00 购买力=$635,296.69 (HKD)
2026-07-30 02:35:09.294 | INFO | FUTU_US | [FUTU_US] 账户: 总资产=$9,999,914.01 现金=$9,996,058.01 证券=$3,856.00 冻结=$0.00 购买力=$19,995,972.02 (USD)
2026-07-30 02:35:10.073 | INFO | FUTU_US | [DB CHECKPOINT] FUTU_US @ 56300
2026-07-30 02:35:10.878 | INFO | FUTU_US | [DB CHECKPOINT] FUTU_US @ 56400
2026-07-30 02:35:11.667 | INFO | FUTU_US | [DB CHECKPOINT] FUTU_US @ 56500
2026-07-30 02:35:12.633 | INFO | FUTU_US | [DB CHECKPOINT] FUTU_US @ 56600
2026-07-30 02:35:13.388 | INFO | FUTU_US | [DB CHECKPOINT] FUTU_US @ 56700
2026-07-30 02:35:13.913 | INFO | FUTU_US | [DB CHECKPOINT] FUTU_US @ 56800
2026-07-30 02:35:14.051 | INFO | FUTU_HK | [FUTU_HK] 账户: 总资产=$823,936.69 现金=$635,296.69 证券=$188,640.00 冻结=$0.00 购买力=$635,296.69 (HKD)
2026-07-30 02:35:14.464 | INFO | FUTU_US | [DB CHECKPOINT] FUTU_US @ 56900
2026-07-30 02:35:14.685 | INFO | FUTU_US | [DB CHECKPOINT] FUTU_US @ 57000
2026-07-30 02:35:15.082 | INFO | FUTU_US | [FUTU_US] 账户: 总资产=$9,999,914.01 现金=$9,996,058.01 证券=$3,856.00 冻结=$0.00 购买力=$19,995,972.02 (USD)
2026-07-30 02:35:15.123 | INFO | FUTU_US | [DB CHECKPOINT] FUTU_US @ 57100
2026-07-30 02:35:15.747 | INFO | FUTU_US | [DB CHECKPOINT] FUTU_US @ 57200
2026-07-30 02:35:16.155 | INFO | FUTU_US | [DB CHECKPOINT] FUTU_US @ 57300
2026-07-30 02:35:16.757 | INFO | FUTU_US | [DB CHECKPOINT] FUTU_US @ 57400
2026-07-30 02:35:20.772 | INFO | FUTU_US | [DB CHECKPOINT] FUTU_US @ 57500
2026-07-30 02:35:22.519 | INFO | FUTU_HK | [FUTU_HK] 账户: 总资产=$823,936.69 现金=$635,296.69 证券=$188,640.00 冻结=$0.00 购买力=$635,296.69 (HKD)
2026-07-30 02:35:22.923 | INFO | FUTU_US | [FUTU_US] 账户: 总资产=$9,999,914.01 现金=$9,996,058.01 证券=$3,856.00 冻结=$0.00 购买力=$19,995,972.02 (USD)
2026-07-30 02:35:23.053 | INFO | FUTU_US | [DB CHECKPOINT] FUTU_US @ 57600
2026-07-30 02:35:23.535 | INFO | FUTU_US | [DB CHECKPOINT] FUTU_US @ 57700
2026-07-30 02:35:23.966 | INFO | FUTU_US | [DB CHECKPOINT] FUTU_US @ 57800
2026-07-30 02:35:24.246 | INFO | FUTU_US | [DB CHECKPOINT] FUTU_US @ 57900
2026-07-30 02:35:24.833 | INFO | FUTU_US | [DB CHECKPOINT] FUTU_US @ 58000
2026-07-30 02:35:25.328 | INFO | FUTU_US | [DB CHECKPOINT] FUTU_US @ 58100
2026-07-30 02:35:25.983 | INFO | FUTU_US | [DB CHECKPOINT] FUTU_US @ 58200
2026-07-30 02:35:26.470 | INFO | FUTU_US | [DB CHECKPOINT] FUTU_US @ 58300
2026-07-30 02:35:26.902 | INFO | FUTU_US | [DB CHECKPOINT] FUTU_US @ 58400
2026-07-30 02:35:27.334 | INFO | FUTU_US | [DB CHECKPOINT] FUTU_US @ 58500
2026-07-30 02:35:27.590 | INFO | FUTU_US | [DB CHECKPOINT] FUTU_US @ 58600
2026-07-30 02:35:27.880 | INFO | FUTU_US | [DB CHECKPOINT] FUTU_US @ 58700
2026-07-30 02:35:27.962 | INFO | FUTU_HK | [FUTU_HK] 账户: 总资产=$823,936.69 现金=$635,296.69 证券=$188,640.00 冻结=$0.00 购买力=$635,296.69 (HKD)
2026-07-30 02:35:28.331 | INFO | FUTU_US | [DB CHECKPOINT] FUTU_US @ 58800
2026-07-30 02:35:28.738 | INFO | FUTU_US | [DB CHECKPOINT] FUTU_US @ 58900
2026-07-30 02:35:28.962 | INFO | FUTU_US | [FUTU_US] 账户: 总资产=$9,999,914.01 现金=$9,996,058.01 证券=$3,856.00 冻结=$0.00 购买力=$19,995,972.02 (USD)
2026-07-30 02:35:29.236 | INFO | FUTU_US | [DB CHECKPOINT] FUTU_US @ 59000
2026-07-30 02:35:29.762 | INFO | FUTU_US | [DB CHECKPOINT] FUTU_US @ 59100
2026-07-30 02:35:30.107 | INFO | FUTU_US | [DB CHECKPOINT] FUTU_US @ 59200
2026-07-30 02:35:30.676 | INFO | FUTU_US | [DB CHECKPOINT] FUTU_US @ 59300
2026-07-30 02:35:31.003 | INFO | FUTU_US | [DB CHECKPOINT] FUTU_US @ 59400
2026-07-30 02:35:31.383 | INFO | FUTU_US | [DB CHECKPOINT] FUTU_US @ 59500
2026-07-30 02:35:35.864 | INFO | FUTU_HK | [FUTU_HK] 账户: 总资产=$823,936.69 现金=$635,296.69 证券=$188,640.00 冻结=$0.00 购买力=$635,296.69 (HKD)
2026-07-30 02:35:36.184 | INFO | FUTU_US | [DB CHECKPOINT] FUTU_US @ 59600
2026-07-30 02:35:36.373 | INFO | FUTU_US | [FUTU_US] 账户: 总资产=$9,999,914.01 现金=$9,996,058.01 证券=$3,856.00 冻结=$0.00 购买力=$19,995,972.02 (USD)
2026-07-30 02:35:36.449 | INFO | FUTU_US | [DB CHECKPOINT] FUTU_US @ 59700
2026-07-30 02:35:36.945 | INFO | FUTU_US | [DB CHECKPOINT] FUTU_US @ 59800
2026-07-30 02:35:37.044 | INFO | FUTU_US | [DB CHECKPOINT] FUTU_US @ 59900
2026-07-30 02:35:37.462 | INFO | FUTU_US | [DB CHECKPOINT] FUTU_US @ 60000
2026-07-30 02:35:37.785 | INFO | FUTU_US | [DB CHECKPOINT] FUTU_US @ 60100
2026-07-30 02:35:38.346 | INFO | FUTU_US | [DB CHECKPOINT] FUTU_US @ 60200
2026-07-30 02:35:39.073 | INFO | FUTU_US | [DB CHECKPOINT] FUTU_US @ 60300
2026-07-30 02:35:39.846 | INFO | FUTU_US | [DB CHECKPOINT] FUTU_US @ 60400
2026-07-30 02:35:40.551 | INFO | FUTU_US | [DB CHECKPOINT] FUTU_US @ 60500
2026-07-30 02:35:40.962 | INFO | FUTU_US | [DB CHECKPOINT] FUTU_US @ 60600
2026-07-30 02:35:41.347 | INFO | FUTU_US | [DB CHECKPOINT] FUTU_US @ 60700
2026-07-30 02:35:41.435 | INFO | FUTU_HK | [FUTU_HK] 账户: 总资产=$823,936.69 现金=$635,296.69 证券=$188,640.00 冻结=$0.00 购买力=$635,296.69 (HKD)
2026-07-30 02:35:41.610 | INFO | FUTU_US | [DB CHECKPOINT] FUTU_US @ 60800
2026-07-30 02:35:41.803 | INFO | FUTU_US | [DB CHECKPOINT] FUTU_US @ 60900
2026-07-30 02:35:42.133 | INFO | FUTU_US | [DB CHECKPOINT] FUTU_US @ 61000
2026-07-30 02:35:42.386 | INFO | FUTU_US | [FUTU_US] 账户: 总资产=$9,999,914.01 现金=$9,996,058.01 证券=$3,856.00 冻结=$0.00 购买力=$19,995,972.02 (USD)
2026-07-30 02:35:42.409 | INFO | FUTU_US | [DB CHECKPOINT] FUTU_US @ 61100
2026-07-30 02:35:42.785 | INFO | FUTU_US | [DB CHECKPOINT] FUTU_US @ 61200
2026-07-30 02:35:43.078 | INFO | FUTU_US | [DB CHECKPOINT] FUTU_US @ 61300
2026-07-30 02:35:43.307 | INFO | FUTU_US | [DB CHECKPOINT] FUTU_US @ 61400
2026-07-30 02:35:43.569 | INFO | FUTU_US | [DB CHECKPOINT] FUTU_US @ 61500
2026-07-30 02:35:43.875 | INFO | FUTU_US | [DB CHECKPOINT] FUTU_US @ 61600
2026-07-30 02:35:44.157 | INFO | FUTU_US | [DB CHECKPOINT] FUTU_US @ 61700
2026-07-30 02:35:44.470 | INFO | FUTU_US | [DB CHECKPOINT] FUTU_US @ 61800
2026-07-30 02:35:44.824 | INFO | FUTU_US | [DB CHECKPOINT] FUTU_US @ 61900
2026-07-30 02:35:45.079 | INFO | FUTU_US | [DB CHECKPOINT] FUTU_US @ 62000
2026-07-30 02:35:45.327 | INFO | FUTU_US | [DB CHECKPOINT] FUTU_US @ 62100
2026-07-30 02:35:45.554 | INFO | FUTU_US | [DB CHECKPOINT] FUTU_US @ 62200
2026-07-30 02:35:45.864 | INFO | FUTU_US | [DB CHECKPOINT] FUTU_US @ 62300
2026-07-30 02:35:49.298 | INFO | FUTU_HK | [FUTU_HK] 账户: 总资产=$823,936.69 现金=$635,296.69 证券=$188,640.00 冻结=$0.00 购买力=$635,296.69 (HKD)
2026-07-30 02:35:49.376 | INFO | FUTU_US | [DB CHECKPOINT] FUTU_US @ 62400
2026-07-30 02:35:49.627 | INFO | FUTU_US | [DB CHECKPOINT] FUTU_US @ 62500
2026-07-30 02:35:49.832 | INFO | FUTU_US | [DB CHECKPOINT] FUTU_US @ 62600
2026-07-30 02:35:50.134 | INFO | FUTU_US | [DB CHECKPOINT] FUTU_US @ 62700
2026-07-30 02:35:50.241 | INFO | FUTU_US | [FUTU_US] 账户: 总资产=$9,999,914.01 现金=$9,996,058.01 证券=$3,856.00 冻结=$0.00 购买力=$19,995,972.02 (USD)
2026-07-30 02:35:50.479 | INFO | FUTU_US | [DB CHECKPOINT] FUTU_US @ 62800
2026-07-30 02:35:50.755 | INFO | FUTU_US | [DB CHECKPOINT] FUTU_US @ 62900
2026-07-30 02:35:50.977 | INFO | FUTU_US | [DB CHECKPOINT] FUTU_US @ 63000
2026-07-30 02:35:51.294 | INFO | FUTU_US | [DB CHECKPOINT] FUTU_US @ 63100
2026-07-30 02:35:51.550 | INFO | FUTU_US | [DB CHECKPOINT] FUTU_US @ 63200
2026-07-30 02:35:51.864 | INFO | FUTU_US | [DB CHECKPOINT] FUTU_US @ 63300
2026-07-30 02:35:52.074 | INFO | FUTU_US | [DB CHECKPOINT] FUTU_US @ 63400
2026-07-30 02:35:52.227 | INFO | FUTU_US | [DB CHECKPOINT] FUTU_US @ 63500
2026-07-30 02:35:52.558 | INFO | FUTU_US | [DB CHECKPOINT] FUTU_US @ 63600
2026-07-30 02:35:52.847 | INFO | FUTU_US | [DB CHECKPOINT] FUTU_US @ 63700
2026-07-30 02:35:53.043 | INFO | FUTU_US | [DB CHECKPOINT] FUTU_US @ 63800
2026-07-30 02:35:53.320 | INFO | FUTU_US | [DB CHECKPOINT] FUTU_US @ 63900
2026-07-30 02:35:53.517 | INFO | FUTU_US | [DB CHECKPOINT] FUTU_US @ 64000
2026-07-30 02:35:53.794 | INFO | FUTU_US | [DB CHECKPOINT] FUTU_US @ 64100
2026-07-30 02:35:54.015 | INFO | FUTU_US | [DB CHECKPOINT] FUTU_US @ 64200
2026-07-30 02:35:54.209 | INFO | FUTU_US | [DB CHECKPOINT] FUTU_US @ 64300
2026-07-30 02:35:54.407 | INFO | FUTU_US | [DB CHECKPOINT] FUTU_US @ 64400
2026-07-30 02:35:54.651 | INFO | FUTU_US | [DB CHECKPOINT] FUTU_US @ 64500
2026-07-30 02:35:54.929 | INFO | FUTU_US | [DB CHECKPOINT] FUTU_US @ 64600
2026-07-30 02:35:55.234 | INFO | FUTU_HK | [FUTU_HK] 账户: 总资产=$823,936.69 现金=$635,296.69 证券=$188,640.00 冻结=$0.00 购买力=$635,296.69 (HKD)
2026-07-30 02:35:55.245 | INFO | FUTU_US | [DB CHECKPOINT] FUTU_US @ 64700
2026-07-30 02:35:55.447 | INFO | FUTU_US | [DB CHECKPOINT] FUTU_US @ 64800
2026-07-30 02:35:55.739 | INFO | FUTU_US | [DB CHECKPOINT] FUTU_US @ 64900
2026-07-30 02:35:56.005 | INFO | FUTU_US | [DB CHECKPOINT] FUTU_US @ 65000
2026-07-30 02:35:56.235 | INFO | FUTU_US | [DB CHECKPOINT] FUTU_US @ 65100
2026-07-30 02:35:56.239 | INFO | FUTU_US | [FUTU_US] 账户: 总资产=$9,999,914.01 现金=$9,996,058.01 证券=$3,856.00 冻结=$0.00 购买力=$19,995,972.02 (USD)
2026-07-30 02:35:56.451 | INFO | FUTU_US | [DB CHECKPOINT] FUTU_US @ 65200
2026-07-30 02:35:56.761 | INFO | FUTU_US | [DB CHECKPOINT] FUTU_US @ 65300
2026-07-30 02:35:56.893 | INFO | FUTU_US | [DB CHECKPOINT] FUTU_US @ 65400
2026-07-30 02:35:57.122 | INFO | FUTU_US | [DB CHECKPOINT] FUTU_US @ 65500
2026-07-30 02:35:57.330 | INFO | FUTU_US | [DB CHECKPOINT] FUTU_US @ 65600
2026-07-30 02:35:57.449 | INFO | FUTU_US | [DB CHECKPOINT] FUTU_US @ 65700
2026-07-30 02:35:57.701 | INFO | FUTU_US | [DB CHECKPOINT] FUTU_US @ 65800
2026-07-30 02:35:57.850 | INFO | FUTU_US | [DB CHECKPOINT] FUTU_US @ 65900
2026-07-30 02:35:57.988 | INFO | FUTU_US | [DB CHECKPOINT] FUTU_US @ 66000
2026-07-30 02:35:58.271 | INFO | FUTU_US | [DB CHECKPOINT] FUTU_US @ 66100
2026-07-30 02:35:58.526 | INFO | FUTU_US | [DB CHECKPOINT] FUTU_US @ 66200
2026-07-30 02:35:58.805 | INFO | FUTU_US | [DB CHECKPOINT] FUTU_US @ 66300
2026-07-30 02:35:58.994 | INFO | FUTU_US | [DB CHECKPOINT] FUTU_US @ 66400
2026-07-30 02:35:59.145 | INFO | FUTU_US | [DB CHECKPOINT] FUTU_US @ 66500
2026-07-30 02:35:59.293 | INFO | FUTU_US | [DB CHECKPOINT] FUTU_US @ 66600
2026-07-30 02:35:59.450 | INFO | FUTU_US | [DB CHECKPOINT] FUTU_US @ 66700
2026-07-30 02:35:59.759 | INFO | FUTU_US | [DB CHECKPOINT] FUTU_US @ 66800
2026-07-30 02:36:00.014 | INFO | FUTU_US | [DB CHECKPOINT] FUTU_US @ 66900
2026-07-30 02:36:00.271 | INFO | FUTU_US | [DB CHECKPOINT] FUTU_US @ 67000
2026-07-30 02:36:00.494 | INFO | FUTU_US | [DB CHECKPOINT] FUTU_US @ 67100
2026-07-30 02:36:00.739 | INFO | FUTU_US | [DB CHECKPOINT] FUTU_US @ 67200
2026-07-30 02:36:00.916 | INFO | FUTU_US | [DB CHECKPOINT] FUTU_US @ 67300
2026-07-30 02:36:01.389 | INFO | FUTU_HK | [FUTU_HK] 账户: 总资产=$823,936.69 现金=$635,296.69 证券=$188,640.00 冻结=$0.00 购买力=$635,296.69 (HKD)
2026-07-30 02:36:01.416 | INFO | FUTU_US | [DB CHECKPOINT] FUTU_US @ 67400
2026-07-30 02:36:01.605 | INFO | FUTU_US | [DB CHECKPOINT] FUTU_US @ 67500
2026-07-30 02:36:01.921 | INFO | FUTU_US | [DB CHECKPOINT] FUTU_US @ 67600
2026-07-30 02:36:02.167 | INFO | FUTU_US | [DB CHECKPOINT] FUTU_US @ 67700
2026-07-30 02:36:02.285 | INFO | FUTU_US | [FUTU_US] 账户: 总资产=$9,999,914.01 现金=$9,996,058.01 证券=$3,856.00 冻结=$0.00 购买力=$19,995,972.02 (USD)
2026-07-30 02:36:02.454 | INFO | FUTU_US | [DB CHECKPOINT] FUTU_US @ 67800
2026-07-30 02:36:02.792 | INFO | FUTU_US | [DB CHECKPOINT] FUTU_US @ 67900
2026-07-30 02:36:03.560 | INFO | FUTU_US | [DB CHECKPOINT] FUTU_US @ 68000
2026-07-30 02:36:06.964 | INFO | FUTU_US | [DB CHECKPOINT] FUTU_US @ 68100
2026-07-30 02:36:07.266 | INFO | FUTU_US | [DB CHECKPOINT] FUTU_US @ 68200
2026-07-30 02:36:07.591 | INFO | FUTU_US | [DB CHECKPOINT] FUTU_US @ 68300
2026-07-30 02:36:07.860 | INFO | FUTU_US | [DB CHECKPOINT] FUTU_US @ 68400
2026-07-30 02:36:08.005 | INFO | FUTU_US | [DB CHECKPOINT] FUTU_US @ 68500
2026-07-30 02:36:08.323 | INFO | FUTU_US | [DB CHECKPOINT] FUTU_US @ 68600
2026-07-30 02:36:08.580 | INFO | FUTU_US | [DB CHECKPOINT] FUTU_US @ 68700
2026-07-30 02:36:08.799 | INFO | FUTU_HK | [FUTU_HK] 账户: 总资产=$823,936.69 现金=$635,296.69 证券=$188,640.00 冻结=$0.00 购买力=$635,296.69 (HKD)
2026-07-30 02:36:08.854 | INFO | FUTU_US | [DB CHECKPOINT] FUTU_US @ 68800
2026-07-30 02:36:09.038 | INFO | FUTU_US | [DB CHECKPOINT] FUTU_US @ 68900
2026-07-30 02:36:09.346 | INFO | FUTU_US | [DB CHECKPOINT] FUTU_US @ 69000
2026-07-30 02:36:09.599 | INFO | FUTU_US | [DB CHECKPOINT] FUTU_US @ 69100
2026-07-30 02:36:09.829 | INFO | FUTU_US | [FUTU_US] 账户: 总资产=$9,999,914.01 现金=$9,996,058.01 证券=$3,856.00 冻结=$0.00 购买力=$19,995,972.02 (USD)
2026-07-30 02:36:09.872 | INFO | FUTU_US | [DB CHECKPOINT] FUTU_US @ 69200
2026-07-30 02:36:10.151 | INFO | FUTU_US | [DB CHECKPOINT] FUTU_US @ 69300
2026-07-30 02:36:10.343 | INFO | FUTU_US | [DB CHECKPOINT] FUTU_US @ 69400
2026-07-30 02:36:10.542 | INFO | FUTU_US | [DB CHECKPOINT] FUTU_US @ 69500
2026-07-30 02:36:10.685 | INFO | FUTU_US | [DB CHECKPOINT] FUTU_US @ 69600
2026-07-30 02:36:10.932 | INFO | FUTU_US | [DB CHECKPOINT] FUTU_US @ 69700
2026-07-30 02:36:11.170 | INFO | FUTU_US | [DB CHECKPOINT] FUTU_US @ 69800
2026-07-30 02:36:11.352 | INFO | FUTU_US | [DB CHECKPOINT] FUTU_US @ 69900
2026-07-30 02:36:11.634 | INFO | FUTU_US | [DB CHECKPOINT] FUTU_US @ 70000
2026-07-30 02:36:11.822 | INFO | FUTU_US | [DB CHECKPOINT] FUTU_US @ 70100
2026-07-30 02:36:12.154 | INFO | FUTU_US | [DB CHECKPOINT] FUTU_US @ 70200
2026-07-30 02:36:12.450 | INFO | FUTU_US | [DB CHECKPOINT] FUTU_US @ 70300
2026-07-30 02:36:12.713 | INFO | FUTU_US | [DB CHECKPOINT] FUTU_US @ 70400
2026-07-30 02:36:13.021 | INFO | FUTU_US | [DB CHECKPOINT] FUTU_US @ 70500
2026-07-30 02:36:13.413 | INFO | FUTU_US | [DB CHECKPOINT] FUTU_US @ 70600
2026-07-30 02:36:13.627 | INFO | FUTU_US | [DB CHECKPOINT] FUTU_US @ 70700
2026-07-30 02:36:13.867 | INFO | FUTU_US | [DB CHECKPOINT] FUTU_US @ 70800
2026-07-30 02:36:14.145 | INFO | FUTU_US | [DB CHECKPOINT] FUTU_US @ 70900
2026-07-30 02:36:14.374 | INFO | FUTU_US | [DB CHECKPOINT] FUTU_US @ 71000
2026-07-30 02:36:14.780 | INFO | FUTU_US | [DB CHECKPOINT] FUTU_US @ 71100
2026-07-30 02:36:14.813 | INFO | FUTU_HK | [FUTU_HK] 账户: 总资产=$823,936.69 现金=$635,296.69 证券=$188,640.00 冻结=$0.00 购买力=$635,296.69 (HKD)
2026-07-30 02:36:15.121 | INFO | FUTU_US | [DB CHECKPOINT] FUTU_US @ 71200
2026-07-30 02:36:15.402 | INFO | FUTU_US | [DB CHECKPOINT] FUTU_US @ 71300
2026-07-30 02:36:15.449 | INFO | FUTU_US | [DB CHECKPOINT] FUTU_US @ 71400
2026-07-30 02:36:15.689 | INFO | FUTU_US | [DB CHECKPOINT] FUTU_US @ 71500
2026-07-30 02:36:15.829 | INFO | FUTU_US | [FUTU_US] 账户: 总资产=$9,999,914.01 现金=$9,996,058.01 证券=$3,856.00 冻结=$0.00 购买力=$19,995,972.02 (USD)
2026-07-30 02:36:15.921 | INFO | FUTU_US | [DB CHECKPOINT] FUTU_US @ 71600
2026-07-30 02:36:16.166 | INFO | FUTU_US | [DB CHECKPOINT] FUTU_US @ 71700
2026-07-30 02:36:16.449 | INFO | FUTU_US | [DB CHECKPOINT] FUTU_US @ 71800
2026-07-30 02:36:16.731 | INFO | FUTU_US | [DB CHECKPOINT] FUTU_US @ 71900
2026-07-30 02:36:16.878 | INFO | FUTU_US | [DB CHECKPOINT] FUTU_US @ 72000
2026-07-30 02:36:17.169 | INFO | FUTU_US | [DB CHECKPOINT] FUTU_US @ 72100
2026-07-30 02:36:17.412 | INFO | FUTU_US | [DB CHECKPOINT] FUTU_US @ 72200
2026-07-30 02:36:17.534 | INFO | FUTU_US | [DB CHECKPOINT] FUTU_US @ 72300
2026-07-30 02:36:17.642 | INFO | FUTU_US | [DB CHECKPOINT] FUTU_US @ 72400
2026-07-30 02:36:17.791 | INFO | FUTU_US | [DB CHECKPOINT] FUTU_US @ 72500
2026-07-30 02:36:18.052 | INFO | FUTU_US | [DB CHECKPOINT] FUTU_US @ 72600
2026-07-30 02:36:18.183 | INFO | FUTU_US | [DB CHECKPOINT] FUTU_US @ 72700
2026-07-30 02:36:18.381 | INFO | FUTU_US | [DB CHECKPOINT] FUTU_US @ 72800
2026-07-30 02:36:18.477 | INFO | FUTU_US | [DB CHECKPOINT] FUTU_US @ 72900
2026-07-30 02:36:18.651 | INFO | FUTU_US | [DB CHECKPOINT] FUTU_US @ 73000
2026-07-30 02:36:18.907 | INFO | FUTU_US | [DB CHECKPOINT] FUTU_US @ 73100
2026-07-30 02:36:19.080 | INFO | FUTU_US | [DB CHECKPOINT] FUTU_US @ 73200
2026-07-30 02:36:19.283 | INFO | FUTU_US | [DB CHECKPOINT] FUTU_US @ 73300
2026-07-30 02:36:19.496 | INFO | FUTU_US | [DB CHECKPOINT] FUTU_US @ 73400
2026-07-30 02:36:19.623 | INFO | FUTU_US | [DB CHECKPOINT] FUTU_US @ 73500
2026-07-30 02:36:19.872 | INFO | FUTU_US | [DB CHECKPOINT] FUTU_US @ 73600
2026-07-30 02:36:20.042 | INFO | FUTU_US | [DB CHECKPOINT] FUTU_US @ 73700
2026-07-30 02:36:20.228 | INFO | FUTU_US | [DB CHECKPOINT] FUTU_US @ 73800
2026-07-30 02:36:20.489 | INFO | FUTU_US | [DB CHECKPOINT] FUTU_US @ 73900
2026-07-30 02:36:20.670 | INFO | FUTU_US | [DB CHECKPOINT] FUTU_US @ 74000
2026-07-30 02:36:20.817 | INFO | FUTU_US | [DB CHECKPOINT] FUTU_US @ 74100
2026-07-30 02:36:20.821 | INFO | FUTU_HK | [FUTU_HK] 账户: 总资产=$823,936.69 现金=$635,296.69 证券=$188,640.00 冻结=$0.00 购买力=$635,296.69 (HKD)
2026-07-30 02:36:20.958 | INFO | FUTU_US | [DB CHECKPOINT] FUTU_US @ 74200
2026-07-30 02:36:21.141 | INFO | FUTU_US | [DB CHECKPOINT] FUTU_US @ 74300
2026-07-30 02:36:21.377 | INFO | FUTU_US | [DB CHECKPOINT] FUTU_US @ 74400
2026-07-30 02:36:21.641 | INFO | FUTU_US | [DB CHECKPOINT] FUTU_US @ 74500
2026-07-30 02:36:21.806 | INFO | FUTU_US | [DB CHECKPOINT] FUTU_US @ 74600
2026-07-30 02:36:21.829 | INFO | FUTU_US | [FUTU_US] 账户: 总资产=$9,999,914.01 现金=$9,996,058.01 证券=$3,856.00 冻结=$0.00 购买力=$19,995,972.02 (USD)
2026-07-30 02:36:21.942 | INFO | FUTU_US | [DB CHECKPOINT] FUTU_US @ 74700
2026-07-30 02:36:22.135 | INFO | FUTU_US | [DB CHECKPOINT] FUTU_US @ 74800
2026-07-30 02:36:22.411 | INFO | FUTU_US | [DB CHECKPOINT] FUTU_US @ 74900
2026-07-30 02:36:25.009 | INFO | FUTU_US | [DB CHECKPOINT] FUTU_US @ 75000
2026-07-30 02:36:25.145 | INFO | FUTU_US | [DB CHECKPOINT] FUTU_US @ 75100
2026-07-30 02:36:25.419 | INFO | FUTU_US | [DB CHECKPOINT] FUTU_US @ 75200
2026-07-30 02:36:25.574 | INFO | FUTU_US | [DB CHECKPOINT] FUTU_US @ 75300
2026-07-30 02:36:25.708 | INFO | FUTU_US | [DB CHECKPOINT] FUTU_US @ 75400
2026-07-30 02:36:25.992 | INFO | FUTU_US | [DB CHECKPOINT] FUTU_US @ 75500
2026-07-30 02:36:26.187 | INFO | FUTU_US | [DB CHECKPOINT] FUTU_US @ 75600
2026-07-30 02:36:26.519 | INFO | FUTU_US | [DB CHECKPOINT] FUTU_US @ 75700
2026-07-30 02:36:26.824 | INFO | FUTU_US | [DB CHECKPOINT] FUTU_US @ 75800
2026-07-30 02:36:27.198 | INFO | FUTU_US | [DB CHECKPOINT] FUTU_US @ 75900
2026-07-30 02:36:27.357 | INFO | FUTU_US | [DB CHECKPOINT] FUTU_US @ 76000
2026-07-30 02:36:27.470 | INFO | FUTU_US | [DB CHECKPOINT] FUTU_US @ 76100
2026-07-30 02:36:27.624 | INFO | FUTU_US | [DB CHECKPOINT] FUTU_US @ 76200
2026-07-30 02:36:27.851 | INFO | FUTU_US | [DB CHECKPOINT] FUTU_US @ 76300
2026-07-30 02:36:28.114 | INFO | FUTU_US | [DB CHECKPOINT] FUTU_US @ 76400
2026-07-30 02:36:28.300 | INFO | FUTU_US | [DB CHECKPOINT] FUTU_US @ 76500
2026-07-30 02:36:28.393 | INFO | FUTU_HK | [FUTU_HK] 账户: 总资产=$823,936.69 现金=$635,296.69 证券=$188,640.00 冻结=$0.00 购买力=$635,296.69 (HKD)
2026-07-30 02:36:28.504 | INFO | FUTU_US | [DB CHECKPOINT] FUTU_US @ 76600
2026-07-30 02:36:28.732 | INFO | FUTU_US | [DB CHECKPOINT] FUTU_US @ 76700
2026-07-30 02:36:28.997 | INFO | FUTU_US | [DB CHECKPOINT] FUTU_US @ 76800
2026-07-30 02:36:29.170 | INFO | FUTU_US | [DB CHECKPOINT] FUTU_US @ 76900
2026-07-30 02:36:29.327 | INFO | FUTU_US | [DB CHECKPOINT] FUTU_US @ 77000
2026-07-30 02:36:29.403 | INFO | FUTU_US | [FUTU_US] 账户: 总资产=$9,999,914.01 现金=$9,996,058.01 证券=$3,856.00 冻结=$0.00 购买力=$19,995,972.02 (USD)
2026-07-30 02:36:29.562 | INFO | FUTU_US | [DB CHECKPOINT] FUTU_US @ 77100
2026-07-30 02:36:29.817 | INFO | FUTU_US | [DB CHECKPOINT] FUTU_US @ 77200
2026-07-30 02:36:30.026 | INFO | FUTU_US | [DB CHECKPOINT] FUTU_US @ 77300
2026-07-30 02:36:30.231 | INFO | FUTU_US | [DB CHECKPOINT] FUTU_US @ 77400
2026-07-30 02:36:30.492 | INFO | FUTU_US | [DB CHECKPOINT] FUTU_US @ 77500
2026-07-30 02:36:30.771 | INFO | FUTU_US | [DB CHECKPOINT] FUTU_US @ 77600
2026-07-30 02:36:31.049 | INFO | FUTU_US | [DB CHECKPOINT] FUTU_US @ 77700
2026-07-30 02:36:31.159 | INFO | FUTU_US | [DB CHECKPOINT] FUTU_US @ 77800
2026-07-30 02:36:31.465 | INFO | FUTU_US | [DB CHECKPOINT] FUTU_US @ 77900
2026-07-30 02:36:31.741 | INFO | FUTU_US | [DB CHECKPOINT] FUTU_US @ 78000
2026-07-30 02:36:32.003 | INFO | FUTU_US | [DB CHECKPOINT] FUTU_US @ 78100
2026-07-30 02:36:32.331 | INFO | FUTU_US | [DB CHECKPOINT] FUTU_US @ 78200
2026-07-30 02:36:32.649 | INFO | FUTU_US | [DB CHECKPOINT] FUTU_US @ 78300
2026-07-30 02:36:32.902 | INFO | FUTU_US | [DB CHECKPOINT] FUTU_US @ 78400
2026-07-30 02:36:33.042 | INFO | FUTU_US | [DB CHECKPOINT] FUTU_US @ 78500
2026-07-30 02:36:33.240 | INFO | FUTU_US | [DB CHECKPOINT] FUTU_US @ 78600
2026-07-30 02:36:33.493 | INFO | FUTU_US | [DB CHECKPOINT] FUTU_US @ 78700
2026-07-30 02:36:33.739 | INFO | FUTU_US | [DB CHECKPOINT] FUTU_US @ 78800
2026-07-30 02:36:33.950 | INFO | FUTU_US | [DB CHECKPOINT] FUTU_US @ 78900
2026-07-30 02:36:34.221 | INFO | FUTU_US | [DB CHECKPOINT] FUTU_US @ 79000
2026-07-30 02:36:34.402 | INFO | FUTU_HK | [FUTU_HK] 账户: 总资产=$823,936.69 现金=$635,296.69 证券=$188,640.00 冻结=$0.00 购买力=$635,296.69 (HKD)
2026-07-30 02:36:34.441 | INFO | FUTU_US | [DB CHECKPOINT] FUTU_US @ 79100
2026-07-30 02:36:34.729 | INFO | FUTU_US | [DB CHECKPOINT] FUTU_US @ 79200
2026-07-30 02:36:34.941 | INFO | FUTU_US | [DB CHECKPOINT] FUTU_US @ 79300
2026-07-30 02:36:35.263 | INFO | FUTU_US | [DB CHECKPOINT] FUTU_US @ 79400
2026-07-30 02:36:35.412 | INFO | FUTU_US | [FUTU_US] 账户: 总资产=$9,999,914.01 现金=$9,996,058.01 证券=$3,856.00 冻结=$0.00 购买力=$19,995,972.02 (USD)
2026-07-30 02:36:35.506 | INFO | FUTU_US | [DB CHECKPOINT] FUTU_US @ 79500
2026-07-30 02:36:36.083 | INFO | FUTU_US | [DB CHECKPOINT] FUTU_US @ 79600
2026-07-30 02:36:36.379 | INFO | FUTU_US | [DB CHECKPOINT] FUTU_US @ 79700
2026-07-30 02:36:36.526 | INFO | FUTU_US | [DB CHECKPOINT] FUTU_US @ 79800
2026-07-30 02:36:36.810 | INFO | FUTU_US | [DB CHECKPOINT] FUTU_US @ 79900
2026-07-30 02:36:37.111 | INFO | FUTU_US | [DB CHECKPOINT] FUTU_US @ 80000
2026-07-30 02:36:37.242 | INFO | FUTU_US | [DB CHECKPOINT] FUTU_US @ 80100
2026-07-30 02:36:37.535 | INFO | FUTU_US | [DB CHECKPOINT] FUTU_US @ 80200
2026-07-30 02:36:37.717 | INFO | FUTU_US | [DB CHECKPOINT] FUTU_US @ 80300
2026-07-30 02:36:38.052 | INFO | FUTU_US | [DB CHECKPOINT] FUTU_US @ 80400
2026-07-30 02:36:38.225 | INFO | FUTU_US | [DB CHECKPOINT] FUTU_US @ 80500
2026-07-30 02:36:38.514 | INFO | FUTU_US | [DB CHECKPOINT] FUTU_US @ 80600
2026-07-30 02:36:38.732 | INFO | FUTU_US | [DB CHECKPOINT] FUTU_US @ 80700
2026-07-30 02:36:38.830 | INFO | FUTU_US | [DB CHECKPOINT] FUTU_US @ 80800
2026-07-30 02:36:39.098 | INFO | FUTU_US | [DB CHECKPOINT] FUTU_US @ 80900
2026-07-30 02:36:39.254 | INFO | FUTU_US | [DB CHECKPOINT] FUTU_US @ 81000
2026-07-30 02:36:39.533 | INFO | FUTU_US | [DB CHECKPOINT] FUTU_US @ 81100
2026-07-30 02:36:39.734 | INFO | FUTU_US | [DB CHECKPOINT] FUTU_US @ 81200
2026-07-30 02:36:39.993 | INFO | FUTU_US | [DB CHECKPOINT] FUTU_US @ 81300
2026-07-30 02:36:40.280 | INFO | FUTU_US | [DB CHECKPOINT] FUTU_US @ 81400
2026-07-30 02:36:40.415 | INFO | FUTU_HK | [FUTU_HK] 账户: 总资产=$823,936.69 现金=$635,296.69 证券=$188,640.00 冻结=$0.00 购买力=$635,296.69 (HKD)
2026-07-30 02:36:40.460 | INFO | FUTU_US | [DB CHECKPOINT] FUTU_US @ 81500
2026-07-30 02:36:40.748 | INFO | FUTU_US | [DB CHECKPOINT] FUTU_US @ 81600
2026-07-30 02:36:41.025 | INFO | FUTU_US | [DB CHECKPOINT] FUTU_US @ 81700
2026-07-30 02:36:41.303 | INFO | FUTU_US | [DB CHECKPOINT] FUTU_US @ 81800
2026-07-30 02:36:41.455 | INFO | FUTU_US | [FUTU_US] 账户: 总资产=$9,999,914.01 现金=$9,996,058.01 证券=$3,856.00 冻结=$0.00 购买力=$19,995,972.02 (USD)
2026-07-30 02:36:41.602 | INFO | FUTU_US | [DB CHECKPOINT] FUTU_US @ 81900
2026-07-30 02:36:41.855 | INFO | FUTU_US | [DB CHECKPOINT] FUTU_US @ 82000
2026-07-30 02:36:42.145 | INFO | FUTU_US | [DB CHECKPOINT] FUTU_US @ 82100
2026-07-30 02:36:42.454 | INFO | FUTU_US | [DB CHECKPOINT] FUTU_US @ 82200
2026-07-30 02:36:46.180 | INFO | FUTU_US | [DB CHECKPOINT] FUTU_US @ 82300
2026-07-30 02:36:46.409 | INFO | FUTU_US | [DB CHECKPOINT] FUTU_US @ 82400
2026-07-30 02:36:46.752 | INFO | FUTU_US | [DB CHECKPOINT] FUTU_US @ 82500
2026-07-30 02:36:47.001 | INFO | FUTU_US | [DB CHECKPOINT] FUTU_US @ 82600
2026-07-30 02:36:47.301 | INFO | FUTU_US | [DB CHECKPOINT] FUTU_US @ 82700
2026-07-30 02:36:47.734 | INFO | FUTU_HK | [FUTU_HK] 账户: 总资产=$823,936.69 现金=$635,296.69 证券=$188,640.00 冻结=$0.00 购买力=$635,296.69 (HKD)
2026-07-30 02:36:47.788 | INFO | FUTU_US | [DB CHECKPOINT] FUTU_US @ 82800
2026-07-30 02:36:48.035 | INFO | FUTU_US | [DB CHECKPOINT] FUTU_US @ 82900
2026-07-30 02:36:48.283 | INFO | FUTU_US | [DB CHECKPOINT] FUTU_US @ 83000
2026-07-30 02:36:48.466 | INFO | FUTU_US | [DB CHECKPOINT] FUTU_US @ 83100
2026-07-30 02:36:48.708 | INFO | FUTU_US | [FUTU_US] 账户: 总资产=$9,999,914.01 现金=$9,996,058.01 证券=$3,856.00 冻结=$0.00 购买力=$19,995,972.02 (USD)
2026-07-30 02:36:48.745 | INFO | FUTU_US | [DB CHECKPOINT] FUTU_US @ 83200
2026-07-30 02:36:49.140 | INFO | FUTU_US | [DB CHECKPOINT] FUTU_US @ 83300
2026-07-30 02:36:49.418 | INFO | FUTU_US | [DB CHECKPOINT] FUTU_US @ 83400
2026-07-30 02:36:49.802 | INFO | FUTU_US | [DB CHECKPOINT] FUTU_US @ 83500
2026-07-30 02:36:49.997 | INFO | FUTU_US | [DB CHECKPOINT] FUTU_US @ 83600
2026-07-30 02:36:50.343 | INFO | FUTU_US | [DB CHECKPOINT] FUTU_US @ 83700
2026-07-30 02:36:50.685 | INFO | FUTU_US | [DB CHECKPOINT] FUTU_US @ 83800
2026-07-30 02:36:50.894 | INFO | FUTU_US | [DB CHECKPOINT] FUTU_US @ 83900
2026-07-30 02:36:51.137 | INFO | FUTU_US | [DB CHECKPOINT] FUTU_US @ 84000
2026-07-30 02:36:51.509 | INFO | FUTU_US | [DB CHECKPOINT] FUTU_US @ 84100
2026-07-30 02:36:51.673 | INFO | FUTU_US | [DB CHECKPOINT] FUTU_US @ 84200
2026-07-30 02:36:51.898 | INFO | FUTU_US | [DB CHECKPOINT] FUTU_US @ 84300
2026-07-30 02:36:52.054 | INFO | FUTU_US | [DB CHECKPOINT] FUTU_US @ 84400
2026-07-30 02:36:52.310 | INFO | FUTU_US | [DB CHECKPOINT] FUTU_US @ 84500
2026-07-30 02:36:52.516 | INFO | FUTU_US | [DB CHECKPOINT] FUTU_US @ 84600
2026-07-30 02:36:52.743 | INFO | FUTU_US | [DB CHECKPOINT] FUTU_US @ 84700
2026-07-30 02:36:53.027 | INFO | FUTU_US | [DB CHECKPOINT] FUTU_US @ 84800
2026-07-30 02:36:53.204 | INFO | FUTU_US | [DB CHECKPOINT] FUTU_US @ 84900
2026-07-30 02:36:53.358 | INFO | FUTU_US | [DB CHECKPOINT] FUTU_US @ 85000
2026-07-30 02:36:53.523 | INFO | FUTU_US | [DB CHECKPOINT] FUTU_US @ 85100
2026-07-30 02:36:53.704 | INFO | FUTU_HK | [FUTU_HK] 账户: 总资产=$823,936.69 现金=$635,296.69 证券=$188,640.00 冻结=$0.00 购买力=$635,296.69 (HKD)
2026-07-30 02:36:53.740 | INFO | FUTU_US | [DB CHECKPOINT] FUTU_US @ 85200
2026-07-30 02:36:53.953 | INFO | FUTU_US | [DB CHECKPOINT] FUTU_US @ 85300
2026-07-30 02:36:54.138 | INFO | FUTU_US | [DB CHECKPOINT] FUTU_US @ 85400
2026-07-30 02:36:54.305 | INFO | FUTU_US | [DB CHECKPOINT] FUTU_US @ 85500
2026-07-30 02:36:54.536 | INFO | FUTU_US | [DB CHECKPOINT] FUTU_US @ 85600
2026-07-30 02:36:54.722 | INFO | FUTU_US | [FUTU_US] 账户: 总资产=$9,999,914.01 现金=$9,996,058.01 证券=$3,856.00 冻结=$0.00 购买力=$19,995,972.02 (USD)
2026-07-30 02:36:54.788 | INFO | FUTU_US | [DB CHECKPOINT] FUTU_US @ 85700
2026-07-30 02:36:55.261 | INFO | FUTU_US | [DB CHECKPOINT] FUTU_US @ 85800
2026-07-30 02:36:55.544 | INFO | FUTU_US | [DB CHECKPOINT] FUTU_US @ 85900
2026-07-30 02:36:55.770 | INFO | FUTU_US | [DB CHECKPOINT] FUTU_US @ 86000
2026-07-30 02:36:55.949 | INFO | FUTU_US | [DB CHECKPOINT] FUTU_US @ 86100
2026-07-30 02:36:56.125 | INFO | FUTU_US | [DB CHECKPOINT] FUTU_US @ 86200
2026-07-30 02:36:56.309 | INFO | FUTU_US | [DB CHECKPOINT] FUTU_US @ 86300
2026-07-30 02:36:56.585 | INFO | FUTU_US | [DB CHECKPOINT] FUTU_US @ 86400
2026-07-30 02:36:56.787 | INFO | FUTU_US | [DB CHECKPOINT] FUTU_US @ 86500
2026-07-30 02:36:56.972 | INFO | FUTU_US | [DB CHECKPOINT] FUTU_US @ 86600
2026-07-30 02:36:57.213 | INFO | FUTU_US | [DB CHECKPOINT] FUTU_US @ 86700
2026-07-30 02:36:57.451 | INFO | FUTU_US | [DB CHECKPOINT] FUTU_US @ 86800
2026-07-30 02:36:57.608 | INFO | FUTU_US | [DB CHECKPOINT] FUTU_US @ 86900
2026-07-30 02:36:57.845 | INFO | FUTU_US | [DB CHECKPOINT] FUTU_US @ 87000
2026-07-30 02:36:58.160 | INFO | FUTU_US | [DB CHECKPOINT] FUTU_US @ 87100
2026-07-30 02:36:58.400 | INFO | FUTU_US | [DB CHECKPOINT] FUTU_US @ 87200
2026-07-30 02:36:58.534 | INFO | FUTU_US | [DB CHECKPOINT] FUTU_US @ 87300
2026-07-30 02:36:58.701 | INFO | FUTU_US | [DB CHECKPOINT] FUTU_US @ 87400
2026-07-30 02:36:58.872 | INFO | FUTU_US | [DB CHECKPOINT] FUTU_US @ 87500
2026-07-30 02:36:58.994 | INFO | FUTU_US | [DB CHECKPOINT] FUTU_US @ 87600
2026-07-30 02:36:59.280 | INFO | FUTU_US | [DB CHECKPOINT] FUTU_US @ 87700
2026-07-30 02:36:59.518 | INFO | FUTU_US | [DB CHECKPOINT] FUTU_US @ 87800
2026-07-30 02:36:59.710 | INFO | FUTU_US | [DB CHECKPOINT] FUTU_US @ 87900
2026-07-30 02:36:59.729 | INFO | FUTU_HK | [FUTU_HK] 账户: 总资产=$823,936.69 现金=$635,296.69 证券=$188,640.00 冻结=$0.00 购买力=$635,296.69 (HKD)
2026-07-30 02:36:59.955 | INFO | FUTU_US | [DB CHECKPOINT] FUTU_US @ 88000
2026-07-30 02:37:00.214 | INFO | FUTU_US | [DB CHECKPOINT] FUTU_US @ 88100
2026-07-30 02:37:00.400 | INFO | FUTU_US | [DB CHECKPOINT] FUTU_US @ 88200
2026-07-30 02:37:00.673 | INFO | FUTU_US | [DB CHECKPOINT] FUTU_US @ 88300
2026-07-30 02:37:00.766 | INFO | FUTU_US | [FUTU_US] 账户: 总资产=$9,999,925.01 现金=$9,996,058.01 证券=$3,867.00 冻结=$0.00 购买力=$19,995,983.02 (USD)
2026-07-30 02:37:01.150 | INFO | FUTU_US | [DB CHECKPOINT] FUTU_US @ 88400
2026-07-30 02:37:04.751 | INFO | FUTU_US | [DB CHECKPOINT] FUTU_US @ 88500
2026-07-30 02:37:04.898 | INFO | FUTU_US | [DB CHECKPOINT] FUTU_US @ 88600
2026-07-30 02:37:04.948 | INFO | FUTU_US | [DB CHECKPOINT] FUTU_US @ 88700
2026-07-30 02:37:05.056 | INFO | FUTU_US | [DB CHECKPOINT] FUTU_US @ 88800
2026-07-30 02:37:05.146 | INFO | FUTU_US | [DB CHECKPOINT] FUTU_US @ 88900
2026-07-30 02:37:05.194 | INFO | FUTU_US | [DB CHECKPOINT] FUTU_US @ 89000
2026-07-30 02:37:05.322 | INFO | FUTU_US | [DB CHECKPOINT] FUTU_US @ 89100
2026-07-30 02:37:05.449 | INFO | FUTU_US | [DB CHECKPOINT] FUTU_US @ 89200
2026-07-30 02:37:05.566 | INFO | FUTU_US | [DB CHECKPOINT] FUTU_US @ 89300
